ISO-10303-21;
HEADER;
/* Generated by software containing ST-Developer
 * from STEP Tools, Inc. (www.steptools.com) 
 */
/* OPTION: using custom renumber hook */

FILE_DESCRIPTION(
/* description */ ('STEP AP242 Edition 2',
'CAx-IF Rec.Pracs.---Representation and Presentation of Product Manufa
cturing Information (PMI)---4.0---2014-10-13',
'CAx-IF Rec.Pracs.---3D Tessellated Geometry---0.4---2014-09-14','2;1',
'CAx-IF Rec.Pracs.---User Defined Attributes---1.5---2016-08-15'),
/* implementation_level */ '2;1');

FILE_NAME(
/* name */ '6a2e39f37fbd1312f954fbd2',
/* time_stamp */ '2026-06-14T05:19:48Z',
/* author */ (''),
/* organization */ (''),
/* preprocessor_version */ 'ST-DEVELOPER v20',
/* originating_system */ 'ONSHAPE BY PTC INC, 1.216',
/* authorisation */ '  ');

FILE_SCHEMA (('AP242_MANAGED_MODEL_BASED_3D_ENGINEERING_MIM_LF { 1 0 10303 442 3 1 4 }'));
ENDSEC;

DATA;
#10=(
BOUNDED_SURFACE()
B_SPLINE_SURFACE(3,2,((#9227,#9228,#9229),(#9230,#9231,#9232),(#9233,#9234,
#9235),(#9236,#9237,#9238),(#9239,#9240,#9241),(#9242,#9243,#9244),(#9245,
#9246,#9247),(#9248,#9249,#9250),(#9251,#9252,#9253),(#9254,#9255,#9256),
(#9257,#9258,#9259),(#9260,#9261,#9262),(#9263,#9264,#9265),(#9266,#9267,
#9268),(#9269,#9270,#9271)),.UNSPECIFIED.,.F.,.F.,.F.)
B_SPLINE_SURFACE_WITH_KNOTS((4,1,1,1,1,1,1,1,1,1,1,1,4),(3,3),(0.0179434314417644,
0.0204835761196739,0.0230237207975833,0.0255638654754928,0.0281040101534022,
0.0331842995092211,0.03826458886504,0.0433448782208588,0.0484251675766777,
0.0585857462883155,0.0687463249999532,0.078906903711591,0.0992280611348665),
(0.,1.),.UNSPECIFIED.)
GEOMETRIC_REPRESENTATION_ITEM()
RATIONAL_B_SPLINE_SURFACE(((1.,0.707106781186548,1.),(1.,0.707106781186548,
1.),(1.,0.707106781186564,1.),(1.,0.70710678118654,1.),(1.,0.707106781186561,
1.),(1.,0.70710678118654,1.),(1.,0.707106781186553,1.),(1.,0.707106781186544,
1.),(1.,0.707106781186548,1.),(1.,0.70710678118655,1.),(1.,0.707106781186544,
1.),(1.,0.707106781186549,1.),(1.,0.707106781186542,1.),(1.,0.707106781186548,
1.),(1.,0.707106781186548,1.)))
REPRESENTATION_ITEM('')
SURFACE()
);
#11=(
BOUNDED_SURFACE()
B_SPLINE_SURFACE(3,2,((#9276,#9277,#9278),(#9279,#9280,#9281),(#9282,#9283,
#9284),(#9285,#9286,#9287),(#9288,#9289,#9290),(#9291,#9292,#9293),(#9294,
#9295,#9296),(#9297,#9298,#9299),(#9300,#9301,#9302),(#9303,#9304,#9305),
(#9306,#9307,#9308),(#9309,#9310,#9311),(#9312,#9313,#9314),(#9315,#9316,
#9317)),.UNSPECIFIED.,.F.,.F.,.F.)
B_SPLINE_SURFACE_WITH_KNOTS((4,1,1,1,1,1,1,1,1,1,1,4),(3,3),(0.106356508198139,
0.126936076127015,0.137225860091453,0.147515644055892,0.15780542802033,
0.162950320002549,0.168095211984768,0.173240103966987,0.178384995949206,
0.183529887931425,0.186102333922534,0.188674779913644),(0.,1.),
 .UNSPECIFIED.)
GEOMETRIC_REPRESENTATION_ITEM()
RATIONAL_B_SPLINE_SURFACE(((1.,0.707106781186548,1.),(1.,0.707106781186548,
1.),(1.,0.707106781186549,1.),(1.,0.707106781186545,1.),(1.,0.707106781186551,
1.),(1.,0.707106781186545,1.),(1.,0.707106781186547,1.),(1.,0.707106781186549,
1.),(1.,0.707106781186547,1.),(1.,0.707106781186548,1.),(1.,0.707106781186544,
1.),(1.,0.70710678118655,1.),(1.,0.707106781186548,1.),(1.,0.707106781186548,
1.)))
REPRESENTATION_ITEM('')
SURFACE()
);
#12=(
BOUNDED_SURFACE()
B_SPLINE_SURFACE(3,2,((#9331,#9332,#9333),(#9334,#9335,#9336),(#9337,#9338,
#9339),(#9340,#9341,#9342),(#9343,#9344,#9345),(#9346,#9347,#9348),(#9349,
#9350,#9351),(#9352,#9353,#9354),(#9355,#9356,#9357),(#9358,#9359,#9360),
(#9361,#9362,#9363),(#9364,#9365,#9366),(#9367,#9368,#9369),(#9370,#9371,
#9372),(#9373,#9374,#9375),(#9376,#9377,#9378),(#9379,#9380,#9381),(#9382,
#9383,#9384),(#9385,#9386,#9387),(#9388,#9389,#9390)),.UNSPECIFIED.,.F.,
 .F.,.F.)
B_SPLINE_SURFACE_WITH_KNOTS((4,1,1,1,1,1,1,1,1,1,1,1,1,1,1,1,1,4),(3,3),
(0.00924362967739161,0.0160986588496192,0.0229536880218468,0.036663746366302,
0.0503738047107572,0.0640838630552124,0.0777939213996676,0.0846489505718952,
0.0915039797441228,0.0949314943302366,0.0983590089163504,0.101786523502464,
0.105214038088578,0.108641552674692,0.112069067260806,0.115496581846919,
0.117210339139976,0.118924096433033),(0.,1.),.UNSPECIFIED.)
GEOMETRIC_REPRESENTATION_ITEM()
RATIONAL_B_SPLINE_SURFACE(((1.,0.707106781186548,1.),(1.,0.707106781186548,
1.),(1.,0.707106781186552,1.),(1.,0.707106781186545,1.),(1.,0.707106781186549,
1.),(1.,0.707106781186543,1.),(1.,0.707106781186547,1.),(1.,0.707106781186552,
1.),(1.,0.707106781186547,1.),(1.,0.707106781186547,1.),(1.,0.707106781186548,
1.),(1.,0.707106781186547,1.),(1.,0.707106781186556,1.),(1.,0.707106781186546,
1.),(1.,0.707106781186543,1.),(1.,0.707106781186567,1.),(1.,0.707106781186529,
1.),(1.,0.707106781186551,1.),(1.,0.707106781186548,1.),(1.,0.707106781186548,
1.)))
REPRESENTATION_ITEM('')
SURFACE()
);
#13=(
BOUNDED_SURFACE()
B_SPLINE_SURFACE(3,2,((#9395,#9396,#9397),(#9398,#9399,#9400),(#9401,#9402,
#9403),(#9404,#9405,#9406),(#9407,#9408,#9409),(#9410,#9411,#9412),(#9413,
#9414,#9415),(#9416,#9417,#9418),(#9419,#9420,#9421),(#9422,#9423,#9424),
(#9425,#9426,#9427),(#9428,#9429,#9430),(#9431,#9432,#9433),(#9434,#9435,
#9436),(#9437,#9438,#9439),(#9440,#9441,#9442),(#9443,#9444,#9445),(#9446,
#9447,#9448),(#9449,#9450,#9451),(#9452,#9453,#9454)),.UNSPECIFIED.,.F.,
 .F.,.F.)
B_SPLINE_SURFACE_WITH_KNOTS((4,1,1,1,1,1,1,1,1,1,1,1,1,1,1,1,1,4),(3,3),
(0.00924362967739161,0.0160986588496192,0.0229536880218468,0.036663746366302,
0.0503738047107572,0.0640838630552124,0.0777939213996676,0.0846489505718952,
0.0915039797441228,0.0949314943302366,0.0983590089163504,0.101786523502464,
0.105214038088578,0.108641552674692,0.112069067260806,0.115496581846919,
0.117210339139976,0.118924096433033),(0.,1.),.UNSPECIFIED.)
GEOMETRIC_REPRESENTATION_ITEM()
RATIONAL_B_SPLINE_SURFACE(((1.,0.707106781186548,1.),(1.,0.707106781186548,
1.),(1.,0.707106781186552,1.),(1.,0.707106781186545,1.),(1.,0.707106781186549,
1.),(1.,0.707106781186543,1.),(1.,0.707106781186547,1.),(1.,0.707106781186552,
1.),(1.,0.707106781186547,1.),(1.,0.707106781186547,1.),(1.,0.707106781186548,
1.),(1.,0.707106781186547,1.),(1.,0.707106781186556,1.),(1.,0.707106781186546,
1.),(1.,0.707106781186543,1.),(1.,0.707106781186567,1.),(1.,0.707106781186529,
1.),(1.,0.707106781186551,1.),(1.,0.707106781186548,1.),(1.,0.707106781186548,
1.)))
REPRESENTATION_ITEM('')
SURFACE()
);
#14=TOROIDAL_SURFACE('',#5899,0.0015,0.0005);
#15=TOROIDAL_SURFACE('',#5910,0.0015,0.0005);
#16=B_SPLINE_CURVE_WITH_KNOTS('',4,(#7854,#7855,#7856,#7857,#7858),
 .UNSPECIFIED.,.F.,.F.,(5,5),(0.798217304893026,1.),
 .PIECEWISE_BEZIER_KNOTS.);
#17=B_SPLINE_CURVE_WITH_KNOTS('',4,(#7862,#7863,#7864,#7865,#7866),
 .UNSPECIFIED.,.F.,.F.,(5,5),(0.798217304893026,1.),
 .PIECEWISE_BEZIER_KNOTS.);
#18=B_SPLINE_CURVE_WITH_KNOTS('',3,(#8036,#8037,#8038,#8039),
 .UNSPECIFIED.,.F.,.F.,(4,4),(0.,1.),.PIECEWISE_BEZIER_KNOTS.);
#19=B_SPLINE_CURVE_WITH_KNOTS('',5,(#8051,#8052,#8053,#8054,#8055,#8056),
 .UNSPECIFIED.,.F.,.F.,(6,6),(0.,1.),.PIECEWISE_BEZIER_KNOTS.);
#20=B_SPLINE_CURVE_WITH_KNOTS('',3,(#8064,#8065,#8066,#8067),
 .UNSPECIFIED.,.F.,.F.,(4,4),(0.,1.),.PIECEWISE_BEZIER_KNOTS.);
#21=B_SPLINE_CURVE_WITH_KNOTS('',5,(#8072,#8073,#8074,#8075,#8076,#8077),
 .UNSPECIFIED.,.F.,.F.,(6,6),(0.,1.),.PIECEWISE_BEZIER_KNOTS.);
#22=B_SPLINE_CURVE_WITH_KNOTS('',3,(#8413,#8414,#8415,#8416,#8417,#8418,
#8419,#8420,#8421,#8422,#8423,#8424,#8425,#8426,#8427,#8428,#8429,#8430),
 .UNSPECIFIED.,.F.,.F.,(4,1,1,1,1,1,1,1,1,1,1,1,1,1,1,4),(0.,0.00672021333574571,
0.0134404266714914,0.0268808533429829,0.0403212800144743,0.0537617066859657,
0.0672021333574571,0.0739223466932029,0.0806425600289486,0.0873627733646943,
0.0907228800325671,0.09408298670044,0.0974430933683128,0.100803200036186,
0.104163306704059,0.107523413371931),.UNSPECIFIED.);
#23=B_SPLINE_CURVE_WITH_KNOTS('',3,(#8432,#8433,#8434,#8435,#8436,#8437,
#8438,#8439,#8440,#8441,#8442,#8443,#8444,#8445,#8446,#8447,#8448,#8449),
 .UNSPECIFIED.,.F.,.F.,(4,1,1,1,1,1,1,1,1,1,1,1,1,1,1,4),(0.,0.00338083967719937,
0.00676167935439873,0.0101425190315981,0.0135233587087975,0.0169041983859968,
0.0202850380631962,0.0270467174175949,0.0338083967719937,0.0405700761263924,
0.0540934348351899,0.0676167935439873,0.0811401522527848,0.0946635109615823,
0.101425190315981,0.10818686967038),.UNSPECIFIED.);
#24=B_SPLINE_CURVE_WITH_KNOTS('',4,(#8457,#8458,#8459,#8460,#8461),
 .UNSPECIFIED.,.F.,.F.,(5,5),(0.798217304893026,1.),
 .PIECEWISE_BEZIER_KNOTS.);
#25=B_SPLINE_CURVE_WITH_KNOTS('',3,(#8469,#8470,#8471,#8472,#8473,#8474,
#8475,#8476,#8477,#8478,#8479,#8480,#8481),.UNSPECIFIED.,.F.,.F.,(4,1,1,
1,1,1,1,1,1,1,4),(0.,0.0203377394627474,0.0406754789254949,0.0508443486568686,
0.0559287835225554,0.0610132183882423,0.0660976532539291,0.071182088119616,
0.0737243055524594,0.0762665229853028,0.0813509578509897),.UNSPECIFIED.);
#26=B_SPLINE_CURVE_WITH_KNOTS('',3,(#8483,#8484,#8485,#8486,#8487,#8488,
#8489,#8490,#8491,#8492,#8493,#8494,#8495,#8496),.UNSPECIFIED.,.F.,.F.,
(4,1,1,1,1,1,1,1,1,1,1,4),(0.,0.00260773173188144,0.00521546346376288,0.0104309269275258,
0.0130386586594072,0.0156463903912886,0.0208618538550515,0.0312927807825773,
0.0417237077101031,0.0521546346376288,0.0625855615651546,0.0834474154202061),
 .UNSPECIFIED.);
#27=B_SPLINE_CURVE_WITH_KNOTS('',4,(#8504,#8505,#8506,#8507,#8508),
 .UNSPECIFIED.,.F.,.F.,(5,5),(0.798217304893026,1.),
 .PIECEWISE_BEZIER_KNOTS.);
#28=B_SPLINE_CURVE_WITH_KNOTS('',4,(#8560,#8561,#8562,#8563,#8564),
 .UNSPECIFIED.,.F.,.F.,(5,5),(0.,0.769398903484037),
 .PIECEWISE_BEZIER_KNOTS.);
#29=B_SPLINE_CURVE_WITH_KNOTS('',4,(#8566,#8567,#8568,#8569,#8570),
 .UNSPECIFIED.,.F.,.F.,(5,5),(0.,0.769398903484037),
 .PIECEWISE_BEZIER_KNOTS.);
#30=B_SPLINE_CURVE_WITH_KNOTS('',3,(#8597,#8598,#8599,#8600,#8601,#8602,
#8603,#8604,#8605,#8606,#8607,#8608,#8609,#8610,#8611,#8612,#8613,#8614,
#8615),.UNSPECIFIED.,.F.,.F.,(4,3,1,1,1,1,1,1,1,1,1,3,4),(-0.0161114047064229,
0.,0.0625,0.125,0.1875,0.25,0.375,0.5,0.625,0.75,0.875,1.,1.04161477974618),
 .UNSPECIFIED.);
#31=B_SPLINE_CURVE_WITH_KNOTS('',4,(#8619,#8620,#8621,#8622,#8623),
 .UNSPECIFIED.,.F.,.F.,(5,5),(0.798217304893026,1.),
 .PIECEWISE_BEZIER_KNOTS.);
#32=B_SPLINE_CURVE_WITH_KNOTS('',4,(#8640,#8641,#8642,#8643,#8644),
 .UNSPECIFIED.,.F.,.F.,(5,5),(0.798217304893026,1.),
 .PIECEWISE_BEZIER_KNOTS.);
#33=B_SPLINE_CURVE_WITH_KNOTS('',3,(#8648,#8649,#8650,#8651,#8652,#8653,
#8654,#8655,#8656,#8657,#8658,#8659,#8660,#8661,#8662,#8663,#8664,#8665,
#8666),.UNSPECIFIED.,.F.,.F.,(4,3,1,1,1,1,1,1,1,1,1,3,4),(-0.0161114047064229,
0.,0.0625,0.125,0.1875,0.25,0.375,0.5,0.625,0.75,0.875,1.,1.04161477974618),
 .UNSPECIFIED.);
#34=B_SPLINE_CURVE_WITH_KNOTS('',3,(#8810,#8811,#8812,#8813,#8814,#8815,
#8816,#8817,#8818,#8819,#8820,#8821,#8822,#8823,#8824,#8825,#8826,#8827,
#8828),.UNSPECIFIED.,.F.,.F.,(4,3,1,1,1,1,1,1,1,1,1,3,4),(-0.0161114047064229,
0.,0.0625,0.125,0.1875,0.25,0.375,0.5,0.625,0.75,0.875,1.,1.04161477974618),
 .UNSPECIFIED.);
#35=B_SPLINE_CURVE_WITH_KNOTS('',3,(#8834,#8835,#8836,#8837,#8838,#8839,
#8840,#8841,#8842,#8843,#8844,#8845,#8846,#8847,#8848,#8849,#8850,#8851),
 .UNSPECIFIED.,.F.,.F.,(4,1,1,1,1,1,1,1,1,1,1,1,1,1,1,4),(2.09800309813542E-17,
0.00341969837073778,0.00683939674147553,0.0102590951122133,0.013678793482951,
0.0170984918536888,0.0205181902244266,0.0273575869659021,0.0341969837073776,
0.0410363804488531,0.0547151739318041,0.0683939674147551,0.0820727608977062,
0.0957515543806572,0.102590951122133,0.109430347863608),.UNSPECIFIED.);
#36=B_SPLINE_CURVE_WITH_KNOTS('',3,(#8852,#8853,#8854,#8855,#8856,#8857,
#8858,#8859,#8860,#8861,#8862,#8863,#8864,#8865,#8866,#8867,#8868,#8869,
#8870),.UNSPECIFIED.,.F.,.F.,(4,3,1,1,1,1,1,1,1,1,1,3,4),(-0.0161114047064229,
0.,0.0625,0.125,0.1875,0.25,0.375,0.5,0.625,0.75,0.875,1.,1.04161477974618),
 .UNSPECIFIED.);
#37=B_SPLINE_CURVE_WITH_KNOTS('',3,(#8908,#8909,#8910,#8911,#8912,#8913,
#8914,#8915,#8916,#8917,#8918,#8919,#8920,#8921,#8922,#8923,#8924,#8925,
#8926),.UNSPECIFIED.,.F.,.F.,(4,3,1,1,1,1,1,1,1,1,1,3,4),(-0.0161114047064229,
0.,0.0625,0.125,0.1875,0.25,0.375,0.5,0.625,0.75,0.875,1.,1.04161477974618),
 .UNSPECIFIED.);
#38=B_SPLINE_CURVE_WITH_KNOTS('',3,(#8931,#8932,#8933,#8934,#8935,#8936,
#8937,#8938,#8939,#8940,#8941,#8942,#8943,#8944,#8945,#8946,#8947,#8948),
 .UNSPECIFIED.,.F.,.F.,(4,1,1,1,1,1,1,1,1,1,1,1,1,1,1,4),(0.,0.00680165558117024,
0.0136033111623405,0.027206622324681,0.0408099334870214,0.0544132446493619,
0.0680165558117024,0.0748182113928726,0.0816198669740429,0.0884215225552131,
0.0918223503457982,0.0952231781363833,0.0986240059269685,0.102024833717554,
0.105425661508139,0.108826489298724),.UNSPECIFIED.);
#39=B_SPLINE_CURVE_WITH_KNOTS('',3,(#8949,#8950,#8951,#8952,#8953,#8954,
#8955,#8956,#8957,#8958,#8959,#8960,#8961,#8962,#8963,#8964,#8965,#8966,
#8967),.UNSPECIFIED.,.F.,.F.,(4,3,1,1,1,1,1,1,1,1,1,3,4),(-0.0161114047064229,
0.,0.0625,0.125,0.1875,0.25,0.375,0.5,0.625,0.75,0.875,1.,1.04161477974618),
 .UNSPECIFIED.);
#40=B_SPLINE_CURVE_WITH_KNOTS('',4,(#8982,#8983,#8984,#8985,#8986),
 .UNSPECIFIED.,.F.,.F.,(5,5),(0.798217304893026,1.),
 .PIECEWISE_BEZIER_KNOTS.);
#41=B_SPLINE_CURVE_WITH_KNOTS('',3,(#9031,#9032,#9033,#9034,#9035,#9036,
#9037,#9038,#9039,#9040,#9041,#9042),.UNSPECIFIED.,.F.,.F.,(4,1,1,1,1,1,
1,1,1,4),(-6.00000000456532E-8,0.00502834318174581,0.0100567463634917,0.0150851495452375,
0.0201135527269834,0.0251419559087292,0.0301703590904751,0.0402271654539668,
0.0603407781809502,0.0804543909079336),.UNSPECIFIED.);
#42=B_SPLINE_CURVE_WITH_KNOTS('',3,(#9053,#9054,#9055,#9056,#9057,#9058,
#9059,#9060,#9061,#9062,#9063,#9064),.UNSPECIFIED.,.F.,.F.,(4,1,1,1,1,1,
1,1,1,4),(0.,0.0199989980550844,0.0299984970826267,0.0399979961101689,0.0499974951377111,
0.0599969941652533,0.0649967436790244,0.0699964931927956,0.0749962427065667,
0.0799959922203378),.UNSPECIFIED.);
#43=B_SPLINE_CURVE_WITH_KNOTS('',4,(#9080,#9081,#9082,#9083,#9084),
 .UNSPECIFIED.,.F.,.F.,(5,5),(0.798217304893026,1.),
 .PIECEWISE_BEZIER_KNOTS.);
#44=B_SPLINE_CURVE_WITH_KNOTS('',3,(#9222,#9223,#9224,#9225,#9226),
 .UNSPECIFIED.,.F.,.F.,(4,1,4),(0.,0.000489171511566916,0.000978343023133831),
 .UNSPECIFIED.);
#45=B_SPLINE_CURVE_WITH_KNOTS('',3,(#9272,#9273,#9274,#9275),
 .UNSPECIFIED.,.F.,.F.,(4,4),(0.,0.000826654381736924),.UNSPECIFIED.);
#46=B_SPLINE_CURVE_WITH_KNOTS('',3,(#9318,#9319,#9320,#9321,#9322),
 .UNSPECIFIED.,.F.,.F.,(4,1,4),(0.,0.000489171511566488,0.000978343023132976),
 .UNSPECIFIED.);
#47=B_SPLINE_CURVE_WITH_KNOTS('',3,(#9326,#9327,#9328,#9329,#9330),
 .UNSPECIFIED.,.F.,.F.,(4,1,4),(0.,0.000479073380526001,0.000958146761052002),
 .UNSPECIFIED.);
#48=B_SPLINE_CURVE_WITH_KNOTS('',3,(#9391,#9392,#9393,#9394),
 .UNSPECIFIED.,.F.,.F.,(4,4),(0.,0.000826654381736933),.UNSPECIFIED.);
#49=B_SPLINE_CURVE_WITH_KNOTS('',3,(#9455,#9456,#9457,#9458,#9459),
 .UNSPECIFIED.,.F.,.F.,(4,1,4),(0.,0.000479073380526001,0.000958146761052002),
 .UNSPECIFIED.);
#50=B_SPLINE_CURVE_WITH_KNOTS('',4,(#9591,#9592,#9593,#9594,#9595),
 .UNSPECIFIED.,.F.,.F.,(5,5),(0.798217304893026,1.),
 .PIECEWISE_BEZIER_KNOTS.);
#51=B_SPLINE_CURVE_WITH_KNOTS('',4,(#9599,#9600,#9601,#9602,#9603),
 .UNSPECIFIED.,.F.,.F.,(5,5),(0.798217304893026,1.),
 .PIECEWISE_BEZIER_KNOTS.);
#52=B_SPLINE_SURFACE_WITH_KNOTS('',3,1,((#7846,#7847),(#7848,#7849),(#7850,
#7851),(#7852,#7853)),.SURF_OF_LINEAR_EXTRUSION.,.F.,.F.,.F.,(4,4),(2,2),
(0.798217304893026,1.),(0.,1.),.PIECEWISE_BEZIER_KNOTS.);
#53=B_SPLINE_SURFACE_WITH_KNOTS('',3,1,((#8131,#8132),(#8133,#8134),(#8135,
#8136),(#8137,#8138),(#8139,#8140),(#8141,#8142),(#8143,#8144)),
 .SURF_OF_LINEAR_EXTRUSION.,.F.,.F.,.F.,(4,1,1,1,4),(2,2),(0.,0.25,0.5,
0.75,1.),(0.,1.),.UNSPECIFIED.);
#54=B_SPLINE_SURFACE_WITH_KNOTS('',3,1,((#8145,#8146),(#8147,#8148),(#8149,
#8150),(#8151,#8152)),.SURF_OF_LINEAR_EXTRUSION.,.F.,.F.,.F.,(4,4),(2,2),
(0.,1.),(0.,1.),.PIECEWISE_BEZIER_KNOTS.);
#55=B_SPLINE_SURFACE_WITH_KNOTS('',3,1,((#8774,#8775),(#8776,#8777),(#8778,
#8779),(#8780,#8781),(#8782,#8783),(#8784,#8785),(#8786,#8787),(#8788,#8789),
(#8790,#8791),(#8792,#8793),(#8794,#8795),(#8796,#8797),(#8798,#8799),(#8800,
#8801),(#8802,#8803),(#8804,#8805),(#8806,#8807)),
 .SURF_OF_LINEAR_EXTRUSION.,.F.,.F.,.F.,(4,1,1,1,1,1,1,1,1,1,1,1,1,1,4),
(2,2),(-0.0161114047064229,0.0169425385577209,0.0499964818218647,0.0830504250860085,
0.116104368350152,0.18221225487844,0.248320141406727,0.380535914463303,
0.512751687519878,0.644967460576453,0.777183233633028,0.843291120161315,
0.909399006689603,0.975506893217891,1.04161477974618),(0.,1.),
 .UNSPECIFIED.);
#56=B_SPLINE_SURFACE_WITH_KNOTS('',3,1,((#8874,#8875),(#8876,#8877),(#8878,
#8879),(#8880,#8881),(#8882,#8883),(#8884,#8885),(#8886,#8887),(#8888,#8889),
(#8890,#8891),(#8892,#8893),(#8894,#8895),(#8896,#8897),(#8898,#8899),(#8900,
#8901),(#8902,#8903),(#8904,#8905),(#8906,#8907)),
 .SURF_OF_LINEAR_EXTRUSION.,.F.,.F.,.F.,(4,1,1,1,1,1,1,1,1,1,1,1,1,1,4),
(2,2),(-0.0161114047064231,0.0169425385577207,0.0499964818218645,0.0830504250860083,
0.116104368350152,0.18221225487844,0.248320141406727,0.380535914463302,
0.512751687519878,0.644967460576453,0.777183233633028,0.843291120161315,
0.909399006689603,0.975506893217891,1.04161477974618),(0.,1.),
 .UNSPECIFIED.);
#57=B_SPLINE_SURFACE_WITH_KNOTS('',3,1,((#8972,#8973),(#8974,#8975),(#8976,
#8977),(#8978,#8979)),.SURF_OF_LINEAR_EXTRUSION.,.F.,.F.,.F.,(4,4),(2,2),
(0.798217304893026,1.),(0.,1.),.PIECEWISE_BEZIER_KNOTS.);
#58=B_SPLINE_SURFACE_WITH_KNOTS('',3,1,((#9019,#9020),(#9021,#9022),(#9023,
#9024),(#9025,#9026),(#9027,#9028)),.SURF_OF_LINEAR_EXTRUSION.,.F.,.F.,
 .F.,(4,1,4),(2,2),(0.,0.384699451742019,0.769398903484037),(0.,1.),
 .UNSPECIFIED.);
#59=B_SPLINE_SURFACE_WITH_KNOTS('',3,1,((#9043,#9044),(#9045,#9046),(#9047,
#9048),(#9049,#9050),(#9051,#9052)),.SURF_OF_LINEAR_EXTRUSION.,.F.,.F.,
 .F.,(4,1,4),(2,2),(0.,0.384699451742019,0.769398903484037),(0.,1.),
 .UNSPECIFIED.);
#60=B_SPLINE_SURFACE_WITH_KNOTS('',3,1,((#9072,#9073),(#9074,#9075),(#9076,
#9077),(#9078,#9079)),.SURF_OF_LINEAR_EXTRUSION.,.F.,.F.,.F.,(4,4),(2,2),
(0.798217304893026,1.),(0.,1.),.PIECEWISE_BEZIER_KNOTS.);
#61=B_SPLINE_SURFACE_WITH_KNOTS('',3,1,((#9583,#9584),(#9585,#9586),(#9587,
#9588),(#9589,#9590)),.SURF_OF_LINEAR_EXTRUSION.,.F.,.F.,.F.,(4,4),(2,2),
(0.798217304893026,1.),(0.,1.),.PIECEWISE_BEZIER_KNOTS.);
#62=CONTEXT_DEPENDENT_SHAPE_REPRESENTATION(#74,#9636);
#63=CONTEXT_DEPENDENT_SHAPE_REPRESENTATION(#75,#9638);
#64=CONTEXT_DEPENDENT_SHAPE_REPRESENTATION(#76,#9640);
#65=CONTEXT_DEPENDENT_SHAPE_REPRESENTATION(#77,#9642);
#66=CONTEXT_DEPENDENT_SHAPE_REPRESENTATION(#78,#9644);
#67=CONTEXT_DEPENDENT_SHAPE_REPRESENTATION(#79,#9646);
#68=NEXT_ASSEMBLY_USAGE_OCCURRENCE('NAUO1','Part 1','Part 1',#9647,#9648,
'');
#69=NEXT_ASSEMBLY_USAGE_OCCURRENCE('NAUO2','Part 2','Part 2',#9647,#9649,
'');
#70=NEXT_ASSEMBLY_USAGE_OCCURRENCE('NAUO3','Part 1','Part 1',#9647,#9650,
'');
#71=NEXT_ASSEMBLY_USAGE_OCCURRENCE('NAUO4','Part 1','Part 1',#9647,#9651,
'');
#72=NEXT_ASSEMBLY_USAGE_OCCURRENCE('NAUO5','Part 1','Part 1',#9647,#9652,
'');
#73=NEXT_ASSEMBLY_USAGE_OCCURRENCE('NAUO6','Part 3','Part 3',#9647,#9653,
'');
#74=(
REPRESENTATION_RELATIONSHIP(' ',' ',#5551,#5550)
REPRESENTATION_RELATIONSHIP_WITH_TRANSFORMATION(#80)
SHAPE_REPRESENTATION_RELATIONSHIP()
);
#75=(
REPRESENTATION_RELATIONSHIP(' ',' ',#5552,#5550)
REPRESENTATION_RELATIONSHIP_WITH_TRANSFORMATION(#81)
SHAPE_REPRESENTATION_RELATIONSHIP()
);
#76=(
REPRESENTATION_RELATIONSHIP(' ',' ',#5553,#5550)
REPRESENTATION_RELATIONSHIP_WITH_TRANSFORMATION(#82)
SHAPE_REPRESENTATION_RELATIONSHIP()
);
#77=(
REPRESENTATION_RELATIONSHIP(' ',' ',#5554,#5550)
REPRESENTATION_RELATIONSHIP_WITH_TRANSFORMATION(#83)
SHAPE_REPRESENTATION_RELATIONSHIP()
);
#78=(
REPRESENTATION_RELATIONSHIP(' ',' ',#5555,#5550)
REPRESENTATION_RELATIONSHIP_WITH_TRANSFORMATION(#84)
SHAPE_REPRESENTATION_RELATIONSHIP()
);
#79=(
REPRESENTATION_RELATIONSHIP(' ',' ',#5556,#5550)
REPRESENTATION_RELATIONSHIP_WITH_TRANSFORMATION(#85)
SHAPE_REPRESENTATION_RELATIONSHIP()
);
#80=ITEM_DEFINED_TRANSFORMATION(' ',' ',#5557,#5695);
#81=ITEM_DEFINED_TRANSFORMATION(' ',' ',#5557,#5709);
#82=ITEM_DEFINED_TRANSFORMATION(' ',' ',#5557,#5819);
#83=ITEM_DEFINED_TRANSFORMATION(' ',' ',#5557,#5929);
#84=ITEM_DEFINED_TRANSFORMATION(' ',' ',#5557,#5946);
#85=ITEM_DEFINED_TRANSFORMATION(' ',' ',#5557,#5960);
#86=SHAPE_REPRESENTATION_RELATIONSHIP('','',#5551,#92);
#87=SHAPE_REPRESENTATION_RELATIONSHIP('','',#5552,#93);
#88=SHAPE_REPRESENTATION_RELATIONSHIP('','',#5553,#94);
#89=SHAPE_REPRESENTATION_RELATIONSHIP('','',#5554,#95);
#90=SHAPE_REPRESENTATION_RELATIONSHIP('','',#5555,#96);
#91=SHAPE_REPRESENTATION_RELATIONSHIP('','',#5556,#97);
#92=ADVANCED_BREP_SHAPE_REPRESENTATION('',(#5537),#9618);
#93=ADVANCED_BREP_SHAPE_REPRESENTATION('',(#5538),#9619);
#94=ADVANCED_BREP_SHAPE_REPRESENTATION('',(#5539),#9620);
#95=ADVANCED_BREP_SHAPE_REPRESENTATION('',(#5540),#9621);
#96=ADVANCED_BREP_SHAPE_REPRESENTATION('',(#5541),#9622);
#97=ADVANCED_BREP_SHAPE_REPRESENTATION('',(#5542),#9623);
#98=ELLIPSE('',#5655,0.000707106781186548,0.0005);
#99=ELLIPSE('',#5657,0.000707106781186548,0.0005);
#100=ELLIPSE('',#5829,0.0311277545846352,0.00264981080462163);
#101=ELLIPSE('',#5830,0.0311277545847328,0.00264981080463875);
#102=ELLIPSE('',#5868,0.000514,0.0005);
#103=ELLIPSE('',#5870,0.000513932488769065,0.0005);
#104=ELLIPSE('',#5873,0.000513932488769065,0.0005);
#105=ELLIPSE('',#5875,0.000514,0.0005);
#106=ELLIPSE('',#5878,0.000513333333333333,0.0005);
#107=ELLIPSE('',#5880,0.000513253623333413,0.0005);
#108=ELLIPSE('',#5883,0.000513333333333333,0.0005);
#109=ELLIPSE('',#5885,0.000513253623333413,0.0005);
#110=ELLIPSE('',#5903,0.000707106781186548,0.0005);
#111=ELLIPSE('',#5921,0.000707106781186548,0.0005);
#112=SPHERICAL_SURFACE('',#5632,0.0005);
#113=SPHERICAL_SURFACE('',#5643,0.0005);
#114=SPHERICAL_SURFACE('',#5645,0.0005);
#115=SPHERICAL_SURFACE('',#5651,0.0005);
#116=SPHERICAL_SURFACE('',#5912,0.0005);
#117=SPHERICAL_SURFACE('',#5918,0.0005);
#118=CYLINDRICAL_SURFACE('',#5577,0.00299999999999996);
#119=CYLINDRICAL_SURFACE('',#5579,0.00299999999999996);
#120=CYLINDRICAL_SURFACE('',#5581,0.00299999999999996);
#121=CYLINDRICAL_SURFACE('',#5583,0.00299999999999996);
#122=CYLINDRICAL_SURFACE('',#5585,0.00299999999999996);
#123=CYLINDRICAL_SURFACE('',#5587,0.00299999999999996);
#124=CYLINDRICAL_SURFACE('',#5589,0.00299999999999996);
#125=CYLINDRICAL_SURFACE('',#5591,0.00299999999999996);
#126=CYLINDRICAL_SURFACE('',#5593,0.00299999999999996);
#127=CYLINDRICAL_SURFACE('',#5595,0.00299999999999996);
#128=CYLINDRICAL_SURFACE('',#5597,0.00299999999999996);
#129=CYLINDRICAL_SURFACE('',#5599,0.00299999999999996);
#130=CYLINDRICAL_SURFACE('',#5601,0.00299999999999996);
#131=CYLINDRICAL_SURFACE('',#5603,0.00299999999999996);
#132=CYLINDRICAL_SURFACE('',#5605,0.00299999999999996);
#133=CYLINDRICAL_SURFACE('',#5607,0.00299999999999996);
#134=CYLINDRICAL_SURFACE('',#5609,0.00299999999999996);
#135=CYLINDRICAL_SURFACE('',#5611,0.00299999999999996);
#136=CYLINDRICAL_SURFACE('',#5630,0.0005);
#137=CYLINDRICAL_SURFACE('',#5635,0.0005);
#138=CYLINDRICAL_SURFACE('',#5637,0.0005);
#139=CYLINDRICAL_SURFACE('',#5639,0.0005);
#140=CYLINDRICAL_SURFACE('',#5641,0.0005);
#141=CYLINDRICAL_SURFACE('',#5647,0.0005);
#142=CYLINDRICAL_SURFACE('',#5649,0.0005);
#143=CYLINDRICAL_SURFACE('',#5653,0.0005);
#144=CYLINDRICAL_SURFACE('',#5654,0.0005);
#145=CYLINDRICAL_SURFACE('',#5656,0.0005);
#146=CYLINDRICAL_SURFACE('',#5658,0.0005);
#147=CYLINDRICAL_SURFACE('',#5710,0.00375);
#148=CYLINDRICAL_SURFACE('',#5713,0.00375);
#149=CYLINDRICAL_SURFACE('',#5716,0.00375);
#150=CYLINDRICAL_SURFACE('',#5719,0.00375);
#151=CYLINDRICAL_SURFACE('',#5722,0.00375);
#152=CYLINDRICAL_SURFACE('',#5725,0.00375);
#153=CYLINDRICAL_SURFACE('',#5728,0.00375);
#154=CYLINDRICAL_SURFACE('',#5731,0.00375);
#155=CYLINDRICAL_SURFACE('',#5734,0.00375);
#156=CYLINDRICAL_SURFACE('',#5744,0.01);
#157=CYLINDRICAL_SURFACE('',#5755,0.008);
#158=CYLINDRICAL_SURFACE('',#5758,0.00222433992458499);
#159=CYLINDRICAL_SURFACE('',#5760,0.00100963949061291);
#160=CYLINDRICAL_SURFACE('',#5838,0.002);
#161=CYLINDRICAL_SURFACE('',#5842,0.002);
#162=CYLINDRICAL_SURFACE('',#5849,0.005);
#163=CYLINDRICAL_SURFACE('',#5902,0.0005);
#164=CYLINDRICAL_SURFACE('',#5904,0.0005);
#165=CYLINDRICAL_SURFACE('',#5906,0.0005);
#166=CYLINDRICAL_SURFACE('',#5908,0.0005);
#167=CYLINDRICAL_SURFACE('',#5914,0.0005);
#168=CYLINDRICAL_SURFACE('',#5916,0.0005);
#169=CYLINDRICAL_SURFACE('',#5920,0.0005);
#170=CYLINDRICAL_SURFACE('',#5922,0.0005);
#171=CYLINDRICAL_SURFACE('',#5923,0.0005);
#172=CYLINDRICAL_SURFACE('',#5924,0.0005);
#173=CYLINDRICAL_SURFACE('',#5925,0.0005);
#174=CYLINDRICAL_SURFACE('',#5926,0.0005);
#175=CYLINDRICAL_SURFACE('',#5927,0.0005);
#176=CYLINDRICAL_SURFACE('',#5928,0.0005);
#177=CYLINDRICAL_SURFACE('',#5937,0.002);
#178=CYLINDRICAL_SURFACE('',#5941,0.006);
#179=CIRCLE('',#5559,0.003);
#180=CIRCLE('',#5560,0.003);
#181=CIRCLE('',#5561,0.003);
#182=CIRCLE('',#5562,0.003);
#183=CIRCLE('',#5563,0.003);
#184=CIRCLE('',#5564,0.003);
#185=CIRCLE('',#5565,0.003);
#186=CIRCLE('',#5566,0.003);
#187=CIRCLE('',#5567,0.003);
#188=CIRCLE('',#5568,0.003);
#189=CIRCLE('',#5569,0.003);
#190=CIRCLE('',#5570,0.003);
#191=CIRCLE('',#5571,0.003);
#192=CIRCLE('',#5572,0.003);
#193=CIRCLE('',#5573,0.003);
#194=CIRCLE('',#5574,0.003);
#195=CIRCLE('',#5575,0.003);
#196=CIRCLE('',#5576,0.003);
#197=CIRCLE('',#5578,0.003);
#198=CIRCLE('',#5580,0.003);
#199=CIRCLE('',#5582,0.003);
#200=CIRCLE('',#5584,0.003);
#201=CIRCLE('',#5586,0.003);
#202=CIRCLE('',#5588,0.003);
#203=CIRCLE('',#5590,0.003);
#204=CIRCLE('',#5592,0.003);
#205=CIRCLE('',#5594,0.003);
#206=CIRCLE('',#5596,0.003);
#207=CIRCLE('',#5598,0.003);
#208=CIRCLE('',#5600,0.003);
#209=CIRCLE('',#5602,0.003);
#210=CIRCLE('',#5604,0.003);
#211=CIRCLE('',#5606,0.003);
#212=CIRCLE('',#5608,0.003);
#213=CIRCLE('',#5610,0.003);
#214=CIRCLE('',#5612,0.003);
#215=CIRCLE('',#5619,0.0005);
#216=CIRCLE('',#5620,0.0005);
#217=CIRCLE('',#5621,0.0005);
#218=CIRCLE('',#5622,0.0005);
#219=CIRCLE('',#5627,0.0005);
#220=CIRCLE('',#5628,0.0005);
#221=CIRCLE('',#5631,0.0005);
#222=CIRCLE('',#5633,0.0005);
#223=CIRCLE('',#5634,0.0005);
#224=CIRCLE('',#5636,0.0005);
#225=CIRCLE('',#5638,0.0005);
#226=CIRCLE('',#5640,0.0005);
#227=CIRCLE('',#5642,0.0005);
#228=CIRCLE('',#5644,0.0005);
#229=CIRCLE('',#5646,0.0005);
#230=CIRCLE('',#5648,0.0005);
#231=CIRCLE('',#5650,0.0005);
#232=CIRCLE('',#5652,0.0005);
#233=CIRCLE('',#5711,0.00375);
#234=CIRCLE('',#5712,0.00375);
#235=CIRCLE('',#5714,0.00375);
#236=CIRCLE('',#5715,0.00375);
#237=CIRCLE('',#5717,0.00375);
#238=CIRCLE('',#5718,0.00375);
#239=CIRCLE('',#5720,0.00375);
#240=CIRCLE('',#5721,0.00375);
#241=CIRCLE('',#5723,0.00375);
#242=CIRCLE('',#5724,0.00375);
#243=CIRCLE('',#5726,0.00375);
#244=CIRCLE('',#5727,0.00375);
#245=CIRCLE('',#5729,0.00375);
#246=CIRCLE('',#5730,0.00375);
#247=CIRCLE('',#5732,0.00375);
#248=CIRCLE('',#5733,0.00375);
#249=CIRCLE('',#5735,0.00375);
#250=CIRCLE('',#5736,0.00375);
#251=CIRCLE('',#5738,0.008);
#252=CIRCLE('',#5745,0.01);
#253=CIRCLE('',#5746,0.01);
#254=CIRCLE('',#5747,0.01);
#255=CIRCLE('',#5748,0.01);
#256=CIRCLE('',#5749,0.01);
#257=CIRCLE('',#5753,0.00222433992458499);
#258=CIRCLE('',#5754,0.00100963949061291);
#259=CIRCLE('',#5756,0.008);
#260=CIRCLE('',#5759,0.00222433992458499);
#261=CIRCLE('',#5761,0.00100963949061291);
#262=CIRCLE('',#5831,0.005);
#263=CIRCLE('',#5837,0.0005);
#264=CIRCLE('',#5839,0.002);
#265=CIRCLE('',#5840,0.002);
#266=CIRCLE('',#5843,0.002);
#267=CIRCLE('',#5844,0.002);
#268=CIRCLE('',#5846,0.0005);
#269=CIRCLE('',#5850,0.005);
#270=CIRCLE('',#5865,0.0015);
#271=CIRCLE('',#5866,0.0015);
#272=CIRCLE('',#5900,0.0005);
#273=CIRCLE('',#5901,0.0005);
#274=CIRCLE('',#5905,0.0005);
#275=CIRCLE('',#5907,0.0005);
#276=CIRCLE('',#5909,0.0005);
#277=CIRCLE('',#5911,0.0005);
#278=CIRCLE('',#5913,0.0005);
#279=CIRCLE('',#5915,0.0005);
#280=CIRCLE('',#5917,0.0005);
#281=CIRCLE('',#5919,0.0005);
#282=CIRCLE('',#5938,0.002);
#283=CIRCLE('',#5939,0.002);
#284=CIRCLE('',#5942,0.006);
#285=CIRCLE('',#5943,0.006);
#286=ORIENTED_EDGE('',*,*,#1844,.F.);
#287=ORIENTED_EDGE('',*,*,#1845,.T.);
#288=ORIENTED_EDGE('',*,*,#1846,.T.);
#289=ORIENTED_EDGE('',*,*,#1847,.T.);
#290=ORIENTED_EDGE('',*,*,#1848,.T.);
#291=ORIENTED_EDGE('',*,*,#1849,.T.);
#292=ORIENTED_EDGE('',*,*,#1850,.T.);
#293=ORIENTED_EDGE('',*,*,#1851,.T.);
#294=ORIENTED_EDGE('',*,*,#1852,.T.);
#295=ORIENTED_EDGE('',*,*,#1853,.T.);
#296=ORIENTED_EDGE('',*,*,#1854,.T.);
#297=ORIENTED_EDGE('',*,*,#1855,.T.);
#298=ORIENTED_EDGE('',*,*,#1856,.T.);
#299=ORIENTED_EDGE('',*,*,#1857,.T.);
#300=ORIENTED_EDGE('',*,*,#1858,.T.);
#301=ORIENTED_EDGE('',*,*,#1859,.T.);
#302=ORIENTED_EDGE('',*,*,#1860,.T.);
#303=ORIENTED_EDGE('',*,*,#1861,.T.);
#304=ORIENTED_EDGE('',*,*,#1862,.T.);
#305=ORIENTED_EDGE('',*,*,#1863,.T.);
#306=ORIENTED_EDGE('',*,*,#1864,.T.);
#307=ORIENTED_EDGE('',*,*,#1865,.T.);
#308=ORIENTED_EDGE('',*,*,#1866,.T.);
#309=ORIENTED_EDGE('',*,*,#1867,.T.);
#310=ORIENTED_EDGE('',*,*,#1868,.T.);
#311=ORIENTED_EDGE('',*,*,#1869,.T.);
#312=ORIENTED_EDGE('',*,*,#1870,.T.);
#313=ORIENTED_EDGE('',*,*,#1871,.T.);
#314=ORIENTED_EDGE('',*,*,#1872,.T.);
#315=ORIENTED_EDGE('',*,*,#1873,.T.);
#316=ORIENTED_EDGE('',*,*,#1874,.T.);
#317=ORIENTED_EDGE('',*,*,#1875,.T.);
#318=ORIENTED_EDGE('',*,*,#1876,.T.);
#319=ORIENTED_EDGE('',*,*,#1877,.T.);
#320=ORIENTED_EDGE('',*,*,#1878,.T.);
#321=ORIENTED_EDGE('',*,*,#1879,.T.);
#322=ORIENTED_EDGE('',*,*,#1880,.T.);
#323=ORIENTED_EDGE('',*,*,#1881,.T.);
#324=ORIENTED_EDGE('',*,*,#1882,.T.);
#325=ORIENTED_EDGE('',*,*,#1883,.T.);
#326=ORIENTED_EDGE('',*,*,#1884,.T.);
#327=ORIENTED_EDGE('',*,*,#1885,.T.);
#328=ORIENTED_EDGE('',*,*,#1886,.T.);
#329=ORIENTED_EDGE('',*,*,#1887,.T.);
#330=ORIENTED_EDGE('',*,*,#1888,.T.);
#331=ORIENTED_EDGE('',*,*,#1889,.T.);
#332=ORIENTED_EDGE('',*,*,#1890,.T.);
#333=ORIENTED_EDGE('',*,*,#1891,.T.);
#334=ORIENTED_EDGE('',*,*,#1892,.T.);
#335=ORIENTED_EDGE('',*,*,#1893,.T.);
#336=ORIENTED_EDGE('',*,*,#1894,.T.);
#337=ORIENTED_EDGE('',*,*,#1895,.T.);
#338=ORIENTED_EDGE('',*,*,#1896,.T.);
#339=ORIENTED_EDGE('',*,*,#1897,.T.);
#340=ORIENTED_EDGE('',*,*,#1898,.T.);
#341=ORIENTED_EDGE('',*,*,#1899,.F.);
#342=ORIENTED_EDGE('',*,*,#1900,.F.);
#343=ORIENTED_EDGE('',*,*,#1901,.T.);
#344=ORIENTED_EDGE('',*,*,#1902,.F.);
#345=ORIENTED_EDGE('',*,*,#1903,.F.);
#346=ORIENTED_EDGE('',*,*,#1904,.T.);
#347=ORIENTED_EDGE('',*,*,#1850,.F.);
#348=ORIENTED_EDGE('',*,*,#1905,.F.);
#349=ORIENTED_EDGE('',*,*,#1906,.F.);
#350=ORIENTED_EDGE('',*,*,#1907,.T.);
#351=ORIENTED_EDGE('',*,*,#1853,.F.);
#352=ORIENTED_EDGE('',*,*,#1908,.F.);
#353=ORIENTED_EDGE('',*,*,#1909,.F.);
#354=ORIENTED_EDGE('',*,*,#1910,.T.);
#355=ORIENTED_EDGE('',*,*,#1856,.F.);
#356=ORIENTED_EDGE('',*,*,#1911,.F.);
#357=ORIENTED_EDGE('',*,*,#1912,.F.);
#358=ORIENTED_EDGE('',*,*,#1913,.T.);
#359=ORIENTED_EDGE('',*,*,#1859,.F.);
#360=ORIENTED_EDGE('',*,*,#1914,.F.);
#361=ORIENTED_EDGE('',*,*,#1915,.F.);
#362=ORIENTED_EDGE('',*,*,#1916,.T.);
#363=ORIENTED_EDGE('',*,*,#1862,.F.);
#364=ORIENTED_EDGE('',*,*,#1917,.F.);
#365=ORIENTED_EDGE('',*,*,#1918,.F.);
#366=ORIENTED_EDGE('',*,*,#1919,.T.);
#367=ORIENTED_EDGE('',*,*,#1865,.F.);
#368=ORIENTED_EDGE('',*,*,#1920,.F.);
#369=ORIENTED_EDGE('',*,*,#1921,.F.);
#370=ORIENTED_EDGE('',*,*,#1922,.T.);
#371=ORIENTED_EDGE('',*,*,#1868,.F.);
#372=ORIENTED_EDGE('',*,*,#1923,.F.);
#373=ORIENTED_EDGE('',*,*,#1924,.F.);
#374=ORIENTED_EDGE('',*,*,#1925,.T.);
#375=ORIENTED_EDGE('',*,*,#1871,.F.);
#376=ORIENTED_EDGE('',*,*,#1926,.F.);
#377=ORIENTED_EDGE('',*,*,#1927,.F.);
#378=ORIENTED_EDGE('',*,*,#1928,.T.);
#379=ORIENTED_EDGE('',*,*,#1874,.F.);
#380=ORIENTED_EDGE('',*,*,#1929,.F.);
#381=ORIENTED_EDGE('',*,*,#1930,.F.);
#382=ORIENTED_EDGE('',*,*,#1931,.T.);
#383=ORIENTED_EDGE('',*,*,#1877,.F.);
#384=ORIENTED_EDGE('',*,*,#1932,.F.);
#385=ORIENTED_EDGE('',*,*,#1933,.F.);
#386=ORIENTED_EDGE('',*,*,#1934,.T.);
#387=ORIENTED_EDGE('',*,*,#1880,.F.);
#388=ORIENTED_EDGE('',*,*,#1935,.F.);
#389=ORIENTED_EDGE('',*,*,#1936,.F.);
#390=ORIENTED_EDGE('',*,*,#1937,.T.);
#391=ORIENTED_EDGE('',*,*,#1883,.F.);
#392=ORIENTED_EDGE('',*,*,#1938,.F.);
#393=ORIENTED_EDGE('',*,*,#1939,.F.);
#394=ORIENTED_EDGE('',*,*,#1940,.T.);
#395=ORIENTED_EDGE('',*,*,#1886,.F.);
#396=ORIENTED_EDGE('',*,*,#1941,.F.);
#397=ORIENTED_EDGE('',*,*,#1942,.F.);
#398=ORIENTED_EDGE('',*,*,#1943,.T.);
#399=ORIENTED_EDGE('',*,*,#1889,.F.);
#400=ORIENTED_EDGE('',*,*,#1944,.F.);
#401=ORIENTED_EDGE('',*,*,#1945,.F.);
#402=ORIENTED_EDGE('',*,*,#1946,.T.);
#403=ORIENTED_EDGE('',*,*,#1892,.F.);
#404=ORIENTED_EDGE('',*,*,#1947,.F.);
#405=ORIENTED_EDGE('',*,*,#1948,.F.);
#406=ORIENTED_EDGE('',*,*,#1949,.T.);
#407=ORIENTED_EDGE('',*,*,#1895,.F.);
#408=ORIENTED_EDGE('',*,*,#1950,.F.);
#409=ORIENTED_EDGE('',*,*,#1951,.F.);
#410=ORIENTED_EDGE('',*,*,#1952,.T.);
#411=ORIENTED_EDGE('',*,*,#1898,.F.);
#412=ORIENTED_EDGE('',*,*,#1953,.F.);
#413=ORIENTED_EDGE('',*,*,#1954,.T.);
#414=ORIENTED_EDGE('',*,*,#1901,.F.);
#415=ORIENTED_EDGE('',*,*,#1955,.F.);
#416=ORIENTED_EDGE('',*,*,#1956,.T.);
#417=ORIENTED_EDGE('',*,*,#1957,.T.);
#418=ORIENTED_EDGE('',*,*,#1958,.F.);
#419=ORIENTED_EDGE('',*,*,#1959,.T.);
#420=ORIENTED_EDGE('',*,*,#1960,.T.);
#421=ORIENTED_EDGE('',*,*,#1961,.T.);
#422=ORIENTED_EDGE('',*,*,#1962,.T.);
#423=ORIENTED_EDGE('',*,*,#1963,.T.);
#424=ORIENTED_EDGE('',*,*,#1964,.T.);
#425=ORIENTED_EDGE('',*,*,#1965,.T.);
#426=ORIENTED_EDGE('',*,*,#1966,.T.);
#427=ORIENTED_EDGE('',*,*,#1967,.T.);
#428=ORIENTED_EDGE('',*,*,#1968,.F.);
#429=ORIENTED_EDGE('',*,*,#1969,.T.);
#430=ORIENTED_EDGE('',*,*,#1970,.T.);
#431=ORIENTED_EDGE('',*,*,#1971,.T.);
#432=ORIENTED_EDGE('',*,*,#1972,.T.);
#433=ORIENTED_EDGE('',*,*,#1973,.T.);
#434=ORIENTED_EDGE('',*,*,#1974,.T.);
#435=ORIENTED_EDGE('',*,*,#1975,.T.);
#436=ORIENTED_EDGE('',*,*,#1976,.F.);
#437=ORIENTED_EDGE('',*,*,#1977,.F.);
#438=ORIENTED_EDGE('',*,*,#1978,.T.);
#439=ORIENTED_EDGE('',*,*,#1979,.T.);
#440=ORIENTED_EDGE('',*,*,#1958,.T.);
#441=ORIENTED_EDGE('',*,*,#1980,.T.);
#442=ORIENTED_EDGE('',*,*,#1968,.T.);
#443=ORIENTED_EDGE('',*,*,#1981,.T.);
#444=ORIENTED_EDGE('',*,*,#1964,.F.);
#445=ORIENTED_EDGE('',*,*,#1982,.T.);
#446=ORIENTED_EDGE('',*,*,#1962,.F.);
#447=ORIENTED_EDGE('',*,*,#1983,.T.);
#448=ORIENTED_EDGE('',*,*,#1984,.F.);
#449=ORIENTED_EDGE('',*,*,#1985,.T.);
#450=ORIENTED_EDGE('',*,*,#1986,.T.);
#451=ORIENTED_EDGE('',*,*,#1976,.T.);
#452=ORIENTED_EDGE('',*,*,#1987,.F.);
#453=ORIENTED_EDGE('',*,*,#1988,.T.);
#454=ORIENTED_EDGE('',*,*,#1984,.T.);
#455=ORIENTED_EDGE('',*,*,#1979,.F.);
#456=ORIENTED_EDGE('',*,*,#1989,.F.);
#457=ORIENTED_EDGE('',*,*,#1990,.T.);
#458=ORIENTED_EDGE('',*,*,#1987,.T.);
#459=ORIENTED_EDGE('',*,*,#1978,.F.);
#460=ORIENTED_EDGE('',*,*,#1986,.F.);
#461=ORIENTED_EDGE('',*,*,#1991,.T.);
#462=ORIENTED_EDGE('',*,*,#1844,.T.);
#463=ORIENTED_EDGE('',*,*,#1992,.T.);
#464=ORIENTED_EDGE('',*,*,#1989,.T.);
#465=ORIENTED_EDGE('',*,*,#1977,.T.);
#466=ORIENTED_EDGE('',*,*,#1951,.T.);
#467=ORIENTED_EDGE('',*,*,#1993,.T.);
#468=ORIENTED_EDGE('',*,*,#1994,.T.);
#469=ORIENTED_EDGE('',*,*,#1948,.T.);
#470=ORIENTED_EDGE('',*,*,#1995,.T.);
#471=ORIENTED_EDGE('',*,*,#1996,.T.);
#472=ORIENTED_EDGE('',*,*,#1945,.T.);
#473=ORIENTED_EDGE('',*,*,#1997,.T.);
#474=ORIENTED_EDGE('',*,*,#1998,.T.);
#475=ORIENTED_EDGE('',*,*,#1942,.T.);
#476=ORIENTED_EDGE('',*,*,#1999,.T.);
#477=ORIENTED_EDGE('',*,*,#2000,.T.);
#478=ORIENTED_EDGE('',*,*,#1939,.T.);
#479=ORIENTED_EDGE('',*,*,#2001,.T.);
#480=ORIENTED_EDGE('',*,*,#2002,.T.);
#481=ORIENTED_EDGE('',*,*,#1936,.T.);
#482=ORIENTED_EDGE('',*,*,#2003,.T.);
#483=ORIENTED_EDGE('',*,*,#2004,.T.);
#484=ORIENTED_EDGE('',*,*,#1933,.T.);
#485=ORIENTED_EDGE('',*,*,#2005,.T.);
#486=ORIENTED_EDGE('',*,*,#2006,.T.);
#487=ORIENTED_EDGE('',*,*,#1930,.T.);
#488=ORIENTED_EDGE('',*,*,#2007,.T.);
#489=ORIENTED_EDGE('',*,*,#2008,.T.);
#490=ORIENTED_EDGE('',*,*,#1927,.T.);
#491=ORIENTED_EDGE('',*,*,#2009,.T.);
#492=ORIENTED_EDGE('',*,*,#2010,.T.);
#493=ORIENTED_EDGE('',*,*,#1924,.T.);
#494=ORIENTED_EDGE('',*,*,#2011,.T.);
#495=ORIENTED_EDGE('',*,*,#2012,.T.);
#496=ORIENTED_EDGE('',*,*,#1921,.T.);
#497=ORIENTED_EDGE('',*,*,#2013,.T.);
#498=ORIENTED_EDGE('',*,*,#2014,.T.);
#499=ORIENTED_EDGE('',*,*,#1918,.T.);
#500=ORIENTED_EDGE('',*,*,#2015,.T.);
#501=ORIENTED_EDGE('',*,*,#2016,.T.);
#502=ORIENTED_EDGE('',*,*,#1915,.T.);
#503=ORIENTED_EDGE('',*,*,#2017,.T.);
#504=ORIENTED_EDGE('',*,*,#2018,.T.);
#505=ORIENTED_EDGE('',*,*,#1912,.T.);
#506=ORIENTED_EDGE('',*,*,#2019,.T.);
#507=ORIENTED_EDGE('',*,*,#2020,.T.);
#508=ORIENTED_EDGE('',*,*,#1909,.T.);
#509=ORIENTED_EDGE('',*,*,#2021,.T.);
#510=ORIENTED_EDGE('',*,*,#2022,.T.);
#511=ORIENTED_EDGE('',*,*,#1906,.T.);
#512=ORIENTED_EDGE('',*,*,#2023,.T.);
#513=ORIENTED_EDGE('',*,*,#2024,.T.);
#514=ORIENTED_EDGE('',*,*,#1903,.T.);
#515=ORIENTED_EDGE('',*,*,#2025,.T.);
#516=ORIENTED_EDGE('',*,*,#2026,.T.);
#517=ORIENTED_EDGE('',*,*,#1953,.T.);
#518=ORIENTED_EDGE('',*,*,#2027,.T.);
#519=ORIENTED_EDGE('',*,*,#2028,.T.);
#520=ORIENTED_EDGE('',*,*,#2029,.F.);
#521=ORIENTED_EDGE('',*,*,#1963,.F.);
#522=ORIENTED_EDGE('',*,*,#1982,.F.);
#523=ORIENTED_EDGE('',*,*,#1967,.F.);
#524=ORIENTED_EDGE('',*,*,#2030,.F.);
#525=ORIENTED_EDGE('',*,*,#2029,.T.);
#526=ORIENTED_EDGE('',*,*,#2031,.F.);
#527=ORIENTED_EDGE('',*,*,#1981,.F.);
#528=ORIENTED_EDGE('',*,*,#1971,.F.);
#529=ORIENTED_EDGE('',*,*,#2032,.F.);
#530=ORIENTED_EDGE('',*,*,#1965,.F.);
#531=ORIENTED_EDGE('',*,*,#2031,.T.);
#532=ORIENTED_EDGE('',*,*,#1966,.F.);
#533=ORIENTED_EDGE('',*,*,#2033,.F.);
#534=ORIENTED_EDGE('',*,*,#1972,.F.);
#535=ORIENTED_EDGE('',*,*,#2030,.T.);
#536=ORIENTED_EDGE('',*,*,#1975,.F.);
#537=ORIENTED_EDGE('',*,*,#2034,.F.);
#538=ORIENTED_EDGE('',*,*,#1960,.F.);
#539=ORIENTED_EDGE('',*,*,#1983,.F.);
#540=ORIENTED_EDGE('',*,*,#1961,.F.);
#541=ORIENTED_EDGE('',*,*,#2035,.F.);
#542=ORIENTED_EDGE('',*,*,#1959,.F.);
#543=ORIENTED_EDGE('',*,*,#2033,.T.);
#544=ORIENTED_EDGE('',*,*,#2032,.T.);
#545=ORIENTED_EDGE('',*,*,#2036,.F.);
#546=ORIENTED_EDGE('',*,*,#2035,.T.);
#547=ORIENTED_EDGE('',*,*,#2034,.T.);
#548=ORIENTED_EDGE('',*,*,#2037,.F.);
#549=ORIENTED_EDGE('',*,*,#2036,.T.);
#550=ORIENTED_EDGE('',*,*,#1970,.F.);
#551=ORIENTED_EDGE('',*,*,#2038,.F.);
#552=ORIENTED_EDGE('',*,*,#1973,.F.);
#553=ORIENTED_EDGE('',*,*,#2037,.T.);
#554=ORIENTED_EDGE('',*,*,#1974,.F.);
#555=ORIENTED_EDGE('',*,*,#2039,.F.);
#556=ORIENTED_EDGE('',*,*,#1956,.F.);
#557=ORIENTED_EDGE('',*,*,#2039,.T.);
#558=ORIENTED_EDGE('',*,*,#2038,.T.);
#559=ORIENTED_EDGE('',*,*,#2040,.F.);
#560=ORIENTED_EDGE('',*,*,#2040,.T.);
#561=ORIENTED_EDGE('',*,*,#1969,.F.);
#562=ORIENTED_EDGE('',*,*,#1980,.F.);
#563=ORIENTED_EDGE('',*,*,#1957,.F.);
#564=ORIENTED_EDGE('',*,*,#1991,.F.);
#565=ORIENTED_EDGE('',*,*,#1985,.F.);
#566=ORIENTED_EDGE('',*,*,#2041,.F.);
#567=ORIENTED_EDGE('',*,*,#1845,.F.);
#568=ORIENTED_EDGE('',*,*,#1992,.F.);
#569=ORIENTED_EDGE('',*,*,#1847,.F.);
#570=ORIENTED_EDGE('',*,*,#2042,.F.);
#571=ORIENTED_EDGE('',*,*,#1990,.F.);
#572=ORIENTED_EDGE('',*,*,#2041,.T.);
#573=ORIENTED_EDGE('',*,*,#1988,.F.);
#574=ORIENTED_EDGE('',*,*,#2042,.T.);
#575=ORIENTED_EDGE('',*,*,#1846,.F.);
#576=ORIENTED_EDGE('',*,*,#1899,.T.);
#577=ORIENTED_EDGE('',*,*,#1952,.F.);
#578=ORIENTED_EDGE('',*,*,#2028,.F.);
#579=ORIENTED_EDGE('',*,*,#2043,.T.);
#580=ORIENTED_EDGE('',*,*,#1900,.T.);
#581=ORIENTED_EDGE('',*,*,#2043,.F.);
#582=ORIENTED_EDGE('',*,*,#2027,.F.);
#583=ORIENTED_EDGE('',*,*,#1955,.T.);
#584=ORIENTED_EDGE('',*,*,#1897,.F.);
#585=ORIENTED_EDGE('',*,*,#2044,.F.);
#586=ORIENTED_EDGE('',*,*,#1993,.F.);
#587=ORIENTED_EDGE('',*,*,#1950,.T.);
#588=ORIENTED_EDGE('',*,*,#1896,.F.);
#589=ORIENTED_EDGE('',*,*,#1949,.F.);
#590=ORIENTED_EDGE('',*,*,#1994,.F.);
#591=ORIENTED_EDGE('',*,*,#2044,.T.);
#592=ORIENTED_EDGE('',*,*,#1894,.F.);
#593=ORIENTED_EDGE('',*,*,#2045,.F.);
#594=ORIENTED_EDGE('',*,*,#1995,.F.);
#595=ORIENTED_EDGE('',*,*,#1947,.T.);
#596=ORIENTED_EDGE('',*,*,#1893,.F.);
#597=ORIENTED_EDGE('',*,*,#1946,.F.);
#598=ORIENTED_EDGE('',*,*,#1996,.F.);
#599=ORIENTED_EDGE('',*,*,#2045,.T.);
#600=ORIENTED_EDGE('',*,*,#1891,.F.);
#601=ORIENTED_EDGE('',*,*,#2046,.F.);
#602=ORIENTED_EDGE('',*,*,#1997,.F.);
#603=ORIENTED_EDGE('',*,*,#1944,.T.);
#604=ORIENTED_EDGE('',*,*,#1890,.F.);
#605=ORIENTED_EDGE('',*,*,#1943,.F.);
#606=ORIENTED_EDGE('',*,*,#1998,.F.);
#607=ORIENTED_EDGE('',*,*,#2046,.T.);
#608=ORIENTED_EDGE('',*,*,#1888,.F.);
#609=ORIENTED_EDGE('',*,*,#2047,.F.);
#610=ORIENTED_EDGE('',*,*,#1999,.F.);
#611=ORIENTED_EDGE('',*,*,#1941,.T.);
#612=ORIENTED_EDGE('',*,*,#1887,.F.);
#613=ORIENTED_EDGE('',*,*,#1940,.F.);
#614=ORIENTED_EDGE('',*,*,#2000,.F.);
#615=ORIENTED_EDGE('',*,*,#2047,.T.);
#616=ORIENTED_EDGE('',*,*,#1885,.F.);
#617=ORIENTED_EDGE('',*,*,#2048,.F.);
#618=ORIENTED_EDGE('',*,*,#2001,.F.);
#619=ORIENTED_EDGE('',*,*,#1938,.T.);
#620=ORIENTED_EDGE('',*,*,#1884,.F.);
#621=ORIENTED_EDGE('',*,*,#1937,.F.);
#622=ORIENTED_EDGE('',*,*,#2002,.F.);
#623=ORIENTED_EDGE('',*,*,#2048,.T.);
#624=ORIENTED_EDGE('',*,*,#1882,.F.);
#625=ORIENTED_EDGE('',*,*,#2049,.F.);
#626=ORIENTED_EDGE('',*,*,#2003,.F.);
#627=ORIENTED_EDGE('',*,*,#1935,.T.);
#628=ORIENTED_EDGE('',*,*,#1881,.F.);
#629=ORIENTED_EDGE('',*,*,#1934,.F.);
#630=ORIENTED_EDGE('',*,*,#2004,.F.);
#631=ORIENTED_EDGE('',*,*,#2049,.T.);
#632=ORIENTED_EDGE('',*,*,#1879,.F.);
#633=ORIENTED_EDGE('',*,*,#2050,.F.);
#634=ORIENTED_EDGE('',*,*,#2005,.F.);
#635=ORIENTED_EDGE('',*,*,#1932,.T.);
#636=ORIENTED_EDGE('',*,*,#1878,.F.);
#637=ORIENTED_EDGE('',*,*,#1931,.F.);
#638=ORIENTED_EDGE('',*,*,#2006,.F.);
#639=ORIENTED_EDGE('',*,*,#2050,.T.);
#640=ORIENTED_EDGE('',*,*,#1876,.F.);
#641=ORIENTED_EDGE('',*,*,#2051,.F.);
#642=ORIENTED_EDGE('',*,*,#2007,.F.);
#643=ORIENTED_EDGE('',*,*,#1929,.T.);
#644=ORIENTED_EDGE('',*,*,#1875,.F.);
#645=ORIENTED_EDGE('',*,*,#1928,.F.);
#646=ORIENTED_EDGE('',*,*,#2008,.F.);
#647=ORIENTED_EDGE('',*,*,#2051,.T.);
#648=ORIENTED_EDGE('',*,*,#1873,.F.);
#649=ORIENTED_EDGE('',*,*,#2052,.F.);
#650=ORIENTED_EDGE('',*,*,#2009,.F.);
#651=ORIENTED_EDGE('',*,*,#1926,.T.);
#652=ORIENTED_EDGE('',*,*,#1872,.F.);
#653=ORIENTED_EDGE('',*,*,#1925,.F.);
#654=ORIENTED_EDGE('',*,*,#2010,.F.);
#655=ORIENTED_EDGE('',*,*,#2052,.T.);
#656=ORIENTED_EDGE('',*,*,#1870,.F.);
#657=ORIENTED_EDGE('',*,*,#2053,.F.);
#658=ORIENTED_EDGE('',*,*,#2011,.F.);
#659=ORIENTED_EDGE('',*,*,#1923,.T.);
#660=ORIENTED_EDGE('',*,*,#1869,.F.);
#661=ORIENTED_EDGE('',*,*,#1922,.F.);
#662=ORIENTED_EDGE('',*,*,#2012,.F.);
#663=ORIENTED_EDGE('',*,*,#2053,.T.);
#664=ORIENTED_EDGE('',*,*,#1867,.F.);
#665=ORIENTED_EDGE('',*,*,#2054,.F.);
#666=ORIENTED_EDGE('',*,*,#2013,.F.);
#667=ORIENTED_EDGE('',*,*,#1920,.T.);
#668=ORIENTED_EDGE('',*,*,#1866,.F.);
#669=ORIENTED_EDGE('',*,*,#1919,.F.);
#670=ORIENTED_EDGE('',*,*,#2014,.F.);
#671=ORIENTED_EDGE('',*,*,#2054,.T.);
#672=ORIENTED_EDGE('',*,*,#1864,.F.);
#673=ORIENTED_EDGE('',*,*,#2055,.F.);
#674=ORIENTED_EDGE('',*,*,#2015,.F.);
#675=ORIENTED_EDGE('',*,*,#1917,.T.);
#676=ORIENTED_EDGE('',*,*,#1863,.F.);
#677=ORIENTED_EDGE('',*,*,#1916,.F.);
#678=ORIENTED_EDGE('',*,*,#2016,.F.);
#679=ORIENTED_EDGE('',*,*,#2055,.T.);
#680=ORIENTED_EDGE('',*,*,#1861,.F.);
#681=ORIENTED_EDGE('',*,*,#2056,.F.);
#682=ORIENTED_EDGE('',*,*,#2017,.F.);
#683=ORIENTED_EDGE('',*,*,#1914,.T.);
#684=ORIENTED_EDGE('',*,*,#1860,.F.);
#685=ORIENTED_EDGE('',*,*,#1913,.F.);
#686=ORIENTED_EDGE('',*,*,#2018,.F.);
#687=ORIENTED_EDGE('',*,*,#2056,.T.);
#688=ORIENTED_EDGE('',*,*,#1858,.F.);
#689=ORIENTED_EDGE('',*,*,#2057,.F.);
#690=ORIENTED_EDGE('',*,*,#2019,.F.);
#691=ORIENTED_EDGE('',*,*,#1911,.T.);
#692=ORIENTED_EDGE('',*,*,#1857,.F.);
#693=ORIENTED_EDGE('',*,*,#1910,.F.);
#694=ORIENTED_EDGE('',*,*,#2020,.F.);
#695=ORIENTED_EDGE('',*,*,#2057,.T.);
#696=ORIENTED_EDGE('',*,*,#1855,.F.);
#697=ORIENTED_EDGE('',*,*,#2058,.F.);
#698=ORIENTED_EDGE('',*,*,#2021,.F.);
#699=ORIENTED_EDGE('',*,*,#1908,.T.);
#700=ORIENTED_EDGE('',*,*,#1854,.F.);
#701=ORIENTED_EDGE('',*,*,#1907,.F.);
#702=ORIENTED_EDGE('',*,*,#2022,.F.);
#703=ORIENTED_EDGE('',*,*,#2058,.T.);
#704=ORIENTED_EDGE('',*,*,#1852,.F.);
#705=ORIENTED_EDGE('',*,*,#2059,.F.);
#706=ORIENTED_EDGE('',*,*,#2023,.F.);
#707=ORIENTED_EDGE('',*,*,#1905,.T.);
#708=ORIENTED_EDGE('',*,*,#1851,.F.);
#709=ORIENTED_EDGE('',*,*,#1904,.F.);
#710=ORIENTED_EDGE('',*,*,#2024,.F.);
#711=ORIENTED_EDGE('',*,*,#2059,.T.);
#712=ORIENTED_EDGE('',*,*,#1849,.F.);
#713=ORIENTED_EDGE('',*,*,#2060,.F.);
#714=ORIENTED_EDGE('',*,*,#2025,.F.);
#715=ORIENTED_EDGE('',*,*,#1902,.T.);
#716=ORIENTED_EDGE('',*,*,#1848,.F.);
#717=ORIENTED_EDGE('',*,*,#1954,.F.);
#718=ORIENTED_EDGE('',*,*,#2026,.F.);
#719=ORIENTED_EDGE('',*,*,#2060,.T.);
#720=ORIENTED_EDGE('',*,*,#2061,.T.);
#721=ORIENTED_EDGE('',*,*,#2062,.F.);
#722=ORIENTED_EDGE('',*,*,#2063,.F.);
#723=ORIENTED_EDGE('',*,*,#2064,.T.);
#724=ORIENTED_EDGE('',*,*,#2065,.T.);
#725=ORIENTED_EDGE('',*,*,#2066,.F.);
#726=ORIENTED_EDGE('',*,*,#2067,.F.);
#727=ORIENTED_EDGE('',*,*,#2062,.T.);
#728=ORIENTED_EDGE('',*,*,#2068,.T.);
#729=ORIENTED_EDGE('',*,*,#2069,.F.);
#730=ORIENTED_EDGE('',*,*,#2070,.F.);
#731=ORIENTED_EDGE('',*,*,#2066,.T.);
#732=ORIENTED_EDGE('',*,*,#2071,.T.);
#733=ORIENTED_EDGE('',*,*,#2072,.F.);
#734=ORIENTED_EDGE('',*,*,#2073,.F.);
#735=ORIENTED_EDGE('',*,*,#2069,.T.);
#736=ORIENTED_EDGE('',*,*,#2074,.T.);
#737=ORIENTED_EDGE('',*,*,#2075,.F.);
#738=ORIENTED_EDGE('',*,*,#2076,.F.);
#739=ORIENTED_EDGE('',*,*,#2072,.T.);
#740=ORIENTED_EDGE('',*,*,#2077,.T.);
#741=ORIENTED_EDGE('',*,*,#2078,.F.);
#742=ORIENTED_EDGE('',*,*,#2079,.F.);
#743=ORIENTED_EDGE('',*,*,#2075,.T.);
#744=ORIENTED_EDGE('',*,*,#2080,.F.);
#745=ORIENTED_EDGE('',*,*,#2081,.F.);
#746=ORIENTED_EDGE('',*,*,#2082,.T.);
#747=ORIENTED_EDGE('',*,*,#2078,.T.);
#748=ORIENTED_EDGE('',*,*,#2083,.T.);
#749=ORIENTED_EDGE('',*,*,#2084,.F.);
#750=ORIENTED_EDGE('',*,*,#2085,.F.);
#751=ORIENTED_EDGE('',*,*,#2081,.T.);
#752=ORIENTED_EDGE('',*,*,#2086,.T.);
#753=ORIENTED_EDGE('',*,*,#2087,.F.);
#754=ORIENTED_EDGE('',*,*,#2088,.F.);
#755=ORIENTED_EDGE('',*,*,#2084,.T.);
#756=ORIENTED_EDGE('',*,*,#2089,.T.);
#757=ORIENTED_EDGE('',*,*,#2090,.F.);
#758=ORIENTED_EDGE('',*,*,#2091,.F.);
#759=ORIENTED_EDGE('',*,*,#2087,.T.);
#760=ORIENTED_EDGE('',*,*,#2092,.F.);
#761=ORIENTED_EDGE('',*,*,#2093,.F.);
#762=ORIENTED_EDGE('',*,*,#2094,.T.);
#763=ORIENTED_EDGE('',*,*,#2090,.T.);
#764=ORIENTED_EDGE('',*,*,#2095,.T.);
#765=ORIENTED_EDGE('',*,*,#2064,.F.);
#766=ORIENTED_EDGE('',*,*,#2096,.F.);
#767=ORIENTED_EDGE('',*,*,#2093,.T.);
#768=ORIENTED_EDGE('',*,*,#2063,.T.);
#769=ORIENTED_EDGE('',*,*,#2067,.T.);
#770=ORIENTED_EDGE('',*,*,#2070,.T.);
#771=ORIENTED_EDGE('',*,*,#2073,.T.);
#772=ORIENTED_EDGE('',*,*,#2076,.T.);
#773=ORIENTED_EDGE('',*,*,#2079,.T.);
#774=ORIENTED_EDGE('',*,*,#2082,.F.);
#775=ORIENTED_EDGE('',*,*,#2085,.T.);
#776=ORIENTED_EDGE('',*,*,#2088,.T.);
#777=ORIENTED_EDGE('',*,*,#2091,.T.);
#778=ORIENTED_EDGE('',*,*,#2094,.F.);
#779=ORIENTED_EDGE('',*,*,#2096,.T.);
#780=ORIENTED_EDGE('',*,*,#2061,.F.);
#781=ORIENTED_EDGE('',*,*,#2095,.F.);
#782=ORIENTED_EDGE('',*,*,#2092,.T.);
#783=ORIENTED_EDGE('',*,*,#2089,.F.);
#784=ORIENTED_EDGE('',*,*,#2086,.F.);
#785=ORIENTED_EDGE('',*,*,#2083,.F.);
#786=ORIENTED_EDGE('',*,*,#2080,.T.);
#787=ORIENTED_EDGE('',*,*,#2077,.F.);
#788=ORIENTED_EDGE('',*,*,#2074,.F.);
#789=ORIENTED_EDGE('',*,*,#2071,.F.);
#790=ORIENTED_EDGE('',*,*,#2068,.F.);
#791=ORIENTED_EDGE('',*,*,#2065,.F.);
#792=ORIENTED_EDGE('',*,*,#2097,.T.);
#793=ORIENTED_EDGE('',*,*,#2098,.T.);
#794=ORIENTED_EDGE('',*,*,#2099,.T.);
#795=ORIENTED_EDGE('',*,*,#2100,.F.);
#796=ORIENTED_EDGE('',*,*,#2101,.F.);
#797=ORIENTED_EDGE('',*,*,#2102,.T.);
#798=ORIENTED_EDGE('',*,*,#2103,.T.);
#799=ORIENTED_EDGE('',*,*,#2104,.T.);
#800=ORIENTED_EDGE('',*,*,#2105,.F.);
#801=ORIENTED_EDGE('',*,*,#2106,.T.);
#802=ORIENTED_EDGE('',*,*,#2107,.T.);
#803=ORIENTED_EDGE('',*,*,#2108,.T.);
#804=ORIENTED_EDGE('',*,*,#2109,.F.);
#805=ORIENTED_EDGE('',*,*,#2110,.T.);
#806=ORIENTED_EDGE('',*,*,#2111,.T.);
#807=ORIENTED_EDGE('',*,*,#2112,.T.);
#808=ORIENTED_EDGE('',*,*,#2113,.F.);
#809=ORIENTED_EDGE('',*,*,#2114,.T.);
#810=ORIENTED_EDGE('',*,*,#2115,.T.);
#811=ORIENTED_EDGE('',*,*,#2116,.T.);
#812=ORIENTED_EDGE('',*,*,#2117,.F.);
#813=ORIENTED_EDGE('',*,*,#2118,.T.);
#814=ORIENTED_EDGE('',*,*,#2119,.T.);
#815=ORIENTED_EDGE('',*,*,#2120,.T.);
#816=ORIENTED_EDGE('',*,*,#2121,.F.);
#817=ORIENTED_EDGE('',*,*,#2122,.T.);
#818=ORIENTED_EDGE('',*,*,#2123,.T.);
#819=ORIENTED_EDGE('',*,*,#2124,.T.);
#820=ORIENTED_EDGE('',*,*,#2125,.F.);
#821=ORIENTED_EDGE('',*,*,#2126,.T.);
#822=ORIENTED_EDGE('',*,*,#2127,.T.);
#823=ORIENTED_EDGE('',*,*,#2128,.T.);
#824=ORIENTED_EDGE('',*,*,#2129,.F.);
#825=ORIENTED_EDGE('',*,*,#2130,.T.);
#826=ORIENTED_EDGE('',*,*,#2131,.T.);
#827=ORIENTED_EDGE('',*,*,#2132,.T.);
#828=ORIENTED_EDGE('',*,*,#2133,.T.);
#829=ORIENTED_EDGE('',*,*,#2134,.T.);
#830=ORIENTED_EDGE('',*,*,#2135,.T.);
#831=ORIENTED_EDGE('',*,*,#2097,.F.);
#832=ORIENTED_EDGE('',*,*,#2136,.T.);
#833=ORIENTED_EDGE('',*,*,#2137,.T.);
#834=ORIENTED_EDGE('',*,*,#2130,.F.);
#835=ORIENTED_EDGE('',*,*,#2138,.T.);
#836=ORIENTED_EDGE('',*,*,#2139,.T.);
#837=ORIENTED_EDGE('',*,*,#2126,.F.);
#838=ORIENTED_EDGE('',*,*,#2140,.T.);
#839=ORIENTED_EDGE('',*,*,#2141,.T.);
#840=ORIENTED_EDGE('',*,*,#2122,.F.);
#841=ORIENTED_EDGE('',*,*,#2142,.T.);
#842=ORIENTED_EDGE('',*,*,#2143,.T.);
#843=ORIENTED_EDGE('',*,*,#2118,.F.);
#844=ORIENTED_EDGE('',*,*,#2144,.T.);
#845=ORIENTED_EDGE('',*,*,#2145,.T.);
#846=ORIENTED_EDGE('',*,*,#2114,.F.);
#847=ORIENTED_EDGE('',*,*,#2146,.T.);
#848=ORIENTED_EDGE('',*,*,#2147,.T.);
#849=ORIENTED_EDGE('',*,*,#2110,.F.);
#850=ORIENTED_EDGE('',*,*,#2148,.T.);
#851=ORIENTED_EDGE('',*,*,#2149,.T.);
#852=ORIENTED_EDGE('',*,*,#2106,.F.);
#853=ORIENTED_EDGE('',*,*,#2150,.T.);
#854=ORIENTED_EDGE('',*,*,#2151,.T.);
#855=ORIENTED_EDGE('',*,*,#2102,.F.);
#856=ORIENTED_EDGE('',*,*,#2152,.T.);
#857=ORIENTED_EDGE('',*,*,#2153,.T.);
#858=ORIENTED_EDGE('',*,*,#2154,.T.);
#859=ORIENTED_EDGE('',*,*,#2155,.F.);
#860=ORIENTED_EDGE('',*,*,#2156,.F.);
#861=ORIENTED_EDGE('',*,*,#2157,.T.);
#862=ORIENTED_EDGE('',*,*,#2158,.F.);
#863=ORIENTED_EDGE('',*,*,#2159,.F.);
#864=ORIENTED_EDGE('',*,*,#2160,.F.);
#865=ORIENTED_EDGE('',*,*,#2161,.T.);
#866=ORIENTED_EDGE('',*,*,#2158,.T.);
#867=ORIENTED_EDGE('',*,*,#2162,.F.);
#868=ORIENTED_EDGE('',*,*,#2163,.F.);
#869=ORIENTED_EDGE('',*,*,#2164,.F.);
#870=ORIENTED_EDGE('',*,*,#2165,.T.);
#871=ORIENTED_EDGE('',*,*,#2160,.T.);
#872=ORIENTED_EDGE('',*,*,#2166,.F.);
#873=ORIENTED_EDGE('',*,*,#2167,.T.);
#874=ORIENTED_EDGE('',*,*,#2168,.T.);
#875=ORIENTED_EDGE('',*,*,#2169,.F.);
#876=ORIENTED_EDGE('',*,*,#2170,.F.);
#877=ORIENTED_EDGE('',*,*,#2169,.T.);
#878=ORIENTED_EDGE('',*,*,#2171,.T.);
#879=ORIENTED_EDGE('',*,*,#2154,.F.);
#880=ORIENTED_EDGE('',*,*,#2164,.T.);
#881=ORIENTED_EDGE('',*,*,#2172,.T.);
#882=ORIENTED_EDGE('',*,*,#2152,.F.);
#883=ORIENTED_EDGE('',*,*,#2173,.F.);
#884=ORIENTED_EDGE('',*,*,#2174,.F.);
#885=ORIENTED_EDGE('',*,*,#2167,.F.);
#886=ORIENTED_EDGE('',*,*,#2175,.T.);
#887=ORIENTED_EDGE('',*,*,#2156,.T.);
#888=ORIENTED_EDGE('',*,*,#2176,.T.);
#889=ORIENTED_EDGE('',*,*,#2177,.F.);
#890=ORIENTED_EDGE('',*,*,#2178,.T.);
#891=ORIENTED_EDGE('',*,*,#2179,.T.);
#892=ORIENTED_EDGE('',*,*,#2180,.T.);
#893=ORIENTED_EDGE('',*,*,#2181,.F.);
#894=ORIENTED_EDGE('',*,*,#2182,.F.);
#895=ORIENTED_EDGE('',*,*,#2183,.T.);
#896=ORIENTED_EDGE('',*,*,#2177,.T.);
#897=ORIENTED_EDGE('',*,*,#2184,.T.);
#898=ORIENTED_EDGE('',*,*,#2179,.F.);
#899=ORIENTED_EDGE('',*,*,#2185,.F.);
#900=ORIENTED_EDGE('',*,*,#2186,.T.);
#901=ORIENTED_EDGE('',*,*,#2180,.F.);
#902=ORIENTED_EDGE('',*,*,#2184,.F.);
#903=ORIENTED_EDGE('',*,*,#2187,.F.);
#904=ORIENTED_EDGE('',*,*,#2181,.T.);
#905=ORIENTED_EDGE('',*,*,#2176,.F.);
#906=ORIENTED_EDGE('',*,*,#2155,.T.);
#907=ORIENTED_EDGE('',*,*,#2171,.F.);
#908=ORIENTED_EDGE('',*,*,#2168,.F.);
#909=ORIENTED_EDGE('',*,*,#2188,.T.);
#910=ORIENTED_EDGE('',*,*,#2133,.F.);
#911=ORIENTED_EDGE('',*,*,#2189,.T.);
#912=ORIENTED_EDGE('',*,*,#2189,.F.);
#913=ORIENTED_EDGE('',*,*,#2174,.T.);
#914=ORIENTED_EDGE('',*,*,#2187,.T.);
#915=ORIENTED_EDGE('',*,*,#2186,.F.);
#916=ORIENTED_EDGE('',*,*,#2190,.F.);
#917=ORIENTED_EDGE('',*,*,#2182,.T.);
#918=ORIENTED_EDGE('',*,*,#2191,.T.);
#919=ORIENTED_EDGE('',*,*,#2188,.F.);
#920=ORIENTED_EDGE('',*,*,#2190,.T.);
#921=ORIENTED_EDGE('',*,*,#2185,.T.);
#922=ORIENTED_EDGE('',*,*,#2178,.F.);
#923=ORIENTED_EDGE('',*,*,#2183,.F.);
#924=ORIENTED_EDGE('',*,*,#2191,.F.);
#925=ORIENTED_EDGE('',*,*,#2157,.F.);
#926=ORIENTED_EDGE('',*,*,#2175,.F.);
#927=ORIENTED_EDGE('',*,*,#2166,.T.);
#928=ORIENTED_EDGE('',*,*,#2162,.T.);
#929=ORIENTED_EDGE('',*,*,#2173,.T.);
#930=ORIENTED_EDGE('',*,*,#2159,.T.);
#931=ORIENTED_EDGE('',*,*,#2161,.F.);
#932=ORIENTED_EDGE('',*,*,#2165,.F.);
#933=ORIENTED_EDGE('',*,*,#2163,.T.);
#934=ORIENTED_EDGE('',*,*,#2170,.T.);
#935=ORIENTED_EDGE('',*,*,#2153,.F.);
#936=ORIENTED_EDGE('',*,*,#2172,.F.);
#937=ORIENTED_EDGE('',*,*,#2192,.F.);
#938=ORIENTED_EDGE('',*,*,#2193,.F.);
#939=ORIENTED_EDGE('',*,*,#2194,.F.);
#940=ORIENTED_EDGE('',*,*,#2104,.F.);
#941=ORIENTED_EDGE('',*,*,#2195,.F.);
#942=ORIENTED_EDGE('',*,*,#2196,.F.);
#943=ORIENTED_EDGE('',*,*,#2197,.F.);
#944=ORIENTED_EDGE('',*,*,#2108,.F.);
#945=ORIENTED_EDGE('',*,*,#2198,.F.);
#946=ORIENTED_EDGE('',*,*,#2199,.F.);
#947=ORIENTED_EDGE('',*,*,#2200,.F.);
#948=ORIENTED_EDGE('',*,*,#2112,.F.);
#949=ORIENTED_EDGE('',*,*,#2201,.F.);
#950=ORIENTED_EDGE('',*,*,#2202,.F.);
#951=ORIENTED_EDGE('',*,*,#2203,.F.);
#952=ORIENTED_EDGE('',*,*,#2116,.F.);
#953=ORIENTED_EDGE('',*,*,#2204,.F.);
#954=ORIENTED_EDGE('',*,*,#2205,.F.);
#955=ORIENTED_EDGE('',*,*,#2206,.F.);
#956=ORIENTED_EDGE('',*,*,#2120,.F.);
#957=ORIENTED_EDGE('',*,*,#2207,.F.);
#958=ORIENTED_EDGE('',*,*,#2208,.F.);
#959=ORIENTED_EDGE('',*,*,#2209,.F.);
#960=ORIENTED_EDGE('',*,*,#2124,.F.);
#961=ORIENTED_EDGE('',*,*,#2210,.F.);
#962=ORIENTED_EDGE('',*,*,#2211,.F.);
#963=ORIENTED_EDGE('',*,*,#2212,.F.);
#964=ORIENTED_EDGE('',*,*,#2128,.F.);
#965=ORIENTED_EDGE('',*,*,#2213,.F.);
#966=ORIENTED_EDGE('',*,*,#2214,.F.);
#967=ORIENTED_EDGE('',*,*,#2215,.F.);
#968=ORIENTED_EDGE('',*,*,#2132,.F.);
#969=ORIENTED_EDGE('',*,*,#2216,.T.);
#970=ORIENTED_EDGE('',*,*,#2217,.F.);
#971=ORIENTED_EDGE('',*,*,#2218,.F.);
#972=ORIENTED_EDGE('',*,*,#2099,.F.);
#973=ORIENTED_EDGE('',*,*,#2100,.T.);
#974=ORIENTED_EDGE('',*,*,#2218,.T.);
#975=ORIENTED_EDGE('',*,*,#2219,.F.);
#976=ORIENTED_EDGE('',*,*,#2220,.T.);
#977=ORIENTED_EDGE('',*,*,#2221,.T.);
#978=ORIENTED_EDGE('',*,*,#2219,.T.);
#979=ORIENTED_EDGE('',*,*,#2217,.T.);
#980=ORIENTED_EDGE('',*,*,#2222,.F.);
#981=ORIENTED_EDGE('',*,*,#2223,.T.);
#982=ORIENTED_EDGE('',*,*,#2216,.F.);
#983=ORIENTED_EDGE('',*,*,#2131,.F.);
#984=ORIENTED_EDGE('',*,*,#2224,.F.);
#985=ORIENTED_EDGE('',*,*,#2225,.F.);
#986=ORIENTED_EDGE('',*,*,#2222,.T.);
#987=ORIENTED_EDGE('',*,*,#2220,.F.);
#988=ORIENTED_EDGE('',*,*,#2223,.F.);
#989=ORIENTED_EDGE('',*,*,#2225,.T.);
#990=ORIENTED_EDGE('',*,*,#2226,.T.);
#991=ORIENTED_EDGE('',*,*,#2227,.T.);
#992=ORIENTED_EDGE('',*,*,#2137,.F.);
#993=ORIENTED_EDGE('',*,*,#2228,.F.);
#994=ORIENTED_EDGE('',*,*,#2226,.F.);
#995=ORIENTED_EDGE('',*,*,#2224,.T.);
#996=ORIENTED_EDGE('',*,*,#2136,.F.);
#997=ORIENTED_EDGE('',*,*,#2221,.F.);
#998=ORIENTED_EDGE('',*,*,#2227,.F.);
#999=ORIENTED_EDGE('',*,*,#2228,.T.);
#1000=ORIENTED_EDGE('',*,*,#2229,.T.);
#1001=ORIENTED_EDGE('',*,*,#2213,.T.);
#1002=ORIENTED_EDGE('',*,*,#2127,.F.);
#1003=ORIENTED_EDGE('',*,*,#2230,.F.);
#1004=ORIENTED_EDGE('',*,*,#2231,.T.);
#1005=ORIENTED_EDGE('',*,*,#2139,.F.);
#1006=ORIENTED_EDGE('',*,*,#2232,.F.);
#1007=ORIENTED_EDGE('',*,*,#2233,.F.);
#1008=ORIENTED_EDGE('',*,*,#2230,.T.);
#1009=ORIENTED_EDGE('',*,*,#2138,.F.);
#1010=ORIENTED_EDGE('',*,*,#2234,.F.);
#1011=ORIENTED_EDGE('',*,*,#2235,.F.);
#1012=ORIENTED_EDGE('',*,*,#2232,.T.);
#1013=ORIENTED_EDGE('',*,*,#2129,.T.);
#1014=ORIENTED_EDGE('',*,*,#2215,.T.);
#1015=ORIENTED_EDGE('',*,*,#2236,.F.);
#1016=ORIENTED_EDGE('',*,*,#2237,.T.);
#1017=ORIENTED_EDGE('',*,*,#2234,.T.);
#1018=ORIENTED_EDGE('',*,*,#2236,.T.);
#1019=ORIENTED_EDGE('',*,*,#2214,.T.);
#1020=ORIENTED_EDGE('',*,*,#2229,.F.);
#1021=ORIENTED_EDGE('',*,*,#2238,.T.);
#1022=ORIENTED_EDGE('',*,*,#2231,.F.);
#1023=ORIENTED_EDGE('',*,*,#2233,.T.);
#1024=ORIENTED_EDGE('',*,*,#2235,.T.);
#1025=ORIENTED_EDGE('',*,*,#2237,.F.);
#1026=ORIENTED_EDGE('',*,*,#2238,.F.);
#1027=ORIENTED_EDGE('',*,*,#2239,.T.);
#1028=ORIENTED_EDGE('',*,*,#2210,.T.);
#1029=ORIENTED_EDGE('',*,*,#2123,.F.);
#1030=ORIENTED_EDGE('',*,*,#2240,.F.);
#1031=ORIENTED_EDGE('',*,*,#2241,.T.);
#1032=ORIENTED_EDGE('',*,*,#2141,.F.);
#1033=ORIENTED_EDGE('',*,*,#2242,.F.);
#1034=ORIENTED_EDGE('',*,*,#2243,.F.);
#1035=ORIENTED_EDGE('',*,*,#2240,.T.);
#1036=ORIENTED_EDGE('',*,*,#2140,.F.);
#1037=ORIENTED_EDGE('',*,*,#2244,.F.);
#1038=ORIENTED_EDGE('',*,*,#2245,.F.);
#1039=ORIENTED_EDGE('',*,*,#2242,.T.);
#1040=ORIENTED_EDGE('',*,*,#2125,.T.);
#1041=ORIENTED_EDGE('',*,*,#2212,.T.);
#1042=ORIENTED_EDGE('',*,*,#2246,.F.);
#1043=ORIENTED_EDGE('',*,*,#2247,.T.);
#1044=ORIENTED_EDGE('',*,*,#2244,.T.);
#1045=ORIENTED_EDGE('',*,*,#2246,.T.);
#1046=ORIENTED_EDGE('',*,*,#2211,.T.);
#1047=ORIENTED_EDGE('',*,*,#2239,.F.);
#1048=ORIENTED_EDGE('',*,*,#2248,.T.);
#1049=ORIENTED_EDGE('',*,*,#2241,.F.);
#1050=ORIENTED_EDGE('',*,*,#2243,.T.);
#1051=ORIENTED_EDGE('',*,*,#2245,.T.);
#1052=ORIENTED_EDGE('',*,*,#2247,.F.);
#1053=ORIENTED_EDGE('',*,*,#2248,.F.);
#1054=ORIENTED_EDGE('',*,*,#2249,.T.);
#1055=ORIENTED_EDGE('',*,*,#2207,.T.);
#1056=ORIENTED_EDGE('',*,*,#2119,.F.);
#1057=ORIENTED_EDGE('',*,*,#2250,.F.);
#1058=ORIENTED_EDGE('',*,*,#2251,.T.);
#1059=ORIENTED_EDGE('',*,*,#2143,.F.);
#1060=ORIENTED_EDGE('',*,*,#2252,.F.);
#1061=ORIENTED_EDGE('',*,*,#2253,.F.);
#1062=ORIENTED_EDGE('',*,*,#2250,.T.);
#1063=ORIENTED_EDGE('',*,*,#2142,.F.);
#1064=ORIENTED_EDGE('',*,*,#2254,.F.);
#1065=ORIENTED_EDGE('',*,*,#2255,.F.);
#1066=ORIENTED_EDGE('',*,*,#2252,.T.);
#1067=ORIENTED_EDGE('',*,*,#2121,.T.);
#1068=ORIENTED_EDGE('',*,*,#2209,.T.);
#1069=ORIENTED_EDGE('',*,*,#2256,.F.);
#1070=ORIENTED_EDGE('',*,*,#2257,.T.);
#1071=ORIENTED_EDGE('',*,*,#2254,.T.);
#1072=ORIENTED_EDGE('',*,*,#2256,.T.);
#1073=ORIENTED_EDGE('',*,*,#2208,.T.);
#1074=ORIENTED_EDGE('',*,*,#2249,.F.);
#1075=ORIENTED_EDGE('',*,*,#2258,.T.);
#1076=ORIENTED_EDGE('',*,*,#2251,.F.);
#1077=ORIENTED_EDGE('',*,*,#2253,.T.);
#1078=ORIENTED_EDGE('',*,*,#2255,.T.);
#1079=ORIENTED_EDGE('',*,*,#2257,.F.);
#1080=ORIENTED_EDGE('',*,*,#2258,.F.);
#1081=ORIENTED_EDGE('',*,*,#2259,.T.);
#1082=ORIENTED_EDGE('',*,*,#2204,.T.);
#1083=ORIENTED_EDGE('',*,*,#2115,.F.);
#1084=ORIENTED_EDGE('',*,*,#2260,.F.);
#1085=ORIENTED_EDGE('',*,*,#2261,.T.);
#1086=ORIENTED_EDGE('',*,*,#2145,.F.);
#1087=ORIENTED_EDGE('',*,*,#2262,.F.);
#1088=ORIENTED_EDGE('',*,*,#2263,.F.);
#1089=ORIENTED_EDGE('',*,*,#2260,.T.);
#1090=ORIENTED_EDGE('',*,*,#2144,.F.);
#1091=ORIENTED_EDGE('',*,*,#2264,.F.);
#1092=ORIENTED_EDGE('',*,*,#2265,.F.);
#1093=ORIENTED_EDGE('',*,*,#2262,.T.);
#1094=ORIENTED_EDGE('',*,*,#2117,.T.);
#1095=ORIENTED_EDGE('',*,*,#2206,.T.);
#1096=ORIENTED_EDGE('',*,*,#2266,.F.);
#1097=ORIENTED_EDGE('',*,*,#2267,.T.);
#1098=ORIENTED_EDGE('',*,*,#2264,.T.);
#1099=ORIENTED_EDGE('',*,*,#2266,.T.);
#1100=ORIENTED_EDGE('',*,*,#2205,.T.);
#1101=ORIENTED_EDGE('',*,*,#2259,.F.);
#1102=ORIENTED_EDGE('',*,*,#2268,.T.);
#1103=ORIENTED_EDGE('',*,*,#2261,.F.);
#1104=ORIENTED_EDGE('',*,*,#2263,.T.);
#1105=ORIENTED_EDGE('',*,*,#2265,.T.);
#1106=ORIENTED_EDGE('',*,*,#2267,.F.);
#1107=ORIENTED_EDGE('',*,*,#2268,.F.);
#1108=ORIENTED_EDGE('',*,*,#2269,.T.);
#1109=ORIENTED_EDGE('',*,*,#2201,.T.);
#1110=ORIENTED_EDGE('',*,*,#2111,.F.);
#1111=ORIENTED_EDGE('',*,*,#2270,.F.);
#1112=ORIENTED_EDGE('',*,*,#2271,.T.);
#1113=ORIENTED_EDGE('',*,*,#2147,.F.);
#1114=ORIENTED_EDGE('',*,*,#2272,.F.);
#1115=ORIENTED_EDGE('',*,*,#2273,.F.);
#1116=ORIENTED_EDGE('',*,*,#2270,.T.);
#1117=ORIENTED_EDGE('',*,*,#2146,.F.);
#1118=ORIENTED_EDGE('',*,*,#2274,.F.);
#1119=ORIENTED_EDGE('',*,*,#2275,.F.);
#1120=ORIENTED_EDGE('',*,*,#2272,.T.);
#1121=ORIENTED_EDGE('',*,*,#2113,.T.);
#1122=ORIENTED_EDGE('',*,*,#2203,.T.);
#1123=ORIENTED_EDGE('',*,*,#2276,.F.);
#1124=ORIENTED_EDGE('',*,*,#2277,.T.);
#1125=ORIENTED_EDGE('',*,*,#2274,.T.);
#1126=ORIENTED_EDGE('',*,*,#2276,.T.);
#1127=ORIENTED_EDGE('',*,*,#2202,.T.);
#1128=ORIENTED_EDGE('',*,*,#2269,.F.);
#1129=ORIENTED_EDGE('',*,*,#2278,.T.);
#1130=ORIENTED_EDGE('',*,*,#2271,.F.);
#1131=ORIENTED_EDGE('',*,*,#2273,.T.);
#1132=ORIENTED_EDGE('',*,*,#2275,.T.);
#1133=ORIENTED_EDGE('',*,*,#2277,.F.);
#1134=ORIENTED_EDGE('',*,*,#2278,.F.);
#1135=ORIENTED_EDGE('',*,*,#2279,.T.);
#1136=ORIENTED_EDGE('',*,*,#2198,.T.);
#1137=ORIENTED_EDGE('',*,*,#2107,.F.);
#1138=ORIENTED_EDGE('',*,*,#2280,.F.);
#1139=ORIENTED_EDGE('',*,*,#2281,.T.);
#1140=ORIENTED_EDGE('',*,*,#2149,.F.);
#1141=ORIENTED_EDGE('',*,*,#2282,.F.);
#1142=ORIENTED_EDGE('',*,*,#2283,.F.);
#1143=ORIENTED_EDGE('',*,*,#2280,.T.);
#1144=ORIENTED_EDGE('',*,*,#2148,.F.);
#1145=ORIENTED_EDGE('',*,*,#2284,.F.);
#1146=ORIENTED_EDGE('',*,*,#2285,.F.);
#1147=ORIENTED_EDGE('',*,*,#2282,.T.);
#1148=ORIENTED_EDGE('',*,*,#2109,.T.);
#1149=ORIENTED_EDGE('',*,*,#2200,.T.);
#1150=ORIENTED_EDGE('',*,*,#2286,.F.);
#1151=ORIENTED_EDGE('',*,*,#2287,.T.);
#1152=ORIENTED_EDGE('',*,*,#2284,.T.);
#1153=ORIENTED_EDGE('',*,*,#2286,.T.);
#1154=ORIENTED_EDGE('',*,*,#2199,.T.);
#1155=ORIENTED_EDGE('',*,*,#2279,.F.);
#1156=ORIENTED_EDGE('',*,*,#2288,.T.);
#1157=ORIENTED_EDGE('',*,*,#2281,.F.);
#1158=ORIENTED_EDGE('',*,*,#2283,.T.);
#1159=ORIENTED_EDGE('',*,*,#2285,.T.);
#1160=ORIENTED_EDGE('',*,*,#2287,.F.);
#1161=ORIENTED_EDGE('',*,*,#2288,.F.);
#1162=ORIENTED_EDGE('',*,*,#2289,.T.);
#1163=ORIENTED_EDGE('',*,*,#2195,.T.);
#1164=ORIENTED_EDGE('',*,*,#2103,.F.);
#1165=ORIENTED_EDGE('',*,*,#2290,.F.);
#1166=ORIENTED_EDGE('',*,*,#2291,.T.);
#1167=ORIENTED_EDGE('',*,*,#2151,.F.);
#1168=ORIENTED_EDGE('',*,*,#2292,.F.);
#1169=ORIENTED_EDGE('',*,*,#2293,.F.);
#1170=ORIENTED_EDGE('',*,*,#2290,.T.);
#1171=ORIENTED_EDGE('',*,*,#2150,.F.);
#1172=ORIENTED_EDGE('',*,*,#2294,.F.);
#1173=ORIENTED_EDGE('',*,*,#2295,.F.);
#1174=ORIENTED_EDGE('',*,*,#2292,.T.);
#1175=ORIENTED_EDGE('',*,*,#2105,.T.);
#1176=ORIENTED_EDGE('',*,*,#2197,.T.);
#1177=ORIENTED_EDGE('',*,*,#2296,.F.);
#1178=ORIENTED_EDGE('',*,*,#2297,.T.);
#1179=ORIENTED_EDGE('',*,*,#2294,.T.);
#1180=ORIENTED_EDGE('',*,*,#2296,.T.);
#1181=ORIENTED_EDGE('',*,*,#2196,.T.);
#1182=ORIENTED_EDGE('',*,*,#2289,.F.);
#1183=ORIENTED_EDGE('',*,*,#2298,.T.);
#1184=ORIENTED_EDGE('',*,*,#2291,.F.);
#1185=ORIENTED_EDGE('',*,*,#2293,.T.);
#1186=ORIENTED_EDGE('',*,*,#2295,.T.);
#1187=ORIENTED_EDGE('',*,*,#2297,.F.);
#1188=ORIENTED_EDGE('',*,*,#2298,.F.);
#1189=ORIENTED_EDGE('',*,*,#2299,.T.);
#1190=ORIENTED_EDGE('',*,*,#2192,.T.);
#1191=ORIENTED_EDGE('',*,*,#2098,.F.);
#1192=ORIENTED_EDGE('',*,*,#2300,.F.);
#1193=ORIENTED_EDGE('',*,*,#2301,.T.);
#1194=ORIENTED_EDGE('',*,*,#2135,.F.);
#1195=ORIENTED_EDGE('',*,*,#2302,.F.);
#1196=ORIENTED_EDGE('',*,*,#2303,.F.);
#1197=ORIENTED_EDGE('',*,*,#2300,.T.);
#1198=ORIENTED_EDGE('',*,*,#2134,.F.);
#1199=ORIENTED_EDGE('',*,*,#2304,.F.);
#1200=ORIENTED_EDGE('',*,*,#2305,.F.);
#1201=ORIENTED_EDGE('',*,*,#2302,.T.);
#1202=ORIENTED_EDGE('',*,*,#2101,.T.);
#1203=ORIENTED_EDGE('',*,*,#2194,.T.);
#1204=ORIENTED_EDGE('',*,*,#2306,.F.);
#1205=ORIENTED_EDGE('',*,*,#2307,.T.);
#1206=ORIENTED_EDGE('',*,*,#2304,.T.);
#1207=ORIENTED_EDGE('',*,*,#2306,.T.);
#1208=ORIENTED_EDGE('',*,*,#2193,.T.);
#1209=ORIENTED_EDGE('',*,*,#2299,.F.);
#1210=ORIENTED_EDGE('',*,*,#2308,.T.);
#1211=ORIENTED_EDGE('',*,*,#2301,.F.);
#1212=ORIENTED_EDGE('',*,*,#2303,.T.);
#1213=ORIENTED_EDGE('',*,*,#2305,.T.);
#1214=ORIENTED_EDGE('',*,*,#2307,.F.);
#1215=ORIENTED_EDGE('',*,*,#2308,.F.);
#1216=ORIENTED_EDGE('',*,*,#2309,.T.);
#1217=ORIENTED_EDGE('',*,*,#2310,.T.);
#1218=ORIENTED_EDGE('',*,*,#2311,.T.);
#1219=ORIENTED_EDGE('',*,*,#2312,.F.);
#1220=ORIENTED_EDGE('',*,*,#2313,.T.);
#1221=ORIENTED_EDGE('',*,*,#2314,.T.);
#1222=ORIENTED_EDGE('',*,*,#2315,.T.);
#1223=ORIENTED_EDGE('',*,*,#2316,.F.);
#1224=ORIENTED_EDGE('',*,*,#2317,.T.);
#1225=ORIENTED_EDGE('',*,*,#2318,.T.);
#1226=ORIENTED_EDGE('',*,*,#2319,.T.);
#1227=ORIENTED_EDGE('',*,*,#2320,.T.);
#1228=ORIENTED_EDGE('',*,*,#2321,.T.);
#1229=ORIENTED_EDGE('',*,*,#2322,.F.);
#1230=ORIENTED_EDGE('',*,*,#2323,.F.);
#1231=ORIENTED_EDGE('',*,*,#2324,.F.);
#1232=ORIENTED_EDGE('',*,*,#2325,.F.);
#1233=ORIENTED_EDGE('',*,*,#2326,.F.);
#1234=ORIENTED_EDGE('',*,*,#2327,.T.);
#1235=ORIENTED_EDGE('',*,*,#2328,.T.);
#1236=ORIENTED_EDGE('',*,*,#2329,.T.);
#1237=ORIENTED_EDGE('',*,*,#2330,.T.);
#1238=ORIENTED_EDGE('',*,*,#2331,.T.);
#1239=ORIENTED_EDGE('',*,*,#2332,.T.);
#1240=ORIENTED_EDGE('',*,*,#2333,.T.);
#1241=ORIENTED_EDGE('',*,*,#2334,.F.);
#1242=ORIENTED_EDGE('',*,*,#2335,.F.);
#1243=ORIENTED_EDGE('',*,*,#2336,.T.);
#1244=ORIENTED_EDGE('',*,*,#2337,.F.);
#1245=ORIENTED_EDGE('',*,*,#2338,.T.);
#1246=ORIENTED_EDGE('',*,*,#2316,.T.);
#1247=ORIENTED_EDGE('',*,*,#2339,.T.);
#1248=ORIENTED_EDGE('',*,*,#2340,.T.);
#1249=ORIENTED_EDGE('',*,*,#2341,.F.);
#1250=ORIENTED_EDGE('',*,*,#2325,.T.);
#1251=ORIENTED_EDGE('',*,*,#2342,.T.);
#1252=ORIENTED_EDGE('',*,*,#2343,.T.);
#1253=ORIENTED_EDGE('',*,*,#2344,.F.);
#1254=ORIENTED_EDGE('',*,*,#2345,.T.);
#1255=ORIENTED_EDGE('',*,*,#2346,.T.);
#1256=ORIENTED_EDGE('',*,*,#2347,.T.);
#1257=ORIENTED_EDGE('',*,*,#2348,.F.);
#1258=ORIENTED_EDGE('',*,*,#2334,.T.);
#1259=ORIENTED_EDGE('',*,*,#2349,.T.);
#1260=ORIENTED_EDGE('',*,*,#2350,.T.);
#1261=ORIENTED_EDGE('',*,*,#2351,.F.);
#1262=ORIENTED_EDGE('',*,*,#2323,.T.);
#1263=ORIENTED_EDGE('',*,*,#2352,.T.);
#1264=ORIENTED_EDGE('',*,*,#2353,.T.);
#1265=ORIENTED_EDGE('',*,*,#2354,.F.);
#1266=ORIENTED_EDGE('',*,*,#2312,.T.);
#1267=ORIENTED_EDGE('',*,*,#2355,.T.);
#1268=ORIENTED_EDGE('',*,*,#2356,.T.);
#1269=ORIENTED_EDGE('',*,*,#2357,.F.);
#1270=ORIENTED_EDGE('',*,*,#2358,.T.);
#1271=ORIENTED_EDGE('',*,*,#2359,.T.);
#1272=ORIENTED_EDGE('',*,*,#2360,.F.);
#1273=ORIENTED_EDGE('',*,*,#2361,.T.);
#1274=ORIENTED_EDGE('',*,*,#2362,.T.);
#1275=ORIENTED_EDGE('',*,*,#2363,.F.);
#1276=ORIENTED_EDGE('',*,*,#2364,.F.);
#1277=ORIENTED_EDGE('',*,*,#2365,.F.);
#1278=ORIENTED_EDGE('',*,*,#2366,.T.);
#1279=ORIENTED_EDGE('',*,*,#2367,.T.);
#1280=ORIENTED_EDGE('',*,*,#2368,.T.);
#1281=ORIENTED_EDGE('',*,*,#2369,.F.);
#1282=ORIENTED_EDGE('',*,*,#2370,.T.);
#1283=ORIENTED_EDGE('',*,*,#2371,.T.);
#1284=ORIENTED_EDGE('',*,*,#2350,.F.);
#1285=ORIENTED_EDGE('',*,*,#2372,.T.);
#1286=ORIENTED_EDGE('',*,*,#2373,.T.);
#1287=ORIENTED_EDGE('',*,*,#2374,.T.);
#1288=ORIENTED_EDGE('',*,*,#2375,.F.);
#1289=ORIENTED_EDGE('',*,*,#2376,.T.);
#1290=ORIENTED_EDGE('',*,*,#2377,.T.);
#1291=ORIENTED_EDGE('',*,*,#2378,.T.);
#1292=ORIENTED_EDGE('',*,*,#2379,.F.);
#1293=ORIENTED_EDGE('',*,*,#2380,.F.);
#1294=ORIENTED_EDGE('',*,*,#2381,.F.);
#1295=ORIENTED_EDGE('',*,*,#2382,.T.);
#1296=ORIENTED_EDGE('',*,*,#2383,.F.);
#1297=ORIENTED_EDGE('',*,*,#2384,.F.);
#1298=ORIENTED_EDGE('',*,*,#2343,.F.);
#1299=ORIENTED_EDGE('',*,*,#2385,.F.);
#1300=ORIENTED_EDGE('',*,*,#2386,.F.);
#1301=ORIENTED_EDGE('',*,*,#2387,.F.);
#1302=ORIENTED_EDGE('',*,*,#2388,.T.);
#1303=ORIENTED_EDGE('',*,*,#2389,.F.);
#1304=ORIENTED_EDGE('',*,*,#2356,.F.);
#1305=ORIENTED_EDGE('',*,*,#2390,.F.);
#1306=ORIENTED_EDGE('',*,*,#2391,.F.);
#1307=ORIENTED_EDGE('',*,*,#2392,.F.);
#1308=ORIENTED_EDGE('',*,*,#2393,.T.);
#1309=ORIENTED_EDGE('',*,*,#2394,.T.);
#1310=ORIENTED_EDGE('',*,*,#2395,.T.);
#1311=ORIENTED_EDGE('',*,*,#2396,.F.);
#1312=ORIENTED_EDGE('',*,*,#2397,.F.);
#1313=ORIENTED_EDGE('',*,*,#2392,.T.);
#1314=ORIENTED_EDGE('',*,*,#2398,.T.);
#1315=ORIENTED_EDGE('',*,*,#2399,.F.);
#1316=ORIENTED_EDGE('',*,*,#2400,.F.);
#1317=ORIENTED_EDGE('',*,*,#2396,.T.);
#1318=ORIENTED_EDGE('',*,*,#2401,.F.);
#1319=ORIENTED_EDGE('',*,*,#2402,.T.);
#1320=ORIENTED_EDGE('',*,*,#2403,.T.);
#1321=ORIENTED_EDGE('',*,*,#2404,.F.);
#1322=ORIENTED_EDGE('',*,*,#2405,.F.);
#1323=ORIENTED_EDGE('',*,*,#2406,.T.);
#1324=ORIENTED_EDGE('',*,*,#2407,.T.);
#1325=ORIENTED_EDGE('',*,*,#2408,.T.);
#1326=ORIENTED_EDGE('',*,*,#2409,.T.);
#1327=ORIENTED_EDGE('',*,*,#2410,.T.);
#1328=ORIENTED_EDGE('',*,*,#2313,.F.);
#1329=ORIENTED_EDGE('',*,*,#2344,.T.);
#1330=ORIENTED_EDGE('',*,*,#2384,.T.);
#1331=ORIENTED_EDGE('',*,*,#2411,.T.);
#1332=ORIENTED_EDGE('',*,*,#2412,.T.);
#1333=ORIENTED_EDGE('',*,*,#2413,.F.);
#1334=ORIENTED_EDGE('',*,*,#2365,.T.);
#1335=ORIENTED_EDGE('',*,*,#2355,.F.);
#1336=ORIENTED_EDGE('',*,*,#2311,.F.);
#1337=ORIENTED_EDGE('',*,*,#2414,.T.);
#1338=ORIENTED_EDGE('',*,*,#2401,.T.);
#1339=ORIENTED_EDGE('',*,*,#2415,.F.);
#1340=ORIENTED_EDGE('',*,*,#2416,.F.);
#1341=ORIENTED_EDGE('',*,*,#2417,.F.);
#1342=ORIENTED_EDGE('',*,*,#2418,.T.);
#1343=ORIENTED_EDGE('',*,*,#2416,.T.);
#1344=ORIENTED_EDGE('',*,*,#2419,.T.);
#1345=ORIENTED_EDGE('',*,*,#2420,.F.);
#1346=ORIENTED_EDGE('',*,*,#2421,.T.);
#1347=ORIENTED_EDGE('',*,*,#2417,.T.);
#1348=ORIENTED_EDGE('',*,*,#2422,.F.);
#1349=ORIENTED_EDGE('',*,*,#2423,.F.);
#1350=ORIENTED_EDGE('',*,*,#2424,.T.);
#1351=ORIENTED_EDGE('',*,*,#2420,.T.);
#1352=ORIENTED_EDGE('',*,*,#2425,.T.);
#1353=ORIENTED_EDGE('',*,*,#2337,.T.);
#1354=ORIENTED_EDGE('',*,*,#2426,.T.);
#1355=ORIENTED_EDGE('',*,*,#2427,.T.);
#1356=ORIENTED_EDGE('',*,*,#2423,.T.);
#1357=ORIENTED_EDGE('',*,*,#2428,.T.);
#1358=ORIENTED_EDGE('',*,*,#2429,.F.);
#1359=ORIENTED_EDGE('',*,*,#2430,.T.);
#1360=ORIENTED_EDGE('',*,*,#2431,.T.);
#1361=ORIENTED_EDGE('',*,*,#2351,.T.);
#1362=ORIENTED_EDGE('',*,*,#2371,.F.);
#1363=ORIENTED_EDGE('',*,*,#2432,.T.);
#1364=ORIENTED_EDGE('',*,*,#2433,.F.);
#1365=ORIENTED_EDGE('',*,*,#2434,.F.);
#1366=ORIENTED_EDGE('',*,*,#2378,.F.);
#1367=ORIENTED_EDGE('',*,*,#2435,.F.);
#1368=ORIENTED_EDGE('',*,*,#2436,.F.);
#1369=ORIENTED_EDGE('',*,*,#2437,.T.);
#1370=ORIENTED_EDGE('',*,*,#2429,.T.);
#1371=ORIENTED_EDGE('',*,*,#2438,.T.);
#1372=ORIENTED_EDGE('',*,*,#2439,.F.);
#1373=ORIENTED_EDGE('',*,*,#2440,.T.);
#1374=ORIENTED_EDGE('',*,*,#2441,.T.);
#1375=ORIENTED_EDGE('',*,*,#2442,.F.);
#1376=ORIENTED_EDGE('',*,*,#2443,.F.);
#1377=ORIENTED_EDGE('',*,*,#2444,.T.);
#1378=ORIENTED_EDGE('',*,*,#2445,.T.);
#1379=ORIENTED_EDGE('',*,*,#2374,.F.);
#1380=ORIENTED_EDGE('',*,*,#2446,.F.);
#1381=ORIENTED_EDGE('',*,*,#2447,.T.);
#1382=ORIENTED_EDGE('',*,*,#2439,.T.);
#1383=ORIENTED_EDGE('',*,*,#2448,.F.);
#1384=ORIENTED_EDGE('',*,*,#2449,.F.);
#1385=ORIENTED_EDGE('',*,*,#2394,.F.);
#1386=ORIENTED_EDGE('',*,*,#2450,.T.);
#1387=ORIENTED_EDGE('',*,*,#2399,.T.);
#1388=ORIENTED_EDGE('',*,*,#2451,.F.);
#1389=ORIENTED_EDGE('',*,*,#2452,.T.);
#1390=ORIENTED_EDGE('',*,*,#2387,.T.);
#1391=ORIENTED_EDGE('',*,*,#2453,.F.);
#1392=ORIENTED_EDGE('',*,*,#2407,.F.);
#1393=ORIENTED_EDGE('',*,*,#2454,.T.);
#1394=ORIENTED_EDGE('',*,*,#2446,.T.);
#1395=ORIENTED_EDGE('',*,*,#2455,.T.);
#1396=ORIENTED_EDGE('',*,*,#2390,.T.);
#1397=ORIENTED_EDGE('',*,*,#2456,.F.);
#1398=ORIENTED_EDGE('',*,*,#2391,.T.);
#1399=ORIENTED_EDGE('',*,*,#2449,.T.);
#1400=ORIENTED_EDGE('',*,*,#2398,.F.);
#1401=ORIENTED_EDGE('',*,*,#2395,.F.);
#1402=ORIENTED_EDGE('',*,*,#2438,.F.);
#1403=ORIENTED_EDGE('',*,*,#2428,.F.);
#1404=ORIENTED_EDGE('',*,*,#2425,.F.);
#1405=ORIENTED_EDGE('',*,*,#2422,.T.);
#1406=ORIENTED_EDGE('',*,*,#2419,.F.);
#1407=ORIENTED_EDGE('',*,*,#2415,.T.);
#1408=ORIENTED_EDGE('',*,*,#2408,.F.);
#1409=ORIENTED_EDGE('',*,*,#2455,.F.);
#1410=ORIENTED_EDGE('',*,*,#2448,.T.);
#1411=ORIENTED_EDGE('',*,*,#2456,.T.);
#1412=ORIENTED_EDGE('',*,*,#2457,.F.);
#1413=ORIENTED_EDGE('',*,*,#2458,.T.);
#1414=ORIENTED_EDGE('',*,*,#2459,.T.);
#1415=ORIENTED_EDGE('',*,*,#2385,.T.);
#1416=ORIENTED_EDGE('',*,*,#2342,.F.);
#1417=ORIENTED_EDGE('',*,*,#2324,.T.);
#1418=ORIENTED_EDGE('',*,*,#2357,.T.);
#1419=ORIENTED_EDGE('',*,*,#2389,.T.);
#1420=ORIENTED_EDGE('',*,*,#2460,.F.);
#1421=ORIENTED_EDGE('',*,*,#2461,.T.);
#1422=ORIENTED_EDGE('',*,*,#2462,.T.);
#1423=ORIENTED_EDGE('',*,*,#2358,.F.);
#1424=ORIENTED_EDGE('',*,*,#2463,.F.);
#1425=ORIENTED_EDGE('',*,*,#2464,.T.);
#1426=ORIENTED_EDGE('',*,*,#2465,.T.);
#1427=ORIENTED_EDGE('',*,*,#2466,.F.);
#1428=ORIENTED_EDGE('',*,*,#2467,.F.);
#1429=ORIENTED_EDGE('',*,*,#2468,.T.);
#1430=ORIENTED_EDGE('',*,*,#2469,.T.);
#1431=ORIENTED_EDGE('',*,*,#2470,.T.);
#1432=ORIENTED_EDGE('',*,*,#2471,.T.);
#1433=ORIENTED_EDGE('',*,*,#2472,.T.);
#1434=ORIENTED_EDGE('',*,*,#2473,.T.);
#1435=ORIENTED_EDGE('',*,*,#2474,.T.);
#1436=ORIENTED_EDGE('',*,*,#2475,.F.);
#1437=ORIENTED_EDGE('',*,*,#2476,.T.);
#1438=ORIENTED_EDGE('',*,*,#2463,.T.);
#1439=ORIENTED_EDGE('',*,*,#2360,.T.);
#1440=ORIENTED_EDGE('',*,*,#2462,.F.);
#1441=ORIENTED_EDGE('',*,*,#2477,.T.);
#1442=ORIENTED_EDGE('',*,*,#2475,.T.);
#1443=ORIENTED_EDGE('',*,*,#2359,.F.);
#1444=ORIENTED_EDGE('',*,*,#2332,.F.);
#1445=ORIENTED_EDGE('',*,*,#2478,.T.);
#1446=ORIENTED_EDGE('',*,*,#2479,.F.);
#1447=ORIENTED_EDGE('',*,*,#2480,.F.);
#1448=ORIENTED_EDGE('',*,*,#2338,.F.);
#1449=ORIENTED_EDGE('',*,*,#2435,.T.);
#1450=ORIENTED_EDGE('',*,*,#2377,.F.);
#1451=ORIENTED_EDGE('',*,*,#2481,.F.);
#1452=ORIENTED_EDGE('',*,*,#2482,.F.);
#1453=ORIENTED_EDGE('',*,*,#2483,.T.);
#1454=ORIENTED_EDGE('',*,*,#2372,.F.);
#1455=ORIENTED_EDGE('',*,*,#2349,.F.);
#1456=ORIENTED_EDGE('',*,*,#2333,.F.);
#1457=ORIENTED_EDGE('',*,*,#2481,.T.);
#1458=ORIENTED_EDGE('',*,*,#2376,.F.);
#1459=ORIENTED_EDGE('',*,*,#2484,.F.);
#1460=ORIENTED_EDGE('',*,*,#2431,.F.);
#1461=ORIENTED_EDGE('',*,*,#2485,.T.);
#1462=ORIENTED_EDGE('',*,*,#2486,.F.);
#1463=ORIENTED_EDGE('',*,*,#2345,.F.);
#1464=ORIENTED_EDGE('',*,*,#2362,.F.);
#1465=ORIENTED_EDGE('',*,*,#2487,.F.);
#1466=ORIENTED_EDGE('',*,*,#2488,.F.);
#1467=ORIENTED_EDGE('',*,*,#2489,.T.);
#1468=ORIENTED_EDGE('',*,*,#2361,.F.);
#1469=ORIENTED_EDGE('',*,*,#2490,.F.);
#1470=ORIENTED_EDGE('',*,*,#2491,.F.);
#1471=ORIENTED_EDGE('',*,*,#2487,.T.);
#1472=ORIENTED_EDGE('',*,*,#2490,.T.);
#1473=ORIENTED_EDGE('',*,*,#2364,.T.);
#1474=ORIENTED_EDGE('',*,*,#2492,.F.);
#1475=ORIENTED_EDGE('',*,*,#2493,.T.);
#1476=ORIENTED_EDGE('',*,*,#2492,.T.);
#1477=ORIENTED_EDGE('',*,*,#2363,.T.);
#1478=ORIENTED_EDGE('',*,*,#2489,.F.);
#1479=ORIENTED_EDGE('',*,*,#2494,.T.);
#1480=ORIENTED_EDGE('',*,*,#2393,.F.);
#1481=ORIENTED_EDGE('',*,*,#2397,.T.);
#1482=ORIENTED_EDGE('',*,*,#2400,.T.);
#1483=ORIENTED_EDGE('',*,*,#2450,.F.);
#1484=ORIENTED_EDGE('',*,*,#2488,.T.);
#1485=ORIENTED_EDGE('',*,*,#2491,.T.);
#1486=ORIENTED_EDGE('',*,*,#2493,.F.);
#1487=ORIENTED_EDGE('',*,*,#2494,.F.);
#1488=ORIENTED_EDGE('',*,*,#2367,.F.);
#1489=ORIENTED_EDGE('',*,*,#2495,.T.);
#1490=ORIENTED_EDGE('',*,*,#2496,.F.);
#1491=ORIENTED_EDGE('',*,*,#2497,.F.);
#1492=ORIENTED_EDGE('',*,*,#2382,.F.);
#1493=ORIENTED_EDGE('',*,*,#2498,.F.);
#1494=ORIENTED_EDGE('',*,*,#2499,.F.);
#1495=ORIENTED_EDGE('',*,*,#2500,.T.);
#1496=ORIENTED_EDGE('',*,*,#2498,.T.);
#1497=ORIENTED_EDGE('',*,*,#2381,.T.);
#1498=ORIENTED_EDGE('',*,*,#2501,.F.);
#1499=ORIENTED_EDGE('',*,*,#2502,.T.);
#1500=ORIENTED_EDGE('',*,*,#2503,.F.);
#1501=ORIENTED_EDGE('',*,*,#2369,.T.);
#1502=ORIENTED_EDGE('',*,*,#2504,.F.);
#1503=ORIENTED_EDGE('',*,*,#2505,.T.);
#1504=ORIENTED_EDGE('',*,*,#2501,.T.);
#1505=ORIENTED_EDGE('',*,*,#2380,.T.);
#1506=ORIENTED_EDGE('',*,*,#2506,.T.);
#1507=ORIENTED_EDGE('',*,*,#2507,.T.);
#1508=ORIENTED_EDGE('',*,*,#2368,.F.);
#1509=ORIENTED_EDGE('',*,*,#2500,.F.);
#1510=ORIENTED_EDGE('',*,*,#2508,.F.);
#1511=ORIENTED_EDGE('',*,*,#2504,.T.);
#1512=ORIENTED_EDGE('',*,*,#2509,.T.);
#1513=ORIENTED_EDGE('',*,*,#2510,.T.);
#1514=ORIENTED_EDGE('',*,*,#2511,.T.);
#1515=ORIENTED_EDGE('',*,*,#2512,.T.);
#1516=ORIENTED_EDGE('',*,*,#2513,.T.);
#1517=ORIENTED_EDGE('',*,*,#2514,.T.);
#1518=ORIENTED_EDGE('',*,*,#2499,.T.);
#1519=ORIENTED_EDGE('',*,*,#2502,.F.);
#1520=ORIENTED_EDGE('',*,*,#2505,.F.);
#1521=ORIENTED_EDGE('',*,*,#2508,.T.);
#1522=ORIENTED_EDGE('',*,*,#2322,.T.);
#1523=ORIENTED_EDGE('',*,*,#2515,.T.);
#1524=ORIENTED_EDGE('',*,*,#2405,.T.);
#1525=ORIENTED_EDGE('',*,*,#2516,.F.);
#1526=ORIENTED_EDGE('',*,*,#2352,.F.);
#1527=ORIENTED_EDGE('',*,*,#2403,.F.);
#1528=ORIENTED_EDGE('',*,*,#2517,.T.);
#1529=ORIENTED_EDGE('',*,*,#2309,.F.);
#1530=ORIENTED_EDGE('',*,*,#2354,.T.);
#1531=ORIENTED_EDGE('',*,*,#2518,.T.);
#1532=ORIENTED_EDGE('',*,*,#2353,.F.);
#1533=ORIENTED_EDGE('',*,*,#2516,.T.);
#1534=ORIENTED_EDGE('',*,*,#2404,.T.);
#1535=ORIENTED_EDGE('',*,*,#2518,.F.);
#1536=ORIENTED_EDGE('',*,*,#2486,.T.);
#1537=ORIENTED_EDGE('',*,*,#2519,.T.);
#1538=ORIENTED_EDGE('',*,*,#2436,.T.);
#1539=ORIENTED_EDGE('',*,*,#2520,.F.);
#1540=ORIENTED_EDGE('',*,*,#2346,.F.);
#1541=ORIENTED_EDGE('',*,*,#2441,.F.);
#1542=ORIENTED_EDGE('',*,*,#2521,.T.);
#1543=ORIENTED_EDGE('',*,*,#2317,.F.);
#1544=ORIENTED_EDGE('',*,*,#2348,.T.);
#1545=ORIENTED_EDGE('',*,*,#2522,.T.);
#1546=ORIENTED_EDGE('',*,*,#2520,.T.);
#1547=ORIENTED_EDGE('',*,*,#2442,.T.);
#1548=ORIENTED_EDGE('',*,*,#2522,.F.);
#1549=ORIENTED_EDGE('',*,*,#2347,.F.);
#1550=ORIENTED_EDGE('',*,*,#2473,.F.);
#1551=ORIENTED_EDGE('',*,*,#2523,.T.);
#1552=ORIENTED_EDGE('',*,*,#2335,.T.);
#1553=ORIENTED_EDGE('',*,*,#2480,.T.);
#1554=ORIENTED_EDGE('',*,*,#2524,.F.);
#1555=ORIENTED_EDGE('',*,*,#2331,.F.);
#1556=ORIENTED_EDGE('',*,*,#2525,.T.);
#1557=ORIENTED_EDGE('',*,*,#2460,.T.);
#1558=ORIENTED_EDGE('',*,*,#2526,.T.);
#1559=ORIENTED_EDGE('',*,*,#2478,.F.);
#1560=ORIENTED_EDGE('',*,*,#2474,.F.);
#1561=ORIENTED_EDGE('',*,*,#2524,.T.);
#1562=ORIENTED_EDGE('',*,*,#2479,.T.);
#1563=ORIENTED_EDGE('',*,*,#2526,.F.);
#1564=ORIENTED_EDGE('',*,*,#2315,.F.);
#1565=ORIENTED_EDGE('',*,*,#2527,.T.);
#1566=ORIENTED_EDGE('',*,*,#2467,.T.);
#1567=ORIENTED_EDGE('',*,*,#2528,.T.);
#1568=ORIENTED_EDGE('',*,*,#2339,.F.);
#1569=ORIENTED_EDGE('',*,*,#2465,.F.);
#1570=ORIENTED_EDGE('',*,*,#2529,.T.);
#1571=ORIENTED_EDGE('',*,*,#2326,.T.);
#1572=ORIENTED_EDGE('',*,*,#2341,.T.);
#1573=ORIENTED_EDGE('',*,*,#2530,.F.);
#1574=ORIENTED_EDGE('',*,*,#2340,.F.);
#1575=ORIENTED_EDGE('',*,*,#2528,.F.);
#1576=ORIENTED_EDGE('',*,*,#2466,.T.);
#1577=ORIENTED_EDGE('',*,*,#2530,.T.);
#1578=ORIENTED_EDGE('',*,*,#2433,.T.);
#1579=ORIENTED_EDGE('',*,*,#2531,.F.);
#1580=ORIENTED_EDGE('',*,*,#2507,.F.);
#1581=ORIENTED_EDGE('',*,*,#2532,.T.);
#1582=ORIENTED_EDGE('',*,*,#2434,.T.);
#1583=ORIENTED_EDGE('',*,*,#2532,.F.);
#1584=ORIENTED_EDGE('',*,*,#2506,.F.);
#1585=ORIENTED_EDGE('',*,*,#2379,.T.);
#1586=ORIENTED_EDGE('',*,*,#2370,.F.);
#1587=ORIENTED_EDGE('',*,*,#2503,.T.);
#1588=ORIENTED_EDGE('',*,*,#2531,.T.);
#1589=ORIENTED_EDGE('',*,*,#2432,.F.);
#1590=ORIENTED_EDGE('',*,*,#2533,.T.);
#1591=ORIENTED_EDGE('',*,*,#2496,.T.);
#1592=ORIENTED_EDGE('',*,*,#2534,.F.);
#1593=ORIENTED_EDGE('',*,*,#2412,.F.);
#1594=ORIENTED_EDGE('',*,*,#2383,.T.);
#1595=ORIENTED_EDGE('',*,*,#2497,.T.);
#1596=ORIENTED_EDGE('',*,*,#2533,.F.);
#1597=ORIENTED_EDGE('',*,*,#2411,.F.);
#1598=ORIENTED_EDGE('',*,*,#2413,.T.);
#1599=ORIENTED_EDGE('',*,*,#2534,.T.);
#1600=ORIENTED_EDGE('',*,*,#2495,.F.);
#1601=ORIENTED_EDGE('',*,*,#2366,.F.);
#1602=ORIENTED_EDGE('',*,*,#2535,.F.);
#1603=ORIENTED_EDGE('',*,*,#2482,.T.);
#1604=ORIENTED_EDGE('',*,*,#2536,.T.);
#1605=ORIENTED_EDGE('',*,*,#2444,.F.);
#1606=ORIENTED_EDGE('',*,*,#2536,.F.);
#1607=ORIENTED_EDGE('',*,*,#2484,.T.);
#1608=ORIENTED_EDGE('',*,*,#2375,.T.);
#1609=ORIENTED_EDGE('',*,*,#2445,.F.);
#1610=ORIENTED_EDGE('',*,*,#2443,.T.);
#1611=ORIENTED_EDGE('',*,*,#2373,.F.);
#1612=ORIENTED_EDGE('',*,*,#2483,.F.);
#1613=ORIENTED_EDGE('',*,*,#2535,.T.);
#1614=ORIENTED_EDGE('',*,*,#2537,.T.);
#1615=ORIENTED_EDGE('',*,*,#2457,.T.);
#1616=ORIENTED_EDGE('',*,*,#2388,.F.);
#1617=ORIENTED_EDGE('',*,*,#2452,.F.);
#1618=ORIENTED_EDGE('',*,*,#2453,.T.);
#1619=ORIENTED_EDGE('',*,*,#2386,.T.);
#1620=ORIENTED_EDGE('',*,*,#2459,.F.);
#1621=ORIENTED_EDGE('',*,*,#2538,.F.);
#1622=ORIENTED_EDGE('',*,*,#2451,.T.);
#1623=ORIENTED_EDGE('',*,*,#2538,.T.);
#1624=ORIENTED_EDGE('',*,*,#2458,.F.);
#1625=ORIENTED_EDGE('',*,*,#2537,.F.);
#1626=ORIENTED_EDGE('',*,*,#2539,.F.);
#1627=ORIENTED_EDGE('',*,*,#2418,.F.);
#1628=ORIENTED_EDGE('',*,*,#2540,.F.);
#1629=ORIENTED_EDGE('',*,*,#2512,.F.);
#1630=ORIENTED_EDGE('',*,*,#2527,.F.);
#1631=ORIENTED_EDGE('',*,*,#2314,.F.);
#1632=ORIENTED_EDGE('',*,*,#2541,.F.);
#1633=ORIENTED_EDGE('',*,*,#2468,.F.);
#1634=ORIENTED_EDGE('',*,*,#2540,.T.);
#1635=ORIENTED_EDGE('',*,*,#2421,.F.);
#1636=ORIENTED_EDGE('',*,*,#2542,.F.);
#1637=ORIENTED_EDGE('',*,*,#2513,.F.);
#1638=ORIENTED_EDGE('',*,*,#2539,.T.);
#1639=ORIENTED_EDGE('',*,*,#2511,.F.);
#1640=ORIENTED_EDGE('',*,*,#2543,.F.);
#1641=ORIENTED_EDGE('',*,*,#2409,.F.);
#1642=ORIENTED_EDGE('',*,*,#2541,.T.);
#1643=ORIENTED_EDGE('',*,*,#2410,.F.);
#1644=ORIENTED_EDGE('',*,*,#2544,.F.);
#1645=ORIENTED_EDGE('',*,*,#2469,.F.);
#1646=ORIENTED_EDGE('',*,*,#2542,.T.);
#1647=ORIENTED_EDGE('',*,*,#2424,.F.);
#1648=ORIENTED_EDGE('',*,*,#2545,.F.);
#1649=ORIENTED_EDGE('',*,*,#2514,.F.);
#1650=ORIENTED_EDGE('',*,*,#2544,.T.);
#1651=ORIENTED_EDGE('',*,*,#2543,.T.);
#1652=ORIENTED_EDGE('',*,*,#2546,.F.);
#1653=ORIENTED_EDGE('',*,*,#2545,.T.);
#1654=ORIENTED_EDGE('',*,*,#2427,.F.);
#1655=ORIENTED_EDGE('',*,*,#2547,.F.);
#1656=ORIENTED_EDGE('',*,*,#2509,.F.);
#1657=ORIENTED_EDGE('',*,*,#2546,.T.);
#1658=ORIENTED_EDGE('',*,*,#2510,.F.);
#1659=ORIENTED_EDGE('',*,*,#2548,.F.);
#1660=ORIENTED_EDGE('',*,*,#2470,.F.);
#1661=ORIENTED_EDGE('',*,*,#2548,.T.);
#1662=ORIENTED_EDGE('',*,*,#2547,.T.);
#1663=ORIENTED_EDGE('',*,*,#2549,.F.);
#1664=ORIENTED_EDGE('',*,*,#2549,.T.);
#1665=ORIENTED_EDGE('',*,*,#2426,.F.);
#1666=ORIENTED_EDGE('',*,*,#2550,.F.);
#1667=ORIENTED_EDGE('',*,*,#2471,.F.);
#1668=ORIENTED_EDGE('',*,*,#2550,.T.);
#1669=ORIENTED_EDGE('',*,*,#2336,.F.);
#1670=ORIENTED_EDGE('',*,*,#2523,.F.);
#1671=ORIENTED_EDGE('',*,*,#2472,.F.);
#1672=ORIENTED_EDGE('',*,*,#2529,.F.);
#1673=ORIENTED_EDGE('',*,*,#2464,.F.);
#1674=ORIENTED_EDGE('',*,*,#2551,.F.);
#1675=ORIENTED_EDGE('',*,*,#2327,.F.);
#1676=ORIENTED_EDGE('',*,*,#2551,.T.);
#1677=ORIENTED_EDGE('',*,*,#2476,.F.);
#1678=ORIENTED_EDGE('',*,*,#2552,.F.);
#1679=ORIENTED_EDGE('',*,*,#2328,.F.);
#1680=ORIENTED_EDGE('',*,*,#2552,.T.);
#1681=ORIENTED_EDGE('',*,*,#2477,.F.);
#1682=ORIENTED_EDGE('',*,*,#2553,.F.);
#1683=ORIENTED_EDGE('',*,*,#2329,.F.);
#1684=ORIENTED_EDGE('',*,*,#2525,.F.);
#1685=ORIENTED_EDGE('',*,*,#2330,.F.);
#1686=ORIENTED_EDGE('',*,*,#2553,.T.);
#1687=ORIENTED_EDGE('',*,*,#2461,.F.);
#1688=ORIENTED_EDGE('',*,*,#2430,.F.);
#1689=ORIENTED_EDGE('',*,*,#2437,.F.);
#1690=ORIENTED_EDGE('',*,*,#2519,.F.);
#1691=ORIENTED_EDGE('',*,*,#2485,.F.);
#1692=ORIENTED_EDGE('',*,*,#2515,.F.);
#1693=ORIENTED_EDGE('',*,*,#2321,.F.);
#1694=ORIENTED_EDGE('',*,*,#2554,.F.);
#1695=ORIENTED_EDGE('',*,*,#2406,.F.);
#1696=ORIENTED_EDGE('',*,*,#2554,.T.);
#1697=ORIENTED_EDGE('',*,*,#2320,.F.);
#1698=ORIENTED_EDGE('',*,*,#2555,.F.);
#1699=ORIENTED_EDGE('',*,*,#2454,.F.);
#1700=ORIENTED_EDGE('',*,*,#2555,.T.);
#1701=ORIENTED_EDGE('',*,*,#2319,.F.);
#1702=ORIENTED_EDGE('',*,*,#2556,.F.);
#1703=ORIENTED_EDGE('',*,*,#2447,.F.);
#1704=ORIENTED_EDGE('',*,*,#2521,.F.);
#1705=ORIENTED_EDGE('',*,*,#2440,.F.);
#1706=ORIENTED_EDGE('',*,*,#2556,.T.);
#1707=ORIENTED_EDGE('',*,*,#2318,.F.);
#1708=ORIENTED_EDGE('',*,*,#2517,.F.);
#1709=ORIENTED_EDGE('',*,*,#2402,.F.);
#1710=ORIENTED_EDGE('',*,*,#2414,.F.);
#1711=ORIENTED_EDGE('',*,*,#2310,.F.);
#1712=ORIENTED_EDGE('',*,*,#2557,.F.);
#1713=ORIENTED_EDGE('',*,*,#2558,.F.);
#1714=ORIENTED_EDGE('',*,*,#2559,.T.);
#1715=ORIENTED_EDGE('',*,*,#2560,.T.);
#1716=ORIENTED_EDGE('',*,*,#2561,.T.);
#1717=ORIENTED_EDGE('',*,*,#2562,.F.);
#1718=ORIENTED_EDGE('',*,*,#2563,.F.);
#1719=ORIENTED_EDGE('',*,*,#2558,.T.);
#1720=ORIENTED_EDGE('',*,*,#2564,.F.);
#1721=ORIENTED_EDGE('',*,*,#2565,.F.);
#1722=ORIENTED_EDGE('',*,*,#2566,.T.);
#1723=ORIENTED_EDGE('',*,*,#2562,.T.);
#1724=ORIENTED_EDGE('',*,*,#2567,.F.);
#1725=ORIENTED_EDGE('',*,*,#2568,.F.);
#1726=ORIENTED_EDGE('',*,*,#2569,.T.);
#1727=ORIENTED_EDGE('',*,*,#2565,.T.);
#1728=ORIENTED_EDGE('',*,*,#2570,.T.);
#1729=ORIENTED_EDGE('',*,*,#2571,.F.);
#1730=ORIENTED_EDGE('',*,*,#2572,.F.);
#1731=ORIENTED_EDGE('',*,*,#2568,.T.);
#1732=ORIENTED_EDGE('',*,*,#2573,.T.);
#1733=ORIENTED_EDGE('',*,*,#2574,.F.);
#1734=ORIENTED_EDGE('',*,*,#2575,.F.);
#1735=ORIENTED_EDGE('',*,*,#2571,.T.);
#1736=ORIENTED_EDGE('',*,*,#2576,.T.);
#1737=ORIENTED_EDGE('',*,*,#2577,.F.);
#1738=ORIENTED_EDGE('',*,*,#2578,.F.);
#1739=ORIENTED_EDGE('',*,*,#2574,.T.);
#1740=ORIENTED_EDGE('',*,*,#2579,.T.);
#1741=ORIENTED_EDGE('',*,*,#2580,.F.);
#1742=ORIENTED_EDGE('',*,*,#2581,.F.);
#1743=ORIENTED_EDGE('',*,*,#2577,.T.);
#1744=ORIENTED_EDGE('',*,*,#2582,.T.);
#1745=ORIENTED_EDGE('',*,*,#2583,.F.);
#1746=ORIENTED_EDGE('',*,*,#2584,.F.);
#1747=ORIENTED_EDGE('',*,*,#2580,.T.);
#1748=ORIENTED_EDGE('',*,*,#2585,.T.);
#1749=ORIENTED_EDGE('',*,*,#2560,.F.);
#1750=ORIENTED_EDGE('',*,*,#2586,.F.);
#1751=ORIENTED_EDGE('',*,*,#2583,.T.);
#1752=ORIENTED_EDGE('',*,*,#2559,.F.);
#1753=ORIENTED_EDGE('',*,*,#2563,.T.);
#1754=ORIENTED_EDGE('',*,*,#2566,.F.);
#1755=ORIENTED_EDGE('',*,*,#2569,.F.);
#1756=ORIENTED_EDGE('',*,*,#2572,.T.);
#1757=ORIENTED_EDGE('',*,*,#2575,.T.);
#1758=ORIENTED_EDGE('',*,*,#2578,.T.);
#1759=ORIENTED_EDGE('',*,*,#2581,.T.);
#1760=ORIENTED_EDGE('',*,*,#2584,.T.);
#1761=ORIENTED_EDGE('',*,*,#2586,.T.);
#1762=ORIENTED_EDGE('',*,*,#2557,.T.);
#1763=ORIENTED_EDGE('',*,*,#2585,.F.);
#1764=ORIENTED_EDGE('',*,*,#2582,.F.);
#1765=ORIENTED_EDGE('',*,*,#2579,.F.);
#1766=ORIENTED_EDGE('',*,*,#2576,.F.);
#1767=ORIENTED_EDGE('',*,*,#2573,.F.);
#1768=ORIENTED_EDGE('',*,*,#2570,.F.);
#1769=ORIENTED_EDGE('',*,*,#2567,.T.);
#1770=ORIENTED_EDGE('',*,*,#2564,.T.);
#1771=ORIENTED_EDGE('',*,*,#2561,.F.);
#1772=ORIENTED_EDGE('',*,*,#2587,.F.);
#1773=ORIENTED_EDGE('',*,*,#2588,.F.);
#1774=ORIENTED_EDGE('',*,*,#2589,.T.);
#1775=ORIENTED_EDGE('',*,*,#2590,.T.);
#1776=ORIENTED_EDGE('',*,*,#2591,.T.);
#1777=ORIENTED_EDGE('',*,*,#2592,.F.);
#1778=ORIENTED_EDGE('',*,*,#2593,.F.);
#1779=ORIENTED_EDGE('',*,*,#2588,.T.);
#1780=ORIENTED_EDGE('',*,*,#2594,.F.);
#1781=ORIENTED_EDGE('',*,*,#2595,.F.);
#1782=ORIENTED_EDGE('',*,*,#2596,.T.);
#1783=ORIENTED_EDGE('',*,*,#2592,.T.);
#1784=ORIENTED_EDGE('',*,*,#2597,.F.);
#1785=ORIENTED_EDGE('',*,*,#2598,.F.);
#1786=ORIENTED_EDGE('',*,*,#2599,.T.);
#1787=ORIENTED_EDGE('',*,*,#2595,.T.);
#1788=ORIENTED_EDGE('',*,*,#2600,.T.);
#1789=ORIENTED_EDGE('',*,*,#2601,.F.);
#1790=ORIENTED_EDGE('',*,*,#2602,.F.);
#1791=ORIENTED_EDGE('',*,*,#2598,.T.);
#1792=ORIENTED_EDGE('',*,*,#2603,.T.);
#1793=ORIENTED_EDGE('',*,*,#2604,.F.);
#1794=ORIENTED_EDGE('',*,*,#2605,.F.);
#1795=ORIENTED_EDGE('',*,*,#2601,.T.);
#1796=ORIENTED_EDGE('',*,*,#2606,.T.);
#1797=ORIENTED_EDGE('',*,*,#2607,.F.);
#1798=ORIENTED_EDGE('',*,*,#2608,.F.);
#1799=ORIENTED_EDGE('',*,*,#2604,.T.);
#1800=ORIENTED_EDGE('',*,*,#2609,.F.);
#1801=ORIENTED_EDGE('',*,*,#2610,.F.);
#1802=ORIENTED_EDGE('',*,*,#2611,.T.);
#1803=ORIENTED_EDGE('',*,*,#2607,.T.);
#1804=ORIENTED_EDGE('',*,*,#2612,.T.);
#1805=ORIENTED_EDGE('',*,*,#2613,.F.);
#1806=ORIENTED_EDGE('',*,*,#2614,.F.);
#1807=ORIENTED_EDGE('',*,*,#2610,.T.);
#1808=ORIENTED_EDGE('',*,*,#2615,.F.);
#1809=ORIENTED_EDGE('',*,*,#2616,.F.);
#1810=ORIENTED_EDGE('',*,*,#2617,.T.);
#1811=ORIENTED_EDGE('',*,*,#2613,.T.);
#1812=ORIENTED_EDGE('',*,*,#2618,.F.);
#1813=ORIENTED_EDGE('',*,*,#2619,.F.);
#1814=ORIENTED_EDGE('',*,*,#2620,.T.);
#1815=ORIENTED_EDGE('',*,*,#2616,.T.);
#1816=ORIENTED_EDGE('',*,*,#2621,.F.);
#1817=ORIENTED_EDGE('',*,*,#2590,.F.);
#1818=ORIENTED_EDGE('',*,*,#2622,.T.);
#1819=ORIENTED_EDGE('',*,*,#2619,.T.);
#1820=ORIENTED_EDGE('',*,*,#2589,.F.);
#1821=ORIENTED_EDGE('',*,*,#2593,.T.);
#1822=ORIENTED_EDGE('',*,*,#2596,.F.);
#1823=ORIENTED_EDGE('',*,*,#2599,.F.);
#1824=ORIENTED_EDGE('',*,*,#2602,.T.);
#1825=ORIENTED_EDGE('',*,*,#2605,.T.);
#1826=ORIENTED_EDGE('',*,*,#2608,.T.);
#1827=ORIENTED_EDGE('',*,*,#2611,.F.);
#1828=ORIENTED_EDGE('',*,*,#2614,.T.);
#1829=ORIENTED_EDGE('',*,*,#2617,.F.);
#1830=ORIENTED_EDGE('',*,*,#2620,.F.);
#1831=ORIENTED_EDGE('',*,*,#2622,.F.);
#1832=ORIENTED_EDGE('',*,*,#2587,.T.);
#1833=ORIENTED_EDGE('',*,*,#2621,.T.);
#1834=ORIENTED_EDGE('',*,*,#2618,.T.);
#1835=ORIENTED_EDGE('',*,*,#2615,.T.);
#1836=ORIENTED_EDGE('',*,*,#2612,.F.);
#1837=ORIENTED_EDGE('',*,*,#2609,.T.);
#1838=ORIENTED_EDGE('',*,*,#2606,.F.);
#1839=ORIENTED_EDGE('',*,*,#2603,.F.);
#1840=ORIENTED_EDGE('',*,*,#2600,.F.);
#1841=ORIENTED_EDGE('',*,*,#2597,.T.);
#1842=ORIENTED_EDGE('',*,*,#2594,.T.);
#1843=ORIENTED_EDGE('',*,*,#2591,.F.);
#1844=EDGE_CURVE('',#2623,#2624,#3128,.T.);
#1845=EDGE_CURVE('',#2623,#2625,#3129,.F.);
#1846=EDGE_CURVE('',#2625,#2626,#3130,.T.);
#1847=EDGE_CURVE('',#2626,#2624,#3131,.T.);
#1848=EDGE_CURVE('',#2627,#2628,#3132,.T.);
#1849=EDGE_CURVE('',#2628,#2629,#3133,.T.);
#1850=EDGE_CURVE('',#2629,#2630,#179,.F.);
#1851=EDGE_CURVE('',#2630,#2631,#3134,.T.);
#1852=EDGE_CURVE('',#2631,#2632,#3135,.T.);
#1853=EDGE_CURVE('',#2632,#2633,#180,.F.);
#1854=EDGE_CURVE('',#2633,#2634,#3136,.T.);
#1855=EDGE_CURVE('',#2634,#2635,#3137,.T.);
#1856=EDGE_CURVE('',#2635,#2636,#181,.F.);
#1857=EDGE_CURVE('',#2636,#2637,#3138,.T.);
#1858=EDGE_CURVE('',#2637,#2638,#3139,.T.);
#1859=EDGE_CURVE('',#2638,#2639,#182,.F.);
#1860=EDGE_CURVE('',#2639,#2640,#3140,.T.);
#1861=EDGE_CURVE('',#2640,#2641,#3141,.T.);
#1862=EDGE_CURVE('',#2641,#2642,#183,.F.);
#1863=EDGE_CURVE('',#2642,#2643,#3142,.T.);
#1864=EDGE_CURVE('',#2643,#2644,#3143,.T.);
#1865=EDGE_CURVE('',#2644,#2645,#184,.F.);
#1866=EDGE_CURVE('',#2645,#2646,#3144,.T.);
#1867=EDGE_CURVE('',#2646,#2647,#3145,.T.);
#1868=EDGE_CURVE('',#2647,#2648,#185,.F.);
#1869=EDGE_CURVE('',#2648,#2649,#3146,.T.);
#1870=EDGE_CURVE('',#2649,#2650,#3147,.T.);
#1871=EDGE_CURVE('',#2650,#2651,#186,.F.);
#1872=EDGE_CURVE('',#2651,#2652,#3148,.T.);
#1873=EDGE_CURVE('',#2652,#2653,#3149,.T.);
#1874=EDGE_CURVE('',#2653,#2654,#187,.F.);
#1875=EDGE_CURVE('',#2654,#2655,#3150,.T.);
#1876=EDGE_CURVE('',#2655,#2656,#3151,.T.);
#1877=EDGE_CURVE('',#2656,#2657,#188,.F.);
#1878=EDGE_CURVE('',#2657,#2658,#3152,.T.);
#1879=EDGE_CURVE('',#2658,#2659,#3153,.T.);
#1880=EDGE_CURVE('',#2659,#2660,#189,.F.);
#1881=EDGE_CURVE('',#2660,#2661,#3154,.T.);
#1882=EDGE_CURVE('',#2661,#2662,#3155,.T.);
#1883=EDGE_CURVE('',#2662,#2663,#190,.F.);
#1884=EDGE_CURVE('',#2663,#2664,#3156,.T.);
#1885=EDGE_CURVE('',#2664,#2665,#3157,.T.);
#1886=EDGE_CURVE('',#2665,#2666,#191,.F.);
#1887=EDGE_CURVE('',#2666,#2667,#3158,.T.);
#1888=EDGE_CURVE('',#2667,#2668,#3159,.T.);
#1889=EDGE_CURVE('',#2668,#2669,#192,.F.);
#1890=EDGE_CURVE('',#2669,#2670,#3160,.T.);
#1891=EDGE_CURVE('',#2670,#2671,#3161,.T.);
#1892=EDGE_CURVE('',#2671,#2672,#193,.F.);
#1893=EDGE_CURVE('',#2672,#2673,#3162,.T.);
#1894=EDGE_CURVE('',#2673,#2674,#3163,.T.);
#1895=EDGE_CURVE('',#2674,#2675,#194,.F.);
#1896=EDGE_CURVE('',#2675,#2676,#3164,.T.);
#1897=EDGE_CURVE('',#2676,#2677,#3165,.T.);
#1898=EDGE_CURVE('',#2677,#2678,#195,.F.);
#1899=EDGE_CURVE('',#2679,#2678,#3166,.T.);
#1900=EDGE_CURVE('',#2680,#2679,#3167,.T.);
#1901=EDGE_CURVE('',#2680,#2627,#196,.F.);
#1902=EDGE_CURVE('',#2681,#2629,#3168,.T.);
#1903=EDGE_CURVE('',#2682,#2681,#197,.T.);
#1904=EDGE_CURVE('',#2682,#2630,#3169,.T.);
#1905=EDGE_CURVE('',#2683,#2632,#3170,.T.);
#1906=EDGE_CURVE('',#2684,#2683,#198,.T.);
#1907=EDGE_CURVE('',#2684,#2633,#3171,.T.);
#1908=EDGE_CURVE('',#2685,#2635,#3172,.T.);
#1909=EDGE_CURVE('',#2686,#2685,#199,.T.);
#1910=EDGE_CURVE('',#2686,#2636,#3173,.T.);
#1911=EDGE_CURVE('',#2687,#2638,#3174,.T.);
#1912=EDGE_CURVE('',#2688,#2687,#200,.T.);
#1913=EDGE_CURVE('',#2688,#2639,#3175,.T.);
#1914=EDGE_CURVE('',#2689,#2641,#3176,.T.);
#1915=EDGE_CURVE('',#2690,#2689,#201,.T.);
#1916=EDGE_CURVE('',#2690,#2642,#3177,.T.);
#1917=EDGE_CURVE('',#2691,#2644,#3178,.T.);
#1918=EDGE_CURVE('',#2692,#2691,#202,.T.);
#1919=EDGE_CURVE('',#2692,#2645,#3179,.T.);
#1920=EDGE_CURVE('',#2693,#2647,#3180,.T.);
#1921=EDGE_CURVE('',#2694,#2693,#203,.T.);
#1922=EDGE_CURVE('',#2694,#2648,#3181,.T.);
#1923=EDGE_CURVE('',#2695,#2650,#3182,.T.);
#1924=EDGE_CURVE('',#2696,#2695,#204,.T.);
#1925=EDGE_CURVE('',#2696,#2651,#3183,.T.);
#1926=EDGE_CURVE('',#2697,#2653,#3184,.T.);
#1927=EDGE_CURVE('',#2698,#2697,#205,.T.);
#1928=EDGE_CURVE('',#2698,#2654,#3185,.T.);
#1929=EDGE_CURVE('',#2699,#2656,#3186,.T.);
#1930=EDGE_CURVE('',#2700,#2699,#206,.T.);
#1931=EDGE_CURVE('',#2700,#2657,#3187,.T.);
#1932=EDGE_CURVE('',#2701,#2659,#3188,.T.);
#1933=EDGE_CURVE('',#2702,#2701,#207,.T.);
#1934=EDGE_CURVE('',#2702,#2660,#3189,.T.);
#1935=EDGE_CURVE('',#2703,#2662,#3190,.T.);
#1936=EDGE_CURVE('',#2704,#2703,#208,.T.);
#1937=EDGE_CURVE('',#2704,#2663,#3191,.T.);
#1938=EDGE_CURVE('',#2705,#2665,#3192,.T.);
#1939=EDGE_CURVE('',#2706,#2705,#209,.T.);
#1940=EDGE_CURVE('',#2706,#2666,#3193,.T.);
#1941=EDGE_CURVE('',#2707,#2668,#3194,.T.);
#1942=EDGE_CURVE('',#2708,#2707,#210,.T.);
#1943=EDGE_CURVE('',#2708,#2669,#3195,.T.);
#1944=EDGE_CURVE('',#2709,#2671,#3196,.T.);
#1945=EDGE_CURVE('',#2710,#2709,#211,.T.);
#1946=EDGE_CURVE('',#2710,#2672,#3197,.T.);
#1947=EDGE_CURVE('',#2711,#2674,#3198,.T.);
#1948=EDGE_CURVE('',#2712,#2711,#212,.T.);
#1949=EDGE_CURVE('',#2712,#2675,#3199,.T.);
#1950=EDGE_CURVE('',#2713,#2677,#3200,.T.);
#1951=EDGE_CURVE('',#2714,#2713,#213,.T.);
#1952=EDGE_CURVE('',#2714,#2678,#3201,.T.);
#1953=EDGE_CURVE('',#2715,#2716,#214,.T.);
#1954=EDGE_CURVE('',#2715,#2627,#3202,.T.);
#1955=EDGE_CURVE('',#2716,#2680,#3203,.T.);
#1956=EDGE_CURVE('',#2717,#2718,#3204,.T.);
#1957=EDGE_CURVE('',#2718,#2719,#3205,.T.);
#1958=EDGE_CURVE('',#2720,#2719,#3206,.T.);
#1959=EDGE_CURVE('',#2720,#2717,#3207,.F.);
#1960=EDGE_CURVE('',#2721,#2722,#3208,.F.);
#1961=EDGE_CURVE('',#2722,#2723,#3209,.T.);
#1962=EDGE_CURVE('',#2723,#2724,#3210,.T.);
#1963=EDGE_CURVE('',#2724,#2721,#3211,.F.);
#1964=EDGE_CURVE('',#2725,#2726,#3212,.T.);
#1965=EDGE_CURVE('',#2726,#2727,#3213,.F.);
#1966=EDGE_CURVE('',#2727,#2728,#3214,.F.);
#1967=EDGE_CURVE('',#2728,#2725,#3215,.T.);
#1968=EDGE_CURVE('',#2729,#2730,#3216,.T.);
#1969=EDGE_CURVE('',#2729,#2731,#3217,.F.);
#1970=EDGE_CURVE('',#2731,#2732,#3218,.T.);
#1971=EDGE_CURVE('',#2732,#2730,#3219,.T.);
#1972=EDGE_CURVE('',#2733,#2734,#3220,.T.);
#1973=EDGE_CURVE('',#2734,#2735,#3221,.F.);
#1974=EDGE_CURVE('',#2735,#2736,#3222,.F.);
#1975=EDGE_CURVE('',#2736,#2733,#3223,.T.);
#1976=EDGE_CURVE('',#2737,#2738,#3224,.T.);
#1977=EDGE_CURVE('',#2739,#2737,#3225,.T.);
#1978=EDGE_CURVE('',#2739,#2740,#3226,.T.);
#1979=EDGE_CURVE('',#2740,#2738,#3227,.T.);
#1980=EDGE_CURVE('',#2719,#2729,#215,.F.);
#1981=EDGE_CURVE('',#2730,#2726,#216,.F.);
#1982=EDGE_CURVE('',#2725,#2724,#217,.F.);
#1983=EDGE_CURVE('',#2723,#2720,#218,.F.);
#1984=EDGE_CURVE('',#2741,#2738,#3228,.T.);
#1985=EDGE_CURVE('',#2741,#2742,#3229,.T.);
#1986=EDGE_CURVE('',#2742,#2737,#3230,.T.);
#1987=EDGE_CURVE('',#2743,#2740,#3231,.T.);
#1988=EDGE_CURVE('',#2743,#2741,#3232,.F.);
#1989=EDGE_CURVE('',#2744,#2739,#3233,.T.);
#1990=EDGE_CURVE('',#2744,#2743,#3234,.F.);
#1991=EDGE_CURVE('',#2742,#2623,#219,.T.);
#1992=EDGE_CURVE('',#2624,#2744,#220,.T.);
#1993=EDGE_CURVE('',#2713,#2745,#3235,.T.);
#1994=EDGE_CURVE('',#2745,#2712,#3236,.T.);
#1995=EDGE_CURVE('',#2711,#2746,#3237,.T.);
#1996=EDGE_CURVE('',#2746,#2710,#3238,.T.);
#1997=EDGE_CURVE('',#2709,#2747,#3239,.T.);
#1998=EDGE_CURVE('',#2747,#2708,#3240,.T.);
#1999=EDGE_CURVE('',#2707,#2748,#3241,.T.);
#2000=EDGE_CURVE('',#2748,#2706,#3242,.T.);
#2001=EDGE_CURVE('',#2705,#2749,#3243,.T.);
#2002=EDGE_CURVE('',#2749,#2704,#3244,.T.);
#2003=EDGE_CURVE('',#2703,#2750,#3245,.T.);
#2004=EDGE_CURVE('',#2750,#2702,#3246,.T.);
#2005=EDGE_CURVE('',#2701,#2751,#3247,.T.);
#2006=EDGE_CURVE('',#2751,#2700,#3248,.T.);
#2007=EDGE_CURVE('',#2699,#2752,#3249,.T.);
#2008=EDGE_CURVE('',#2752,#2698,#3250,.T.);
#2009=EDGE_CURVE('',#2697,#2753,#3251,.T.);
#2010=EDGE_CURVE('',#2753,#2696,#3252,.T.);
#2011=EDGE_CURVE('',#2695,#2754,#3253,.T.);
#2012=EDGE_CURVE('',#2754,#2694,#3254,.T.);
#2013=EDGE_CURVE('',#2693,#2755,#3255,.T.);
#2014=EDGE_CURVE('',#2755,#2692,#3256,.T.);
#2015=EDGE_CURVE('',#2691,#2756,#3257,.T.);
#2016=EDGE_CURVE('',#2756,#2690,#3258,.T.);
#2017=EDGE_CURVE('',#2689,#2757,#3259,.T.);
#2018=EDGE_CURVE('',#2757,#2688,#3260,.T.);
#2019=EDGE_CURVE('',#2687,#2758,#3261,.T.);
#2020=EDGE_CURVE('',#2758,#2686,#3262,.T.);
#2021=EDGE_CURVE('',#2685,#2759,#3263,.T.);
#2022=EDGE_CURVE('',#2759,#2684,#3264,.T.);
#2023=EDGE_CURVE('',#2683,#2760,#3265,.T.);
#2024=EDGE_CURVE('',#2760,#2682,#3266,.T.);
#2025=EDGE_CURVE('',#2681,#2761,#3267,.T.);
#2026=EDGE_CURVE('',#2761,#2715,#3268,.T.);
#2027=EDGE_CURVE('',#2716,#2762,#3269,.T.);
#2028=EDGE_CURVE('',#2762,#2714,#3270,.T.);
#2029=EDGE_CURVE('',#2721,#2728,#221,.T.);
#2030=EDGE_CURVE('',#2721,#2733,#222,.F.);
#2031=EDGE_CURVE('',#2733,#2728,#223,.F.);
#2032=EDGE_CURVE('',#2727,#2732,#224,.T.);
#2033=EDGE_CURVE('',#2734,#2727,#225,.T.);
#2034=EDGE_CURVE('',#2722,#2736,#226,.T.);
#2035=EDGE_CURVE('',#2717,#2722,#227,.T.);
#2036=EDGE_CURVE('',#2734,#2732,#228,.F.);
#2037=EDGE_CURVE('',#2717,#2736,#229,.F.);
#2038=EDGE_CURVE('',#2735,#2731,#230,.T.);
#2039=EDGE_CURVE('',#2718,#2735,#231,.T.);
#2040=EDGE_CURVE('',#2718,#2731,#232,.F.);
#2041=EDGE_CURVE('',#2625,#2741,#98,.F.);
#2042=EDGE_CURVE('',#2743,#2626,#99,.T.);
#2043=EDGE_CURVE('',#2762,#2679,#3271,.T.);
#2044=EDGE_CURVE('',#2745,#2676,#3272,.T.);
#2045=EDGE_CURVE('',#2746,#2673,#3273,.T.);
#2046=EDGE_CURVE('',#2747,#2670,#3274,.T.);
#2047=EDGE_CURVE('',#2748,#2667,#3275,.T.);
#2048=EDGE_CURVE('',#2749,#2664,#3276,.T.);
#2049=EDGE_CURVE('',#2750,#2661,#3277,.T.);
#2050=EDGE_CURVE('',#2751,#2658,#3278,.T.);
#2051=EDGE_CURVE('',#2752,#2655,#3279,.T.);
#2052=EDGE_CURVE('',#2753,#2652,#3280,.T.);
#2053=EDGE_CURVE('',#2754,#2649,#3281,.T.);
#2054=EDGE_CURVE('',#2755,#2646,#3282,.T.);
#2055=EDGE_CURVE('',#2756,#2643,#3283,.T.);
#2056=EDGE_CURVE('',#2757,#2640,#3284,.T.);
#2057=EDGE_CURVE('',#2758,#2637,#3285,.T.);
#2058=EDGE_CURVE('',#2759,#2634,#3286,.T.);
#2059=EDGE_CURVE('',#2760,#2631,#3287,.T.);
#2060=EDGE_CURVE('',#2761,#2628,#3288,.T.);
#2061=EDGE_CURVE('',#2763,#2764,#3289,.T.);
#2062=EDGE_CURVE('',#2765,#2764,#3290,.T.);
#2063=EDGE_CURVE('',#2766,#2765,#3291,.T.);
#2064=EDGE_CURVE('',#2766,#2763,#3292,.T.);
#2065=EDGE_CURVE('',#2764,#2767,#3293,.T.);
#2066=EDGE_CURVE('',#2768,#2767,#3294,.T.);
#2067=EDGE_CURVE('',#2765,#2768,#3295,.T.);
#2068=EDGE_CURVE('',#2767,#2769,#16,.T.);
#2069=EDGE_CURVE('',#2770,#2769,#3296,.T.);
#2070=EDGE_CURVE('',#2768,#2770,#17,.T.);
#2071=EDGE_CURVE('',#2769,#2771,#3297,.T.);
#2072=EDGE_CURVE('',#2772,#2771,#3298,.T.);
#2073=EDGE_CURVE('',#2770,#2772,#3299,.T.);
#2074=EDGE_CURVE('',#2771,#2773,#3300,.T.);
#2075=EDGE_CURVE('',#2774,#2773,#3301,.T.);
#2076=EDGE_CURVE('',#2772,#2774,#3302,.T.);
#2077=EDGE_CURVE('',#2773,#2775,#3303,.T.);
#2078=EDGE_CURVE('',#2776,#2775,#3304,.T.);
#2079=EDGE_CURVE('',#2774,#2776,#3305,.T.);
#2080=EDGE_CURVE('',#2777,#2775,#3306,.T.);
#2081=EDGE_CURVE('',#2778,#2777,#3307,.T.);
#2082=EDGE_CURVE('',#2778,#2776,#3308,.T.);
#2083=EDGE_CURVE('',#2777,#2779,#3309,.T.);
#2084=EDGE_CURVE('',#2780,#2779,#3310,.T.);
#2085=EDGE_CURVE('',#2778,#2780,#3311,.T.);
#2086=EDGE_CURVE('',#2779,#2781,#3312,.T.);
#2087=EDGE_CURVE('',#2782,#2781,#3313,.T.);
#2088=EDGE_CURVE('',#2780,#2782,#3314,.T.);
#2089=EDGE_CURVE('',#2781,#2783,#3315,.T.);
#2090=EDGE_CURVE('',#2784,#2783,#3316,.T.);
#2091=EDGE_CURVE('',#2782,#2784,#3317,.T.);
#2092=EDGE_CURVE('',#2785,#2783,#3318,.T.);
#2093=EDGE_CURVE('',#2786,#2785,#3319,.T.);
#2094=EDGE_CURVE('',#2786,#2784,#3320,.T.);
#2095=EDGE_CURVE('',#2785,#2763,#3321,.T.);
#2096=EDGE_CURVE('',#2786,#2766,#3322,.T.);
#2097=EDGE_CURVE('',#2787,#2788,#233,.T.);
#2098=EDGE_CURVE('',#2788,#2789,#3323,.T.);
#2099=EDGE_CURVE('',#2789,#2790,#234,.F.);
#2100=EDGE_CURVE('',#2787,#2790,#3324,.T.);
#2101=EDGE_CURVE('',#2791,#2792,#3325,.T.);
#2102=EDGE_CURVE('',#2791,#2793,#235,.T.);
#2103=EDGE_CURVE('',#2793,#2794,#3326,.T.);
#2104=EDGE_CURVE('',#2794,#2792,#236,.F.);
#2105=EDGE_CURVE('',#2795,#2796,#3327,.T.);
#2106=EDGE_CURVE('',#2795,#2797,#237,.T.);
#2107=EDGE_CURVE('',#2797,#2798,#3328,.T.);
#2108=EDGE_CURVE('',#2798,#2796,#238,.F.);
#2109=EDGE_CURVE('',#2799,#2800,#3329,.T.);
#2110=EDGE_CURVE('',#2799,#2801,#239,.T.);
#2111=EDGE_CURVE('',#2801,#2802,#3330,.T.);
#2112=EDGE_CURVE('',#2802,#2800,#240,.F.);
#2113=EDGE_CURVE('',#2803,#2804,#3331,.T.);
#2114=EDGE_CURVE('',#2803,#2805,#241,.T.);
#2115=EDGE_CURVE('',#2805,#2806,#3332,.T.);
#2116=EDGE_CURVE('',#2806,#2804,#242,.F.);
#2117=EDGE_CURVE('',#2807,#2808,#3333,.T.);
#2118=EDGE_CURVE('',#2807,#2809,#243,.T.);
#2119=EDGE_CURVE('',#2809,#2810,#3334,.T.);
#2120=EDGE_CURVE('',#2810,#2808,#244,.F.);
#2121=EDGE_CURVE('',#2811,#2812,#3335,.T.);
#2122=EDGE_CURVE('',#2811,#2813,#245,.T.);
#2123=EDGE_CURVE('',#2813,#2814,#3336,.T.);
#2124=EDGE_CURVE('',#2814,#2812,#246,.F.);
#2125=EDGE_CURVE('',#2815,#2816,#3337,.T.);
#2126=EDGE_CURVE('',#2815,#2817,#247,.T.);
#2127=EDGE_CURVE('',#2817,#2818,#3338,.T.);
#2128=EDGE_CURVE('',#2818,#2816,#248,.F.);
#2129=EDGE_CURVE('',#2819,#2820,#3339,.T.);
#2130=EDGE_CURVE('',#2819,#2821,#249,.T.);
#2131=EDGE_CURVE('',#2821,#2822,#3340,.T.);
#2132=EDGE_CURVE('',#2822,#2820,#250,.F.);
#2133=EDGE_CURVE('',#2823,#2823,#251,.T.);
#2134=EDGE_CURVE('',#2791,#2824,#3341,.T.);
#2135=EDGE_CURVE('',#2824,#2788,#3342,.T.);
#2136=EDGE_CURVE('',#2787,#2825,#3343,.T.);
#2137=EDGE_CURVE('',#2825,#2821,#3344,.T.);
#2138=EDGE_CURVE('',#2819,#2826,#3345,.T.);
#2139=EDGE_CURVE('',#2826,#2817,#3346,.T.);
#2140=EDGE_CURVE('',#2815,#2827,#3347,.T.);
#2141=EDGE_CURVE('',#2827,#2813,#3348,.T.);
#2142=EDGE_CURVE('',#2811,#2828,#3349,.T.);
#2143=EDGE_CURVE('',#2828,#2809,#3350,.T.);
#2144=EDGE_CURVE('',#2807,#2829,#3351,.T.);
#2145=EDGE_CURVE('',#2829,#2805,#3352,.T.);
#2146=EDGE_CURVE('',#2803,#2830,#3353,.T.);
#2147=EDGE_CURVE('',#2830,#2801,#3354,.T.);
#2148=EDGE_CURVE('',#2799,#2831,#3355,.T.);
#2149=EDGE_CURVE('',#2831,#2797,#3356,.T.);
#2150=EDGE_CURVE('',#2795,#2832,#3357,.T.);
#2151=EDGE_CURVE('',#2832,#2793,#3358,.T.);
#2152=EDGE_CURVE('',#2833,#2834,#3359,.T.);
#2153=EDGE_CURVE('',#2834,#2835,#18,.T.);
#2154=EDGE_CURVE('',#2835,#2836,#3360,.T.);
#2155=EDGE_CURVE('',#2837,#2836,#3361,.T.);
#2156=EDGE_CURVE('',#2838,#2837,#3362,.T.);
#2157=EDGE_CURVE('',#2838,#2839,#3363,.T.);
#2158=EDGE_CURVE('',#2840,#2839,#3364,.T.);
#2159=EDGE_CURVE('',#2833,#2840,#19,.T.);
#2160=EDGE_CURVE('',#2841,#2842,#3365,.T.);
#2161=EDGE_CURVE('',#2841,#2840,#3366,.T.);
#2162=EDGE_CURVE('',#2842,#2839,#3367,.T.);
#2163=EDGE_CURVE('',#2843,#2844,#20,.T.);
#2164=EDGE_CURVE('',#2845,#2843,#3368,.T.);
#2165=EDGE_CURVE('',#2845,#2841,#21,.T.);
#2166=EDGE_CURVE('',#2846,#2842,#3369,.T.);
#2167=EDGE_CURVE('',#2846,#2847,#3370,.T.);
#2168=EDGE_CURVE('',#2847,#2848,#3371,.T.);
#2169=EDGE_CURVE('',#2844,#2848,#3372,.T.);
#2170=EDGE_CURVE('',#2844,#2835,#3373,.T.);
#2171=EDGE_CURVE('',#2848,#2836,#3374,.T.);
#2172=EDGE_CURVE('',#2843,#2834,#3375,.T.);
#2173=EDGE_CURVE('',#2845,#2833,#3376,.T.);
#2174=EDGE_CURVE('',#2849,#2849,#252,.T.);
#2175=EDGE_CURVE('',#2846,#2838,#253,.T.);
#2176=EDGE_CURVE('',#2837,#2850,#254,.T.);
#2177=EDGE_CURVE('',#2851,#2850,#3377,.T.);
#2178=EDGE_CURVE('',#2851,#2852,#255,.T.);
#2179=EDGE_CURVE('',#2852,#2853,#3378,.T.);
#2180=EDGE_CURVE('',#2853,#2847,#256,.T.);
#2181=EDGE_CURVE('',#2854,#2850,#3379,.T.);
#2182=EDGE_CURVE('',#2855,#2854,#3380,.T.);
#2183=EDGE_CURVE('',#2855,#2851,#3381,.T.);
#2184=EDGE_CURVE('',#2856,#2853,#3382,.T.);
#2185=EDGE_CURVE('',#2857,#2852,#3383,.T.);
#2186=EDGE_CURVE('',#2857,#2856,#3384,.T.);
#2187=EDGE_CURVE('',#2854,#2856,#257,.T.);
#2188=EDGE_CURVE('',#2858,#2858,#258,.T.);
#2189=EDGE_CURVE('',#2859,#2859,#259,.T.);
#2190=EDGE_CURVE('',#2855,#2857,#260,.T.);
#2191=EDGE_CURVE('',#2860,#2860,#261,.T.);
#2192=EDGE_CURVE('',#2861,#2789,#3385,.T.);
#2193=EDGE_CURVE('',#2862,#2861,#3386,.T.);
#2194=EDGE_CURVE('',#2792,#2862,#3387,.T.);
#2195=EDGE_CURVE('',#2863,#2794,#3388,.T.);
#2196=EDGE_CURVE('',#2864,#2863,#3389,.T.);
#2197=EDGE_CURVE('',#2796,#2864,#3390,.T.);
#2198=EDGE_CURVE('',#2865,#2798,#3391,.T.);
#2199=EDGE_CURVE('',#2866,#2865,#3392,.T.);
#2200=EDGE_CURVE('',#2800,#2866,#3393,.T.);
#2201=EDGE_CURVE('',#2867,#2802,#3394,.T.);
#2202=EDGE_CURVE('',#2868,#2867,#3395,.T.);
#2203=EDGE_CURVE('',#2804,#2868,#3396,.T.);
#2204=EDGE_CURVE('',#2869,#2806,#3397,.T.);
#2205=EDGE_CURVE('',#2870,#2869,#3398,.T.);
#2206=EDGE_CURVE('',#2808,#2870,#3399,.T.);
#2207=EDGE_CURVE('',#2871,#2810,#3400,.T.);
#2208=EDGE_CURVE('',#2872,#2871,#3401,.T.);
#2209=EDGE_CURVE('',#2812,#2872,#3402,.T.);
#2210=EDGE_CURVE('',#2873,#2814,#3403,.T.);
#2211=EDGE_CURVE('',#2874,#2873,#3404,.T.);
#2212=EDGE_CURVE('',#2816,#2874,#3405,.T.);
#2213=EDGE_CURVE('',#2875,#2818,#3406,.T.);
#2214=EDGE_CURVE('',#2876,#2875,#3407,.T.);
#2215=EDGE_CURVE('',#2820,#2876,#3408,.T.);
#2216=EDGE_CURVE('',#2822,#2877,#3409,.T.);
#2217=EDGE_CURVE('',#2878,#2877,#3410,.T.);
#2218=EDGE_CURVE('',#2790,#2878,#3411,.T.);
#2219=EDGE_CURVE('',#2879,#2878,#3412,.T.);
#2220=EDGE_CURVE('',#2879,#2880,#3413,.T.);
#2221=EDGE_CURVE('',#2880,#2787,#3414,.T.);
#2222=EDGE_CURVE('',#2881,#2877,#3415,.T.);
#2223=EDGE_CURVE('',#2881,#2879,#3416,.T.);
#2224=EDGE_CURVE('',#2882,#2821,#3417,.T.);
#2225=EDGE_CURVE('',#2881,#2882,#3418,.T.);
#2226=EDGE_CURVE('',#2882,#2883,#3419,.T.);
#2227=EDGE_CURVE('',#2883,#2880,#3420,.T.);
#2228=EDGE_CURVE('',#2883,#2825,#3421,.T.);
#2229=EDGE_CURVE('',#2884,#2875,#3422,.T.);
#2230=EDGE_CURVE('',#2885,#2817,#3423,.T.);
#2231=EDGE_CURVE('',#2885,#2884,#3424,.T.);
#2232=EDGE_CURVE('',#2886,#2826,#3425,.T.);
#2233=EDGE_CURVE('',#2885,#2886,#3426,.T.);
#2234=EDGE_CURVE('',#2887,#2819,#3427,.T.);
#2235=EDGE_CURVE('',#2886,#2887,#3428,.T.);
#2236=EDGE_CURVE('',#2888,#2876,#3429,.T.);
#2237=EDGE_CURVE('',#2888,#2887,#3430,.T.);
#2238=EDGE_CURVE('',#2884,#2888,#3431,.T.);
#2239=EDGE_CURVE('',#2889,#2873,#3432,.T.);
#2240=EDGE_CURVE('',#2890,#2813,#3433,.T.);
#2241=EDGE_CURVE('',#2890,#2889,#3434,.T.);
#2242=EDGE_CURVE('',#2891,#2827,#3435,.T.);
#2243=EDGE_CURVE('',#2890,#2891,#3436,.T.);
#2244=EDGE_CURVE('',#2892,#2815,#3437,.T.);
#2245=EDGE_CURVE('',#2891,#2892,#3438,.T.);
#2246=EDGE_CURVE('',#2893,#2874,#3439,.T.);
#2247=EDGE_CURVE('',#2893,#2892,#3440,.T.);
#2248=EDGE_CURVE('',#2889,#2893,#3441,.T.);
#2249=EDGE_CURVE('',#2894,#2871,#3442,.T.);
#2250=EDGE_CURVE('',#2895,#2809,#3443,.T.);
#2251=EDGE_CURVE('',#2895,#2894,#3444,.T.);
#2252=EDGE_CURVE('',#2896,#2828,#3445,.T.);
#2253=EDGE_CURVE('',#2895,#2896,#3446,.T.);
#2254=EDGE_CURVE('',#2897,#2811,#3447,.T.);
#2255=EDGE_CURVE('',#2896,#2897,#3448,.T.);
#2256=EDGE_CURVE('',#2898,#2872,#3449,.T.);
#2257=EDGE_CURVE('',#2898,#2897,#3450,.T.);
#2258=EDGE_CURVE('',#2894,#2898,#3451,.T.);
#2259=EDGE_CURVE('',#2899,#2869,#3452,.T.);
#2260=EDGE_CURVE('',#2900,#2805,#3453,.T.);
#2261=EDGE_CURVE('',#2900,#2899,#3454,.T.);
#2262=EDGE_CURVE('',#2901,#2829,#3455,.T.);
#2263=EDGE_CURVE('',#2900,#2901,#3456,.T.);
#2264=EDGE_CURVE('',#2902,#2807,#3457,.T.);
#2265=EDGE_CURVE('',#2901,#2902,#3458,.T.);
#2266=EDGE_CURVE('',#2903,#2870,#3459,.T.);
#2267=EDGE_CURVE('',#2903,#2902,#3460,.T.);
#2268=EDGE_CURVE('',#2899,#2903,#3461,.T.);
#2269=EDGE_CURVE('',#2904,#2867,#3462,.T.);
#2270=EDGE_CURVE('',#2905,#2801,#3463,.T.);
#2271=EDGE_CURVE('',#2905,#2904,#3464,.T.);
#2272=EDGE_CURVE('',#2906,#2830,#3465,.T.);
#2273=EDGE_CURVE('',#2905,#2906,#3466,.T.);
#2274=EDGE_CURVE('',#2907,#2803,#3467,.T.);
#2275=EDGE_CURVE('',#2906,#2907,#3468,.T.);
#2276=EDGE_CURVE('',#2908,#2868,#3469,.T.);
#2277=EDGE_CURVE('',#2908,#2907,#3470,.T.);
#2278=EDGE_CURVE('',#2904,#2908,#3471,.T.);
#2279=EDGE_CURVE('',#2909,#2865,#3472,.T.);
#2280=EDGE_CURVE('',#2910,#2797,#3473,.T.);
#2281=EDGE_CURVE('',#2910,#2909,#3474,.T.);
#2282=EDGE_CURVE('',#2911,#2831,#3475,.T.);
#2283=EDGE_CURVE('',#2910,#2911,#3476,.T.);
#2284=EDGE_CURVE('',#2912,#2799,#3477,.T.);
#2285=EDGE_CURVE('',#2911,#2912,#3478,.T.);
#2286=EDGE_CURVE('',#2913,#2866,#3479,.T.);
#2287=EDGE_CURVE('',#2913,#2912,#3480,.T.);
#2288=EDGE_CURVE('',#2909,#2913,#3481,.T.);
#2289=EDGE_CURVE('',#2914,#2863,#3482,.T.);
#2290=EDGE_CURVE('',#2915,#2793,#3483,.T.);
#2291=EDGE_CURVE('',#2915,#2914,#3484,.T.);
#2292=EDGE_CURVE('',#2916,#2832,#3485,.T.);
#2293=EDGE_CURVE('',#2915,#2916,#3486,.T.);
#2294=EDGE_CURVE('',#2917,#2795,#3487,.T.);
#2295=EDGE_CURVE('',#2916,#2917,#3488,.T.);
#2296=EDGE_CURVE('',#2918,#2864,#3489,.T.);
#2297=EDGE_CURVE('',#2918,#2917,#3490,.T.);
#2298=EDGE_CURVE('',#2914,#2918,#3491,.T.);
#2299=EDGE_CURVE('',#2919,#2861,#3492,.T.);
#2300=EDGE_CURVE('',#2920,#2788,#3493,.T.);
#2301=EDGE_CURVE('',#2920,#2919,#3494,.T.);
#2302=EDGE_CURVE('',#2921,#2824,#3495,.T.);
#2303=EDGE_CURVE('',#2920,#2921,#3496,.T.);
#2304=EDGE_CURVE('',#2922,#2791,#3497,.T.);
#2305=EDGE_CURVE('',#2921,#2922,#3498,.T.);
#2306=EDGE_CURVE('',#2923,#2862,#3499,.T.);
#2307=EDGE_CURVE('',#2923,#2922,#3500,.T.);
#2308=EDGE_CURVE('',#2919,#2923,#3501,.T.);
#2309=EDGE_CURVE('',#2924,#2925,#3502,.T.);
#2310=EDGE_CURVE('',#2925,#2926,#3503,.T.);
#2311=EDGE_CURVE('',#2926,#2927,#3504,.T.);
#2312=EDGE_CURVE('',#2924,#2927,#3505,.T.);
#2313=EDGE_CURVE('',#2928,#2929,#3506,.T.);
#2314=EDGE_CURVE('',#2929,#2930,#3507,.T.);
#2315=EDGE_CURVE('',#2930,#2931,#3508,.T.);
#2316=EDGE_CURVE('',#2928,#2931,#3509,.T.);
#2317=EDGE_CURVE('',#2932,#2933,#3510,.T.);
#2318=EDGE_CURVE('',#2933,#2934,#3511,.T.);
#2319=EDGE_CURVE('',#2934,#2935,#22,.T.);
#2320=EDGE_CURVE('',#2935,#2936,#23,.T.);
#2321=EDGE_CURVE('',#2936,#2937,#3512,.T.);
#2322=EDGE_CURVE('',#2938,#2937,#3513,.T.);
#2323=EDGE_CURVE('',#2939,#2938,#3514,.T.);
#2324=EDGE_CURVE('',#2940,#2939,#24,.T.);
#2325=EDGE_CURVE('',#2941,#2940,#3515,.T.);
#2326=EDGE_CURVE('',#2942,#2941,#3516,.T.);
#2327=EDGE_CURVE('',#2942,#2943,#3517,.T.);
#2328=EDGE_CURVE('',#2943,#2944,#25,.T.);
#2329=EDGE_CURVE('',#2944,#2945,#26,.T.);
#2330=EDGE_CURVE('',#2945,#2946,#3518,.F.);
#2331=EDGE_CURVE('',#2946,#2947,#3519,.T.);
#2332=EDGE_CURVE('',#2947,#2948,#3520,.T.);
#2333=EDGE_CURVE('',#2948,#2949,#27,.T.);
#2334=EDGE_CURVE('',#2932,#2949,#3521,.T.);
#2335=EDGE_CURVE('',#2950,#2951,#3522,.T.);
#2336=EDGE_CURVE('',#2950,#2952,#3523,.F.);
#2337=EDGE_CURVE('',#2953,#2952,#3524,.T.);
#2338=EDGE_CURVE('',#2953,#2951,#3525,.T.);
#2339=EDGE_CURVE('',#2931,#2954,#3526,.T.);
#2340=EDGE_CURVE('',#2954,#2955,#3527,.T.);
#2341=EDGE_CURVE('',#2941,#2955,#3528,.T.);
#2342=EDGE_CURVE('',#2940,#2956,#3529,.T.);
#2343=EDGE_CURVE('',#2956,#2957,#3530,.T.);
#2344=EDGE_CURVE('',#2928,#2957,#3531,.T.);
#2345=EDGE_CURVE('',#2958,#2959,#3532,.T.);
#2346=EDGE_CURVE('',#2959,#2960,#3533,.T.);
#2347=EDGE_CURVE('',#2960,#2961,#3534,.T.);
#2348=EDGE_CURVE('',#2932,#2961,#3535,.T.);
#2349=EDGE_CURVE('',#2949,#2962,#3536,.T.);
#2350=EDGE_CURVE('',#2962,#2963,#3537,.T.);
#2351=EDGE_CURVE('',#2958,#2963,#3538,.T.);
#2352=EDGE_CURVE('',#2938,#2964,#3539,.T.);
#2353=EDGE_CURVE('',#2964,#2965,#3540,.T.);
#2354=EDGE_CURVE('',#2924,#2965,#3541,.T.);
#2355=EDGE_CURVE('',#2927,#2966,#3542,.T.);
#2356=EDGE_CURVE('',#2966,#2967,#3543,.T.);
#2357=EDGE_CURVE('',#2939,#2967,#3544,.T.);
#2358=EDGE_CURVE('',#2968,#2969,#3545,.T.);
#2359=EDGE_CURVE('',#2969,#2970,#28,.F.);
#2360=EDGE_CURVE('',#2968,#2970,#29,.F.);
#2361=EDGE_CURVE('',#2971,#2972,#3546,.T.);
#2362=EDGE_CURVE('',#2972,#2973,#3547,.T.);
#2363=EDGE_CURVE('',#2974,#2973,#3548,.T.);
#2364=EDGE_CURVE('',#2971,#2974,#3549,.T.);
#2365=EDGE_CURVE('',#2975,#2966,#3550,.T.);
#2366=EDGE_CURVE('',#2975,#2976,#3551,.T.);
#2367=EDGE_CURVE('',#2976,#2977,#3552,.T.);
#2368=EDGE_CURVE('',#2977,#2978,#3553,.T.);
#2369=EDGE_CURVE('',#2979,#2978,#3554,.T.);
#2370=EDGE_CURVE('',#2979,#2980,#3555,.T.);
#2371=EDGE_CURVE('',#2980,#2963,#3556,.T.);
#2372=EDGE_CURVE('',#2962,#2981,#100,.T.);
#2373=EDGE_CURVE('',#2981,#2982,#3557,.T.);
#2374=EDGE_CURVE('',#2982,#2983,#30,.F.);
#2375=EDGE_CURVE('',#2984,#2983,#3558,.T.);
#2376=EDGE_CURVE('',#2984,#2985,#31,.F.);
#2377=EDGE_CURVE('',#2985,#2986,#3559,.T.);
#2378=EDGE_CURVE('',#2986,#2987,#3560,.T.);
#2379=EDGE_CURVE('',#2988,#2987,#3561,.T.);
#2380=EDGE_CURVE('',#2989,#2988,#3562,.T.);
#2381=EDGE_CURVE('',#2990,#2989,#3563,.T.);
#2382=EDGE_CURVE('',#2990,#2991,#3564,.T.);
#2383=EDGE_CURVE('',#2992,#2991,#3565,.T.);
#2384=EDGE_CURVE('',#2957,#2992,#3566,.T.);
#2385=EDGE_CURVE('',#2993,#2956,#32,.F.);
#2386=EDGE_CURVE('',#2994,#2993,#3567,.T.);
#2387=EDGE_CURVE('',#2995,#2994,#33,.F.);
#2388=EDGE_CURVE('',#2995,#2996,#3568,.T.);
#2389=EDGE_CURVE('',#2967,#2996,#101,.T.);
#2390=EDGE_CURVE('',#2997,#2997,#262,.T.);
#2391=EDGE_CURVE('',#2998,#2999,#3569,.T.);
#2392=EDGE_CURVE('',#3000,#2998,#3570,.T.);
#2393=EDGE_CURVE('',#3000,#3001,#3571,.T.);
#2394=EDGE_CURVE('',#3001,#2999,#3572,.T.);
#2395=EDGE_CURVE('',#2998,#3002,#3573,.T.);
#2396=EDGE_CURVE('',#3003,#3002,#3574,.T.);
#2397=EDGE_CURVE('',#3000,#3003,#3575,.T.);
#2398=EDGE_CURVE('',#3002,#3004,#3576,.T.);
#2399=EDGE_CURVE('',#3005,#3004,#3577,.T.);
#2400=EDGE_CURVE('',#3003,#3005,#3578,.T.);
#2401=EDGE_CURVE('',#3006,#3007,#3579,.T.);
#2402=EDGE_CURVE('',#3006,#3008,#3580,.F.);
#2403=EDGE_CURVE('',#3008,#3009,#3581,.T.);
#2404=EDGE_CURVE('',#3010,#3009,#3582,.T.);
#2405=EDGE_CURVE('',#3011,#3010,#3583,.T.);
#2406=EDGE_CURVE('',#3011,#3012,#3584,.F.);
#2407=EDGE_CURVE('',#3012,#3013,#3585,.T.);
#2408=EDGE_CURVE('',#3013,#3007,#3586,.T.);
#2409=EDGE_CURVE('',#3014,#3015,#3587,.T.);
#2410=EDGE_CURVE('',#3015,#2929,#3588,.T.);
#2411=EDGE_CURVE('',#2992,#3016,#3589,.T.);
#2412=EDGE_CURVE('',#3016,#3017,#3590,.T.);
#2413=EDGE_CURVE('',#2975,#3017,#3591,.T.);
#2414=EDGE_CURVE('',#2926,#3006,#263,.F.);
#2415=EDGE_CURVE('',#3018,#3007,#3592,.T.);
#2416=EDGE_CURVE('',#3014,#3018,#3593,.T.);
#2417=EDGE_CURVE('',#3019,#3020,#3594,.T.);
#2418=EDGE_CURVE('',#3019,#3014,#264,.F.);
#2419=EDGE_CURVE('',#3018,#3020,#265,.T.);
#2420=EDGE_CURVE('',#3021,#3022,#3595,.T.);
#2421=EDGE_CURVE('',#3021,#3019,#3596,.T.);
#2422=EDGE_CURVE('',#3022,#3020,#3597,.T.);
#2423=EDGE_CURVE('',#3023,#3024,#3598,.T.);
#2424=EDGE_CURVE('',#3023,#3021,#266,.F.);
#2425=EDGE_CURVE('',#3022,#3024,#267,.T.);
#2426=EDGE_CURVE('',#2952,#3025,#3599,.F.);
#2427=EDGE_CURVE('',#3025,#3023,#3600,.F.);
#2428=EDGE_CURVE('',#3024,#3026,#3601,.T.);
#2429=EDGE_CURVE('',#3027,#3026,#3602,.T.);
#2430=EDGE_CURVE('',#3027,#3028,#268,.T.);
#2431=EDGE_CURVE('',#3028,#2958,#3603,.T.);
#2432=EDGE_CURVE('',#2980,#3029,#3604,.T.);
#2433=EDGE_CURVE('',#3030,#3029,#3605,.T.);
#2434=EDGE_CURVE('',#2987,#3030,#3606,.T.);
#2435=EDGE_CURVE('',#2953,#2986,#3607,.T.);
#2436=EDGE_CURVE('',#3031,#3032,#3608,.T.);
#2437=EDGE_CURVE('',#3031,#3027,#3609,.F.);
#2438=EDGE_CURVE('',#3026,#3033,#3610,.T.);
#2439=EDGE_CURVE('',#3034,#3033,#3611,.T.);
#2440=EDGE_CURVE('',#3034,#3035,#3612,.F.);
#2441=EDGE_CURVE('',#3035,#3036,#3613,.T.);
#2442=EDGE_CURVE('',#3032,#3036,#3614,.T.);
#2443=EDGE_CURVE('',#3037,#2982,#3615,.T.);
#2444=EDGE_CURVE('',#3037,#3038,#34,.F.);
#2445=EDGE_CURVE('',#3038,#2983,#3616,.T.);
#2446=EDGE_CURVE('',#3039,#3040,#3617,.T.);
#2447=EDGE_CURVE('',#3039,#3034,#35,.T.);
#2448=EDGE_CURVE('',#3040,#3033,#36,.T.);
#2449=EDGE_CURVE('',#2999,#3004,#3618,.T.);
#2450=EDGE_CURVE('',#3001,#3005,#3619,.T.);
#2451=EDGE_CURVE('',#3041,#3042,#37,.F.);
#2452=EDGE_CURVE('',#3041,#2995,#3620,.T.);
#2453=EDGE_CURVE('',#3042,#2994,#3621,.T.);
#2454=EDGE_CURVE('',#3012,#3039,#38,.T.);
#2455=EDGE_CURVE('',#3040,#3013,#39,.T.);
#2456=EDGE_CURVE('',#3043,#3043,#269,.T.);
#2457=EDGE_CURVE('',#3044,#2996,#3622,.T.);
#2458=EDGE_CURVE('',#3044,#3045,#40,.F.);
#2459=EDGE_CURVE('',#3045,#2993,#3623,.T.);
#2460=EDGE_CURVE('',#3046,#3047,#3624,.T.);
#2461=EDGE_CURVE('',#3046,#3048,#3625,.T.);
#2462=EDGE_CURVE('',#3048,#2969,#3626,.T.);
#2463=EDGE_CURVE('',#3049,#2968,#3627,.T.);
#2464=EDGE_CURVE('',#3049,#3050,#3628,.F.);
#2465=EDGE_CURVE('',#3050,#3051,#3629,.T.);
#2466=EDGE_CURVE('',#3052,#3051,#3630,.T.);
#2467=EDGE_CURVE('',#3053,#3052,#3631,.T.);
#2468=EDGE_CURVE('',#3053,#3054,#3632,.F.);
#2469=EDGE_CURVE('',#3054,#3055,#3633,.F.);
#2470=EDGE_CURVE('',#3055,#3056,#3634,.T.);
#2471=EDGE_CURVE('',#3056,#3057,#3635,.T.);
#2472=EDGE_CURVE('',#3057,#3058,#3636,.T.);
#2473=EDGE_CURVE('',#3058,#3059,#3637,.T.);
#2474=EDGE_CURVE('',#3059,#3047,#3638,.T.);
#2475=EDGE_CURVE('',#3060,#2970,#3639,.T.);
#2476=EDGE_CURVE('',#3060,#3049,#41,.T.);
#2477=EDGE_CURVE('',#3048,#3060,#42,.T.);
#2478=EDGE_CURVE('',#2947,#3061,#3640,.T.);
#2479=EDGE_CURVE('',#3062,#3061,#3641,.T.);
#2480=EDGE_CURVE('',#2951,#3062,#3642,.T.);
#2481=EDGE_CURVE('',#2948,#2985,#3643,.T.);
#2482=EDGE_CURVE('',#3063,#3064,#43,.F.);
#2483=EDGE_CURVE('',#3063,#2981,#3644,.T.);
#2484=EDGE_CURVE('',#3064,#2984,#3645,.T.);
#2485=EDGE_CURVE('',#3028,#3065,#3646,.T.);
#2486=EDGE_CURVE('',#2959,#3065,#3647,.T.);
#2487=EDGE_CURVE('',#3066,#2972,#3648,.T.);
#2488=EDGE_CURVE('',#3067,#3066,#3649,.T.);
#2489=EDGE_CURVE('',#3067,#2973,#3650,.T.);
#2490=EDGE_CURVE('',#3068,#2971,#3651,.T.);
#2491=EDGE_CURVE('',#3066,#3068,#3652,.T.);
#2492=EDGE_CURVE('',#3069,#2974,#3653,.T.);
#2493=EDGE_CURVE('',#3069,#3068,#3654,.T.);
#2494=EDGE_CURVE('',#3067,#3069,#3655,.T.);
#2495=EDGE_CURVE('',#2976,#3070,#3656,.T.);
#2496=EDGE_CURVE('',#3071,#3070,#3657,.T.);
#2497=EDGE_CURVE('',#2991,#3071,#3658,.T.);
#2498=EDGE_CURVE('',#3072,#2990,#3659,.T.);
#2499=EDGE_CURVE('',#3073,#3072,#3660,.T.);
#2500=EDGE_CURVE('',#3073,#2977,#3661,.T.);
#2501=EDGE_CURVE('',#3074,#2989,#3662,.T.);
#2502=EDGE_CURVE('',#3074,#3072,#3663,.T.);
#2503=EDGE_CURVE('',#2979,#3075,#3664,.T.);
#2504=EDGE_CURVE('',#3076,#2978,#3665,.T.);
#2505=EDGE_CURVE('',#3076,#3074,#3666,.T.);
#2506=EDGE_CURVE('',#2988,#3077,#3667,.T.);
#2507=EDGE_CURVE('',#3077,#3075,#3668,.T.);
#2508=EDGE_CURVE('',#3076,#3073,#3669,.T.);
#2509=EDGE_CURVE('',#3078,#3079,#3670,.T.);
#2510=EDGE_CURVE('',#3079,#3080,#3671,.F.);
#2511=EDGE_CURVE('',#3080,#3081,#3672,.F.);
#2512=EDGE_CURVE('',#3081,#3082,#270,.T.);
#2513=EDGE_CURVE('',#3082,#3083,#3673,.F.);
#2514=EDGE_CURVE('',#3083,#3078,#271,.T.);
#2515=EDGE_CURVE('',#2937,#3011,#102,.T.);
#2516=EDGE_CURVE('',#2964,#3010,#3674,.T.);
#2517=EDGE_CURVE('',#3008,#2925,#103,.F.);
#2518=EDGE_CURVE('',#2965,#3009,#3675,.T.);
#2519=EDGE_CURVE('',#3065,#3031,#104,.T.);
#2520=EDGE_CURVE('',#2960,#3032,#3676,.T.);
#2521=EDGE_CURVE('',#3035,#2933,#105,.F.);
#2522=EDGE_CURVE('',#2961,#3036,#3677,.T.);
#2523=EDGE_CURVE('',#3058,#2950,#106,.T.);
#2524=EDGE_CURVE('',#3059,#3062,#3678,.T.);
#2525=EDGE_CURVE('',#2946,#3046,#107,.F.);
#2526=EDGE_CURVE('',#3047,#3061,#3679,.T.);
#2527=EDGE_CURVE('',#2930,#3053,#108,.F.);
#2528=EDGE_CURVE('',#3052,#2954,#3680,.T.);
#2529=EDGE_CURVE('',#3050,#2942,#109,.T.);
#2530=EDGE_CURVE('',#3051,#2955,#3681,.T.);
#2531=EDGE_CURVE('',#3075,#3029,#3682,.T.);
#2532=EDGE_CURVE('',#3077,#3030,#3683,.T.);
#2533=EDGE_CURVE('',#3016,#3071,#3684,.T.);
#2534=EDGE_CURVE('',#3017,#3070,#3685,.T.);
#2535=EDGE_CURVE('',#3063,#3037,#3686,.T.);
#2536=EDGE_CURVE('',#3064,#3038,#3687,.T.);
#2537=EDGE_CURVE('',#3041,#3044,#3688,.T.);
#2538=EDGE_CURVE('',#3042,#3045,#3689,.T.);
#2539=EDGE_CURVE('',#3014,#3081,#272,.T.);
#2540=EDGE_CURVE('',#3082,#3019,#273,.T.);
#2541=EDGE_CURVE('',#3054,#2929,#110,.T.);
#2542=EDGE_CURVE('',#3083,#3021,#274,.T.);
#2543=EDGE_CURVE('',#3015,#3080,#275,.T.);
#2544=EDGE_CURVE('',#3055,#3015,#276,.T.);
#2545=EDGE_CURVE('',#3078,#3023,#277,.T.);
#2546=EDGE_CURVE('',#3055,#3080,#278,.F.);
#2547=EDGE_CURVE('',#3079,#3025,#279,.T.);
#2548=EDGE_CURVE('',#3056,#3079,#280,.T.);
#2549=EDGE_CURVE('',#3056,#3025,#281,.F.);
#2550=EDGE_CURVE('',#3057,#2952,#111,.F.);
#2551=EDGE_CURVE('',#2943,#3049,#44,.F.);
#2552=EDGE_CURVE('',#2944,#3060,#45,.F.);
#2553=EDGE_CURVE('',#2945,#3048,#46,.F.);
#2554=EDGE_CURVE('',#3012,#2936,#47,.T.);
#2555=EDGE_CURVE('',#3039,#2935,#48,.T.);
#2556=EDGE_CURVE('',#3034,#2934,#49,.T.);
#2557=EDGE_CURVE('',#3084,#3085,#3690,.T.);
#2558=EDGE_CURVE('',#3086,#3084,#3691,.T.);
#2559=EDGE_CURVE('',#3086,#3087,#3692,.T.);
#2560=EDGE_CURVE('',#3087,#3085,#3693,.T.);
#2561=EDGE_CURVE('',#3084,#3088,#3694,.T.);
#2562=EDGE_CURVE('',#3089,#3088,#3695,.T.);
#2563=EDGE_CURVE('',#3086,#3089,#3696,.T.);
#2564=EDGE_CURVE('',#3090,#3088,#3697,.T.);
#2565=EDGE_CURVE('',#3091,#3090,#3698,.T.);
#2566=EDGE_CURVE('',#3091,#3089,#3699,.T.);
#2567=EDGE_CURVE('',#3092,#3090,#3700,.T.);
#2568=EDGE_CURVE('',#3093,#3092,#3701,.T.);
#2569=EDGE_CURVE('',#3093,#3091,#3702,.T.);
#2570=EDGE_CURVE('',#3092,#3094,#3703,.T.);
#2571=EDGE_CURVE('',#3095,#3094,#3704,.T.);
#2572=EDGE_CURVE('',#3093,#3095,#3705,.T.);
#2573=EDGE_CURVE('',#3094,#3096,#3706,.T.);
#2574=EDGE_CURVE('',#3097,#3096,#3707,.T.);
#2575=EDGE_CURVE('',#3095,#3097,#3708,.T.);
#2576=EDGE_CURVE('',#3096,#3098,#3709,.T.);
#2577=EDGE_CURVE('',#3099,#3098,#3710,.T.);
#2578=EDGE_CURVE('',#3097,#3099,#3711,.T.);
#2579=EDGE_CURVE('',#3098,#3100,#282,.T.);
#2580=EDGE_CURVE('',#3101,#3100,#3712,.T.);
#2581=EDGE_CURVE('',#3099,#3101,#283,.T.);
#2582=EDGE_CURVE('',#3100,#3102,#3713,.T.);
#2583=EDGE_CURVE('',#3103,#3102,#3714,.T.);
#2584=EDGE_CURVE('',#3101,#3103,#3715,.T.);
#2585=EDGE_CURVE('',#3102,#3085,#284,.T.);
#2586=EDGE_CURVE('',#3103,#3087,#285,.T.);
#2587=EDGE_CURVE('',#3104,#3105,#3716,.T.);
#2588=EDGE_CURVE('',#3106,#3104,#3717,.T.);
#2589=EDGE_CURVE('',#3106,#3107,#3718,.T.);
#2590=EDGE_CURVE('',#3107,#3105,#3719,.T.);
#2591=EDGE_CURVE('',#3104,#3108,#3720,.T.);
#2592=EDGE_CURVE('',#3109,#3108,#3721,.T.);
#2593=EDGE_CURVE('',#3106,#3109,#3722,.T.);
#2594=EDGE_CURVE('',#3110,#3108,#3723,.T.);
#2595=EDGE_CURVE('',#3111,#3110,#3724,.T.);
#2596=EDGE_CURVE('',#3111,#3109,#3725,.T.);
#2597=EDGE_CURVE('',#3112,#3110,#3726,.T.);
#2598=EDGE_CURVE('',#3113,#3112,#3727,.T.);
#2599=EDGE_CURVE('',#3113,#3111,#3728,.T.);
#2600=EDGE_CURVE('',#3112,#3114,#3729,.T.);
#2601=EDGE_CURVE('',#3115,#3114,#3730,.T.);
#2602=EDGE_CURVE('',#3113,#3115,#3731,.T.);
#2603=EDGE_CURVE('',#3114,#3116,#3732,.T.);
#2604=EDGE_CURVE('',#3117,#3116,#3733,.T.);
#2605=EDGE_CURVE('',#3115,#3117,#3734,.T.);
#2606=EDGE_CURVE('',#3116,#3118,#3735,.T.);
#2607=EDGE_CURVE('',#3119,#3118,#3736,.T.);
#2608=EDGE_CURVE('',#3117,#3119,#3737,.T.);
#2609=EDGE_CURVE('',#3120,#3118,#3738,.T.);
#2610=EDGE_CURVE('',#3121,#3120,#3739,.T.);
#2611=EDGE_CURVE('',#3121,#3119,#3740,.T.);
#2612=EDGE_CURVE('',#3120,#3122,#3741,.T.);
#2613=EDGE_CURVE('',#3123,#3122,#3742,.T.);
#2614=EDGE_CURVE('',#3121,#3123,#3743,.T.);
#2615=EDGE_CURVE('',#3124,#3122,#50,.T.);
#2616=EDGE_CURVE('',#3125,#3124,#3744,.T.);
#2617=EDGE_CURVE('',#3125,#3123,#51,.T.);
#2618=EDGE_CURVE('',#3126,#3124,#3745,.T.);
#2619=EDGE_CURVE('',#3127,#3126,#3746,.T.);
#2620=EDGE_CURVE('',#3127,#3125,#3747,.T.);
#2621=EDGE_CURVE('',#3105,#3126,#3748,.T.);
#2622=EDGE_CURVE('',#3107,#3127,#3749,.T.);
#2623=VERTEX_POINT('',#7394);
#2624=VERTEX_POINT('',#7395);
#2625=VERTEX_POINT('',#7397);
#2626=VERTEX_POINT('',#7399);
#2627=VERTEX_POINT('',#7402);
#2628=VERTEX_POINT('',#7403);
#2629=VERTEX_POINT('',#7405);
#2630=VERTEX_POINT('',#7407);
#2631=VERTEX_POINT('',#7409);
#2632=VERTEX_POINT('',#7411);
#2633=VERTEX_POINT('',#7413);
#2634=VERTEX_POINT('',#7415);
#2635=VERTEX_POINT('',#7417);
#2636=VERTEX_POINT('',#7419);
#2637=VERTEX_POINT('',#7421);
#2638=VERTEX_POINT('',#7423);
#2639=VERTEX_POINT('',#7425);
#2640=VERTEX_POINT('',#7427);
#2641=VERTEX_POINT('',#7429);
#2642=VERTEX_POINT('',#7431);
#2643=VERTEX_POINT('',#7433);
#2644=VERTEX_POINT('',#7435);
#2645=VERTEX_POINT('',#7437);
#2646=VERTEX_POINT('',#7439);
#2647=VERTEX_POINT('',#7441);
#2648=VERTEX_POINT('',#7443);
#2649=VERTEX_POINT('',#7445);
#2650=VERTEX_POINT('',#7447);
#2651=VERTEX_POINT('',#7449);
#2652=VERTEX_POINT('',#7451);
#2653=VERTEX_POINT('',#7453);
#2654=VERTEX_POINT('',#7455);
#2655=VERTEX_POINT('',#7457);
#2656=VERTEX_POINT('',#7459);
#2657=VERTEX_POINT('',#7461);
#2658=VERTEX_POINT('',#7463);
#2659=VERTEX_POINT('',#7465);
#2660=VERTEX_POINT('',#7467);
#2661=VERTEX_POINT('',#7469);
#2662=VERTEX_POINT('',#7471);
#2663=VERTEX_POINT('',#7473);
#2664=VERTEX_POINT('',#7475);
#2665=VERTEX_POINT('',#7477);
#2666=VERTEX_POINT('',#7479);
#2667=VERTEX_POINT('',#7481);
#2668=VERTEX_POINT('',#7483);
#2669=VERTEX_POINT('',#7485);
#2670=VERTEX_POINT('',#7487);
#2671=VERTEX_POINT('',#7489);
#2672=VERTEX_POINT('',#7491);
#2673=VERTEX_POINT('',#7493);
#2674=VERTEX_POINT('',#7495);
#2675=VERTEX_POINT('',#7497);
#2676=VERTEX_POINT('',#7499);
#2677=VERTEX_POINT('',#7501);
#2678=VERTEX_POINT('',#7503);
#2679=VERTEX_POINT('',#7505);
#2680=VERTEX_POINT('',#7507);
#2681=VERTEX_POINT('',#7511);
#2682=VERTEX_POINT('',#7513);
#2683=VERTEX_POINT('',#7517);
#2684=VERTEX_POINT('',#7519);
#2685=VERTEX_POINT('',#7523);
#2686=VERTEX_POINT('',#7525);
#2687=VERTEX_POINT('',#7529);
#2688=VERTEX_POINT('',#7531);
#2689=VERTEX_POINT('',#7535);
#2690=VERTEX_POINT('',#7537);
#2691=VERTEX_POINT('',#7541);
#2692=VERTEX_POINT('',#7543);
#2693=VERTEX_POINT('',#7547);
#2694=VERTEX_POINT('',#7549);
#2695=VERTEX_POINT('',#7553);
#2696=VERTEX_POINT('',#7555);
#2697=VERTEX_POINT('',#7559);
#2698=VERTEX_POINT('',#7561);
#2699=VERTEX_POINT('',#7565);
#2700=VERTEX_POINT('',#7567);
#2701=VERTEX_POINT('',#7571);
#2702=VERTEX_POINT('',#7573);
#2703=VERTEX_POINT('',#7577);
#2704=VERTEX_POINT('',#7579);
#2705=VERTEX_POINT('',#7583);
#2706=VERTEX_POINT('',#7585);
#2707=VERTEX_POINT('',#7589);
#2708=VERTEX_POINT('',#7591);
#2709=VERTEX_POINT('',#7595);
#2710=VERTEX_POINT('',#7597);
#2711=VERTEX_POINT('',#7601);
#2712=VERTEX_POINT('',#7603);
#2713=VERTEX_POINT('',#7607);
#2714=VERTEX_POINT('',#7609);
#2715=VERTEX_POINT('',#7613);
#2716=VERTEX_POINT('',#7614);
#2717=VERTEX_POINT('',#7619);
#2718=VERTEX_POINT('',#7620);
#2719=VERTEX_POINT('',#7622);
#2720=VERTEX_POINT('',#7624);
#2721=VERTEX_POINT('',#7628);
#2722=VERTEX_POINT('',#7629);
#2723=VERTEX_POINT('',#7631);
#2724=VERTEX_POINT('',#7633);
#2725=VERTEX_POINT('',#7637);
#2726=VERTEX_POINT('',#7638);
#2727=VERTEX_POINT('',#7640);
#2728=VERTEX_POINT('',#7642);
#2729=VERTEX_POINT('',#7646);
#2730=VERTEX_POINT('',#7647);
#2731=VERTEX_POINT('',#7649);
#2732=VERTEX_POINT('',#7651);
#2733=VERTEX_POINT('',#7655);
#2734=VERTEX_POINT('',#7656);
#2735=VERTEX_POINT('',#7658);
#2736=VERTEX_POINT('',#7660);
#2737=VERTEX_POINT('',#7663);
#2738=VERTEX_POINT('',#7664);
#2739=VERTEX_POINT('',#7666);
#2740=VERTEX_POINT('',#7668);
#2741=VERTEX_POINT('',#7677);
#2742=VERTEX_POINT('',#7679);
#2743=VERTEX_POINT('',#7683);
#2744=VERTEX_POINT('',#7687);
#2745=VERTEX_POINT('',#7694);
#2746=VERTEX_POINT('',#7697);
#2747=VERTEX_POINT('',#7700);
#2748=VERTEX_POINT('',#7703);
#2749=VERTEX_POINT('',#7706);
#2750=VERTEX_POINT('',#7709);
#2751=VERTEX_POINT('',#7712);
#2752=VERTEX_POINT('',#7715);
#2753=VERTEX_POINT('',#7718);
#2754=VERTEX_POINT('',#7721);
#2755=VERTEX_POINT('',#7724);
#2756=VERTEX_POINT('',#7727);
#2757=VERTEX_POINT('',#7730);
#2758=VERTEX_POINT('',#7733);
#2759=VERTEX_POINT('',#7736);
#2760=VERTEX_POINT('',#7739);
#2761=VERTEX_POINT('',#7742);
#2762=VERTEX_POINT('',#7745);
#2763=VERTEX_POINT('',#7833);
#2764=VERTEX_POINT('',#7834);
#2765=VERTEX_POINT('',#7836);
#2766=VERTEX_POINT('',#7838);
#2767=VERTEX_POINT('',#7842);
#2768=VERTEX_POINT('',#7844);
#2769=VERTEX_POINT('',#7859);
#2770=VERTEX_POINT('',#7861);
#2771=VERTEX_POINT('',#7869);
#2772=VERTEX_POINT('',#7871);
#2773=VERTEX_POINT('',#7875);
#2774=VERTEX_POINT('',#7877);
#2775=VERTEX_POINT('',#7881);
#2776=VERTEX_POINT('',#7883);
#2777=VERTEX_POINT('',#7887);
#2778=VERTEX_POINT('',#7889);
#2779=VERTEX_POINT('',#7893);
#2780=VERTEX_POINT('',#7895);
#2781=VERTEX_POINT('',#7899);
#2782=VERTEX_POINT('',#7901);
#2783=VERTEX_POINT('',#7905);
#2784=VERTEX_POINT('',#7907);
#2785=VERTEX_POINT('',#7911);
#2786=VERTEX_POINT('',#7913);
#2787=VERTEX_POINT('',#7923);
#2788=VERTEX_POINT('',#7924);
#2789=VERTEX_POINT('',#7926);
#2790=VERTEX_POINT('',#7928);
#2791=VERTEX_POINT('',#7932);
#2792=VERTEX_POINT('',#7933);
#2793=VERTEX_POINT('',#7935);
#2794=VERTEX_POINT('',#7937);
#2795=VERTEX_POINT('',#7941);
#2796=VERTEX_POINT('',#7942);
#2797=VERTEX_POINT('',#7944);
#2798=VERTEX_POINT('',#7946);
#2799=VERTEX_POINT('',#7950);
#2800=VERTEX_POINT('',#7951);
#2801=VERTEX_POINT('',#7953);
#2802=VERTEX_POINT('',#7955);
#2803=VERTEX_POINT('',#7959);
#2804=VERTEX_POINT('',#7960);
#2805=VERTEX_POINT('',#7962);
#2806=VERTEX_POINT('',#7964);
#2807=VERTEX_POINT('',#7968);
#2808=VERTEX_POINT('',#7969);
#2809=VERTEX_POINT('',#7971);
#2810=VERTEX_POINT('',#7973);
#2811=VERTEX_POINT('',#7977);
#2812=VERTEX_POINT('',#7978);
#2813=VERTEX_POINT('',#7980);
#2814=VERTEX_POINT('',#7982);
#2815=VERTEX_POINT('',#7986);
#2816=VERTEX_POINT('',#7987);
#2817=VERTEX_POINT('',#7989);
#2818=VERTEX_POINT('',#7991);
#2819=VERTEX_POINT('',#7995);
#2820=VERTEX_POINT('',#7996);
#2821=VERTEX_POINT('',#7998);
#2822=VERTEX_POINT('',#8000);
#2823=VERTEX_POINT('',#8004);
#2824=VERTEX_POINT('',#8006);
#2825=VERTEX_POINT('',#8009);
#2826=VERTEX_POINT('',#8012);
#2827=VERTEX_POINT('',#8015);
#2828=VERTEX_POINT('',#8018);
#2829=VERTEX_POINT('',#8021);
#2830=VERTEX_POINT('',#8024);
#2831=VERTEX_POINT('',#8027);
#2832=VERTEX_POINT('',#8030);
#2833=VERTEX_POINT('',#8034);
#2834=VERTEX_POINT('',#8035);
#2835=VERTEX_POINT('',#8040);
#2836=VERTEX_POINT('',#8042);
#2837=VERTEX_POINT('',#8044);
#2838=VERTEX_POINT('',#8046);
#2839=VERTEX_POINT('',#8048);
#2840=VERTEX_POINT('',#8050);
#2841=VERTEX_POINT('',#8059);
#2842=VERTEX_POINT('',#8060);
#2843=VERTEX_POINT('',#8068);
#2844=VERTEX_POINT('',#8069);
#2845=VERTEX_POINT('',#8071);
#2846=VERTEX_POINT('',#8079);
#2847=VERTEX_POINT('',#8081);
#2848=VERTEX_POINT('',#8083);
#2849=VERTEX_POINT('',#8093);
#2850=VERTEX_POINT('',#8096);
#2851=VERTEX_POINT('',#8098);
#2852=VERTEX_POINT('',#8100);
#2853=VERTEX_POINT('',#8102);
#2854=VERTEX_POINT('',#8106);
#2855=VERTEX_POINT('',#8108);
#2856=VERTEX_POINT('',#8112);
#2857=VERTEX_POINT('',#8114);
#2858=VERTEX_POINT('',#8119);
#2859=VERTEX_POINT('',#8122);
#2860=VERTEX_POINT('',#8128);
#2861=VERTEX_POINT('',#8155);
#2862=VERTEX_POINT('',#8157);
#2863=VERTEX_POINT('',#8160);
#2864=VERTEX_POINT('',#8162);
#2865=VERTEX_POINT('',#8165);
#2866=VERTEX_POINT('',#8167);
#2867=VERTEX_POINT('',#8170);
#2868=VERTEX_POINT('',#8172);
#2869=VERTEX_POINT('',#8175);
#2870=VERTEX_POINT('',#8177);
#2871=VERTEX_POINT('',#8180);
#2872=VERTEX_POINT('',#8182);
#2873=VERTEX_POINT('',#8185);
#2874=VERTEX_POINT('',#8187);
#2875=VERTEX_POINT('',#8190);
#2876=VERTEX_POINT('',#8192);
#2877=VERTEX_POINT('',#8195);
#2878=VERTEX_POINT('',#8197);
#2879=VERTEX_POINT('',#8201);
#2880=VERTEX_POINT('',#8203);
#2881=VERTEX_POINT('',#8207);
#2882=VERTEX_POINT('',#8211);
#2883=VERTEX_POINT('',#8215);
#2884=VERTEX_POINT('',#8222);
#2885=VERTEX_POINT('',#8224);
#2886=VERTEX_POINT('',#8228);
#2887=VERTEX_POINT('',#8232);
#2888=VERTEX_POINT('',#8236);
#2889=VERTEX_POINT('',#8243);
#2890=VERTEX_POINT('',#8245);
#2891=VERTEX_POINT('',#8249);
#2892=VERTEX_POINT('',#8253);
#2893=VERTEX_POINT('',#8257);
#2894=VERTEX_POINT('',#8264);
#2895=VERTEX_POINT('',#8266);
#2896=VERTEX_POINT('',#8270);
#2897=VERTEX_POINT('',#8274);
#2898=VERTEX_POINT('',#8278);
#2899=VERTEX_POINT('',#8285);
#2900=VERTEX_POINT('',#8287);
#2901=VERTEX_POINT('',#8291);
#2902=VERTEX_POINT('',#8295);
#2903=VERTEX_POINT('',#8299);
#2904=VERTEX_POINT('',#8306);
#2905=VERTEX_POINT('',#8308);
#2906=VERTEX_POINT('',#8312);
#2907=VERTEX_POINT('',#8316);
#2908=VERTEX_POINT('',#8320);
#2909=VERTEX_POINT('',#8327);
#2910=VERTEX_POINT('',#8329);
#2911=VERTEX_POINT('',#8333);
#2912=VERTEX_POINT('',#8337);
#2913=VERTEX_POINT('',#8341);
#2914=VERTEX_POINT('',#8348);
#2915=VERTEX_POINT('',#8350);
#2916=VERTEX_POINT('',#8354);
#2917=VERTEX_POINT('',#8358);
#2918=VERTEX_POINT('',#8362);
#2919=VERTEX_POINT('',#8369);
#2920=VERTEX_POINT('',#8371);
#2921=VERTEX_POINT('',#8375);
#2922=VERTEX_POINT('',#8379);
#2923=VERTEX_POINT('',#8383);
#2924=VERTEX_POINT('',#8391);
#2925=VERTEX_POINT('',#8392);
#2926=VERTEX_POINT('',#8394);
#2927=VERTEX_POINT('',#8396);
#2928=VERTEX_POINT('',#8400);
#2929=VERTEX_POINT('',#8401);
#2930=VERTEX_POINT('',#8403);
#2931=VERTEX_POINT('',#8405);
#2932=VERTEX_POINT('',#8409);
#2933=VERTEX_POINT('',#8410);
#2934=VERTEX_POINT('',#8412);
#2935=VERTEX_POINT('',#8431);
#2936=VERTEX_POINT('',#8450);
#2937=VERTEX_POINT('',#8452);
#2938=VERTEX_POINT('',#8454);
#2939=VERTEX_POINT('',#8456);
#2940=VERTEX_POINT('',#8462);
#2941=VERTEX_POINT('',#8464);
#2942=VERTEX_POINT('',#8466);
#2943=VERTEX_POINT('',#8468);
#2944=VERTEX_POINT('',#8482);
#2945=VERTEX_POINT('',#8497);
#2946=VERTEX_POINT('',#8499);
#2947=VERTEX_POINT('',#8501);
#2948=VERTEX_POINT('',#8503);
#2949=VERTEX_POINT('',#8509);
#2950=VERTEX_POINT('',#8513);
#2951=VERTEX_POINT('',#8514);
#2952=VERTEX_POINT('',#8516);
#2953=VERTEX_POINT('',#8518);
#2954=VERTEX_POINT('',#8522);
#2955=VERTEX_POINT('',#8524);
#2956=VERTEX_POINT('',#8527);
#2957=VERTEX_POINT('',#8529);
#2958=VERTEX_POINT('',#8533);
#2959=VERTEX_POINT('',#8534);
#2960=VERTEX_POINT('',#8536);
#2961=VERTEX_POINT('',#8538);
#2962=VERTEX_POINT('',#8541);
#2963=VERTEX_POINT('',#8543);
#2964=VERTEX_POINT('',#8547);
#2965=VERTEX_POINT('',#8549);
#2966=VERTEX_POINT('',#8552);
#2967=VERTEX_POINT('',#8554);
#2968=VERTEX_POINT('',#8558);
#2969=VERTEX_POINT('',#8559);
#2970=VERTEX_POINT('',#8565);
#2971=VERTEX_POINT('',#8572);
#2972=VERTEX_POINT('',#8573);
#2973=VERTEX_POINT('',#8575);
#2974=VERTEX_POINT('',#8577);
#2975=VERTEX_POINT('',#8581);
#2976=VERTEX_POINT('',#8583);
#2977=VERTEX_POINT('',#8585);
#2978=VERTEX_POINT('',#8587);
#2979=VERTEX_POINT('',#8589);
#2980=VERTEX_POINT('',#8591);
#2981=VERTEX_POINT('',#8594);
#2982=VERTEX_POINT('',#8596);
#2983=VERTEX_POINT('',#8616);
#2984=VERTEX_POINT('',#8618);
#2985=VERTEX_POINT('',#8624);
#2986=VERTEX_POINT('',#8626);
#2987=VERTEX_POINT('',#8628);
#2988=VERTEX_POINT('',#8630);
#2989=VERTEX_POINT('',#8632);
#2990=VERTEX_POINT('',#8634);
#2991=VERTEX_POINT('',#8636);
#2992=VERTEX_POINT('',#8638);
#2993=VERTEX_POINT('',#8645);
#2994=VERTEX_POINT('',#8647);
#2995=VERTEX_POINT('',#8667);
#2996=VERTEX_POINT('',#8669);
#2997=VERTEX_POINT('',#8672);
#2998=VERTEX_POINT('',#8675);
#2999=VERTEX_POINT('',#8676);
#3000=VERTEX_POINT('',#8678);
#3001=VERTEX_POINT('',#8680);
#3002=VERTEX_POINT('',#8684);
#3003=VERTEX_POINT('',#8686);
#3004=VERTEX_POINT('',#8690);
#3005=VERTEX_POINT('',#8692);
#3006=VERTEX_POINT('',#8696);
#3007=VERTEX_POINT('',#8697);
#3008=VERTEX_POINT('',#8699);
#3009=VERTEX_POINT('',#8701);
#3010=VERTEX_POINT('',#8703);
#3011=VERTEX_POINT('',#8705);
#3012=VERTEX_POINT('',#8707);
#3013=VERTEX_POINT('',#8709);
#3014=VERTEX_POINT('',#8713);
#3015=VERTEX_POINT('',#8714);
#3016=VERTEX_POINT('',#8717);
#3017=VERTEX_POINT('',#8719);
#3018=VERTEX_POINT('',#8723);
#3019=VERTEX_POINT('',#8727);
#3020=VERTEX_POINT('',#8728);
#3021=VERTEX_POINT('',#8733);
#3022=VERTEX_POINT('',#8734);
#3023=VERTEX_POINT('',#8739);
#3024=VERTEX_POINT('',#8740);
#3025=VERTEX_POINT('',#8745);
#3026=VERTEX_POINT('',#8748);
#3027=VERTEX_POINT('',#8750);
#3028=VERTEX_POINT('',#8752);
#3029=VERTEX_POINT('',#8755);
#3030=VERTEX_POINT('',#8757);
#3031=VERTEX_POINT('',#8762);
#3032=VERTEX_POINT('',#8763);
#3033=VERTEX_POINT('',#8766);
#3034=VERTEX_POINT('',#8768);
#3035=VERTEX_POINT('',#8770);
#3036=VERTEX_POINT('',#8772);
#3037=VERTEX_POINT('',#8809);
#3038=VERTEX_POINT('',#8829);
#3039=VERTEX_POINT('',#8832);
#3040=VERTEX_POINT('',#8833);
#3041=VERTEX_POINT('',#8927);
#3042=VERTEX_POINT('',#8928);
#3043=VERTEX_POINT('',#8970);
#3044=VERTEX_POINT('',#8981);
#3045=VERTEX_POINT('',#8987);
#3046=VERTEX_POINT('',#8991);
#3047=VERTEX_POINT('',#8992);
#3048=VERTEX_POINT('',#8994);
#3049=VERTEX_POINT('',#8997);
#3050=VERTEX_POINT('',#8999);
#3051=VERTEX_POINT('',#9001);
#3052=VERTEX_POINT('',#9003);
#3053=VERTEX_POINT('',#9005);
#3054=VERTEX_POINT('',#9007);
#3055=VERTEX_POINT('',#9009);
#3056=VERTEX_POINT('',#9011);
#3057=VERTEX_POINT('',#9013);
#3058=VERTEX_POINT('',#9015);
#3059=VERTEX_POINT('',#9017);
#3060=VERTEX_POINT('',#9030);
#3061=VERTEX_POINT('',#9067);
#3062=VERTEX_POINT('',#9069);
#3063=VERTEX_POINT('',#9085);
#3064=VERTEX_POINT('',#9086);
#3065=VERTEX_POINT('',#9091);
#3066=VERTEX_POINT('',#9095);
#3067=VERTEX_POINT('',#9097);
#3068=VERTEX_POINT('',#9101);
#3069=VERTEX_POINT('',#9105);
#3070=VERTEX_POINT('',#9112);
#3071=VERTEX_POINT('',#9114);
#3072=VERTEX_POINT('',#9117);
#3073=VERTEX_POINT('',#9119);
#3074=VERTEX_POINT('',#9123);
#3075=VERTEX_POINT('',#9127);
#3076=VERTEX_POINT('',#9129);
#3077=VERTEX_POINT('',#9132);
#3078=VERTEX_POINT('',#9138);
#3079=VERTEX_POINT('',#9139);
#3080=VERTEX_POINT('',#9141);
#3081=VERTEX_POINT('',#9143);
#3082=VERTEX_POINT('',#9145);
#3083=VERTEX_POINT('',#9147);
#3084=VERTEX_POINT('',#9465);
#3085=VERTEX_POINT('',#9466);
#3086=VERTEX_POINT('',#9468);
#3087=VERTEX_POINT('',#9470);
#3088=VERTEX_POINT('',#9474);
#3089=VERTEX_POINT('',#9476);
#3090=VERTEX_POINT('',#9480);
#3091=VERTEX_POINT('',#9482);
#3092=VERTEX_POINT('',#9486);
#3093=VERTEX_POINT('',#9488);
#3094=VERTEX_POINT('',#9492);
#3095=VERTEX_POINT('',#9494);
#3096=VERTEX_POINT('',#9498);
#3097=VERTEX_POINT('',#9500);
#3098=VERTEX_POINT('',#9504);
#3099=VERTEX_POINT('',#9506);
#3100=VERTEX_POINT('',#9510);
#3101=VERTEX_POINT('',#9512);
#3102=VERTEX_POINT('',#9516);
#3103=VERTEX_POINT('',#9518);
#3104=VERTEX_POINT('',#9528);
#3105=VERTEX_POINT('',#9529);
#3106=VERTEX_POINT('',#9531);
#3107=VERTEX_POINT('',#9533);
#3108=VERTEX_POINT('',#9537);
#3109=VERTEX_POINT('',#9539);
#3110=VERTEX_POINT('',#9543);
#3111=VERTEX_POINT('',#9545);
#3112=VERTEX_POINT('',#9549);
#3113=VERTEX_POINT('',#9551);
#3114=VERTEX_POINT('',#9555);
#3115=VERTEX_POINT('',#9557);
#3116=VERTEX_POINT('',#9561);
#3117=VERTEX_POINT('',#9563);
#3118=VERTEX_POINT('',#9567);
#3119=VERTEX_POINT('',#9569);
#3120=VERTEX_POINT('',#9573);
#3121=VERTEX_POINT('',#9575);
#3122=VERTEX_POINT('',#9579);
#3123=VERTEX_POINT('',#9581);
#3124=VERTEX_POINT('',#9596);
#3125=VERTEX_POINT('',#9598);
#3126=VERTEX_POINT('',#9606);
#3127=VERTEX_POINT('',#9608);
#3128=LINE('',#7393,#3750);
#3129=LINE('',#7396,#3751);
#3130=LINE('',#7398,#3752);
#3131=LINE('',#7400,#3753);
#3132=LINE('',#7401,#3754);
#3133=LINE('',#7404,#3755);
#3134=LINE('',#7408,#3756);
#3135=LINE('',#7410,#3757);
#3136=LINE('',#7414,#3758);
#3137=LINE('',#7416,#3759);
#3138=LINE('',#7420,#3760);
#3139=LINE('',#7422,#3761);
#3140=LINE('',#7426,#3762);
#3141=LINE('',#7428,#3763);
#3142=LINE('',#7432,#3764);
#3143=LINE('',#7434,#3765);
#3144=LINE('',#7438,#3766);
#3145=LINE('',#7440,#3767);
#3146=LINE('',#7444,#3768);
#3147=LINE('',#7446,#3769);
#3148=LINE('',#7450,#3770);
#3149=LINE('',#7452,#3771);
#3150=LINE('',#7456,#3772);
#3151=LINE('',#7458,#3773);
#3152=LINE('',#7462,#3774);
#3153=LINE('',#7464,#3775);
#3154=LINE('',#7468,#3776);
#3155=LINE('',#7470,#3777);
#3156=LINE('',#7474,#3778);
#3157=LINE('',#7476,#3779);
#3158=LINE('',#7480,#3780);
#3159=LINE('',#7482,#3781);
#3160=LINE('',#7486,#3782);
#3161=LINE('',#7488,#3783);
#3162=LINE('',#7492,#3784);
#3163=LINE('',#7494,#3785);
#3164=LINE('',#7498,#3786);
#3165=LINE('',#7500,#3787);
#3166=LINE('',#7504,#3788);
#3167=LINE('',#7506,#3789);
#3168=LINE('',#7510,#3790);
#3169=LINE('',#7514,#3791);
#3170=LINE('',#7516,#3792);
#3171=LINE('',#7520,#3793);
#3172=LINE('',#7522,#3794);
#3173=LINE('',#7526,#3795);
#3174=LINE('',#7528,#3796);
#3175=LINE('',#7532,#3797);
#3176=LINE('',#7534,#3798);
#3177=LINE('',#7538,#3799);
#3178=LINE('',#7540,#3800);
#3179=LINE('',#7544,#3801);
#3180=LINE('',#7546,#3802);
#3181=LINE('',#7550,#3803);
#3182=LINE('',#7552,#3804);
#3183=LINE('',#7556,#3805);
#3184=LINE('',#7558,#3806);
#3185=LINE('',#7562,#3807);
#3186=LINE('',#7564,#3808);
#3187=LINE('',#7568,#3809);
#3188=LINE('',#7570,#3810);
#3189=LINE('',#7574,#3811);
#3190=LINE('',#7576,#3812);
#3191=LINE('',#7580,#3813);
#3192=LINE('',#7582,#3814);
#3193=LINE('',#7586,#3815);
#3194=LINE('',#7588,#3816);
#3195=LINE('',#7592,#3817);
#3196=LINE('',#7594,#3818);
#3197=LINE('',#7598,#3819);
#3198=LINE('',#7600,#3820);
#3199=LINE('',#7604,#3821);
#3200=LINE('',#7606,#3822);
#3201=LINE('',#7610,#3823);
#3202=LINE('',#7615,#3824);
#3203=LINE('',#7616,#3825);
#3204=LINE('',#7618,#3826);
#3205=LINE('',#7621,#3827);
#3206=LINE('',#7623,#3828);
#3207=LINE('',#7625,#3829);
#3208=LINE('',#7627,#3830);
#3209=LINE('',#7630,#3831);
#3210=LINE('',#7632,#3832);
#3211=LINE('',#7634,#3833);
#3212=LINE('',#7636,#3834);
#3213=LINE('',#7639,#3835);
#3214=LINE('',#7641,#3836);
#3215=LINE('',#7643,#3837);
#3216=LINE('',#7645,#3838);
#3217=LINE('',#7648,#3839);
#3218=LINE('',#7650,#3840);
#3219=LINE('',#7652,#3841);
#3220=LINE('',#7654,#3842);
#3221=LINE('',#7657,#3843);
#3222=LINE('',#7659,#3844);
#3223=LINE('',#7661,#3845);
#3224=LINE('',#7662,#3846);
#3225=LINE('',#7665,#3847);
#3226=LINE('',#7667,#3848);
#3227=LINE('',#7669,#3849);
#3228=LINE('',#7676,#3850);
#3229=LINE('',#7678,#3851);
#3230=LINE('',#7680,#3852);
#3231=LINE('',#7682,#3853);
#3232=LINE('',#7684,#3854);
#3233=LINE('',#7686,#3855);
#3234=LINE('',#7688,#3856);
#3235=LINE('',#7693,#3857);
#3236=LINE('',#7695,#3858);
#3237=LINE('',#7696,#3859);
#3238=LINE('',#7698,#3860);
#3239=LINE('',#7699,#3861);
#3240=LINE('',#7701,#3862);
#3241=LINE('',#7702,#3863);
#3242=LINE('',#7704,#3864);
#3243=LINE('',#7705,#3865);
#3244=LINE('',#7707,#3866);
#3245=LINE('',#7708,#3867);
#3246=LINE('',#7710,#3868);
#3247=LINE('',#7711,#3869);
#3248=LINE('',#7713,#3870);
#3249=LINE('',#7714,#3871);
#3250=LINE('',#7716,#3872);
#3251=LINE('',#7717,#3873);
#3252=LINE('',#7719,#3874);
#3253=LINE('',#7720,#3875);
#3254=LINE('',#7722,#3876);
#3255=LINE('',#7723,#3877);
#3256=LINE('',#7725,#3878);
#3257=LINE('',#7726,#3879);
#3258=LINE('',#7728,#3880);
#3259=LINE('',#7729,#3881);
#3260=LINE('',#7731,#3882);
#3261=LINE('',#7732,#3883);
#3262=LINE('',#7734,#3884);
#3263=LINE('',#7735,#3885);
#3264=LINE('',#7737,#3886);
#3265=LINE('',#7738,#3887);
#3266=LINE('',#7740,#3888);
#3267=LINE('',#7741,#3889);
#3268=LINE('',#7743,#3890);
#3269=LINE('',#7744,#3891);
#3270=LINE('',#7746,#3892);
#3271=LINE('',#7777,#3893);
#3272=LINE('',#7780,#3894);
#3273=LINE('',#7783,#3895);
#3274=LINE('',#7786,#3896);
#3275=LINE('',#7789,#3897);
#3276=LINE('',#7792,#3898);
#3277=LINE('',#7795,#3899);
#3278=LINE('',#7798,#3900);
#3279=LINE('',#7801,#3901);
#3280=LINE('',#7804,#3902);
#3281=LINE('',#7807,#3903);
#3282=LINE('',#7810,#3904);
#3283=LINE('',#7813,#3905);
#3284=LINE('',#7816,#3906);
#3285=LINE('',#7819,#3907);
#3286=LINE('',#7822,#3908);
#3287=LINE('',#7825,#3909);
#3288=LINE('',#7828,#3910);
#3289=LINE('',#7832,#3911);
#3290=LINE('',#7835,#3912);
#3291=LINE('',#7837,#3913);
#3292=LINE('',#7839,#3914);
#3293=LINE('',#7841,#3915);
#3294=LINE('',#7843,#3916);
#3295=LINE('',#7845,#3917);
#3296=LINE('',#7860,#3918);
#3297=LINE('',#7868,#3919);
#3298=LINE('',#7870,#3920);
#3299=LINE('',#7872,#3921);
#3300=LINE('',#7874,#3922);
#3301=LINE('',#7876,#3923);
#3302=LINE('',#7878,#3924);
#3303=LINE('',#7880,#3925);
#3304=LINE('',#7882,#3926);
#3305=LINE('',#7884,#3927);
#3306=LINE('',#7886,#3928);
#3307=LINE('',#7888,#3929);
#3308=LINE('',#7890,#3930);
#3309=LINE('',#7892,#3931);
#3310=LINE('',#7894,#3932);
#3311=LINE('',#7896,#3933);
#3312=LINE('',#7898,#3934);
#3313=LINE('',#7900,#3935);
#3314=LINE('',#7902,#3936);
#3315=LINE('',#7904,#3937);
#3316=LINE('',#7906,#3938);
#3317=LINE('',#7908,#3939);
#3318=LINE('',#7910,#3940);
#3319=LINE('',#7912,#3941);
#3320=LINE('',#7914,#3942);
#3321=LINE('',#7916,#3943);
#3322=LINE('',#7917,#3944);
#3323=LINE('',#7925,#3945);
#3324=LINE('',#7929,#3946);
#3325=LINE('',#7931,#3947);
#3326=LINE('',#7936,#3948);
#3327=LINE('',#7940,#3949);
#3328=LINE('',#7945,#3950);
#3329=LINE('',#7949,#3951);
#3330=LINE('',#7954,#3952);
#3331=LINE('',#7958,#3953);
#3332=LINE('',#7963,#3954);
#3333=LINE('',#7967,#3955);
#3334=LINE('',#7972,#3956);
#3335=LINE('',#7976,#3957);
#3336=LINE('',#7981,#3958);
#3337=LINE('',#7985,#3959);
#3338=LINE('',#7990,#3960);
#3339=LINE('',#7994,#3961);
#3340=LINE('',#7999,#3962);
#3341=LINE('',#8005,#3963);
#3342=LINE('',#8007,#3964);
#3343=LINE('',#8008,#3965);
#3344=LINE('',#8010,#3966);
#3345=LINE('',#8011,#3967);
#3346=LINE('',#8013,#3968);
#3347=LINE('',#8014,#3969);
#3348=LINE('',#8016,#3970);
#3349=LINE('',#8017,#3971);
#3350=LINE('',#8019,#3972);
#3351=LINE('',#8020,#3973);
#3352=LINE('',#8022,#3974);
#3353=LINE('',#8023,#3975);
#3354=LINE('',#8025,#3976);
#3355=LINE('',#8026,#3977);
#3356=LINE('',#8028,#3978);
#3357=LINE('',#8029,#3979);
#3358=LINE('',#8031,#3980);
#3359=LINE('',#8033,#3981);
#3360=LINE('',#8041,#3982);
#3361=LINE('',#8043,#3983);
#3362=LINE('',#8045,#3984);
#3363=LINE('',#8047,#3985);
#3364=LINE('',#8049,#3986);
#3365=LINE('',#8058,#3987);
#3366=LINE('',#8061,#3988);
#3367=LINE('',#8062,#3989);
#3368=LINE('',#8070,#3990);
#3369=LINE('',#8078,#3991);
#3370=LINE('',#8080,#3992);
#3371=LINE('',#8082,#3993);
#3372=LINE('',#8084,#3994);
#3373=LINE('',#8086,#3995);
#3374=LINE('',#8087,#3996);
#3375=LINE('',#8089,#3997);
#3376=LINE('',#8090,#3998);
#3377=LINE('',#8097,#3999);
#3378=LINE('',#8101,#4000);
#3379=LINE('',#8105,#4001);
#3380=LINE('',#8107,#4002);
#3381=LINE('',#8109,#4003);
#3382=LINE('',#8111,#4004);
#3383=LINE('',#8113,#4005);
#3384=LINE('',#8115,#4006);
#3385=LINE('',#8154,#4007);
#3386=LINE('',#8156,#4008);
#3387=LINE('',#8158,#4009);
#3388=LINE('',#8159,#4010);
#3389=LINE('',#8161,#4011);
#3390=LINE('',#8163,#4012);
#3391=LINE('',#8164,#4013);
#3392=LINE('',#8166,#4014);
#3393=LINE('',#8168,#4015);
#3394=LINE('',#8169,#4016);
#3395=LINE('',#8171,#4017);
#3396=LINE('',#8173,#4018);
#3397=LINE('',#8174,#4019);
#3398=LINE('',#8176,#4020);
#3399=LINE('',#8178,#4021);
#3400=LINE('',#8179,#4022);
#3401=LINE('',#8181,#4023);
#3402=LINE('',#8183,#4024);
#3403=LINE('',#8184,#4025);
#3404=LINE('',#8186,#4026);
#3405=LINE('',#8188,#4027);
#3406=LINE('',#8189,#4028);
#3407=LINE('',#8191,#4029);
#3408=LINE('',#8193,#4030);
#3409=LINE('',#8194,#4031);
#3410=LINE('',#8196,#4032);
#3411=LINE('',#8198,#4033);
#3412=LINE('',#8200,#4034);
#3413=LINE('',#8202,#4035);
#3414=LINE('',#8204,#4036);
#3415=LINE('',#8206,#4037);
#3416=LINE('',#8208,#4038);
#3417=LINE('',#8210,#4039);
#3418=LINE('',#8212,#4040);
#3419=LINE('',#8214,#4041);
#3420=LINE('',#8216,#4042);
#3421=LINE('',#8218,#4043);
#3422=LINE('',#8221,#4044);
#3423=LINE('',#8223,#4045);
#3424=LINE('',#8225,#4046);
#3425=LINE('',#8227,#4047);
#3426=LINE('',#8229,#4048);
#3427=LINE('',#8231,#4049);
#3428=LINE('',#8233,#4050);
#3429=LINE('',#8235,#4051);
#3430=LINE('',#8237,#4052);
#3431=LINE('',#8239,#4053);
#3432=LINE('',#8242,#4054);
#3433=LINE('',#8244,#4055);
#3434=LINE('',#8246,#4056);
#3435=LINE('',#8248,#4057);
#3436=LINE('',#8250,#4058);
#3437=LINE('',#8252,#4059);
#3438=LINE('',#8254,#4060);
#3439=LINE('',#8256,#4061);
#3440=LINE('',#8258,#4062);
#3441=LINE('',#8260,#4063);
#3442=LINE('',#8263,#4064);
#3443=LINE('',#8265,#4065);
#3444=LINE('',#8267,#4066);
#3445=LINE('',#8269,#4067);
#3446=LINE('',#8271,#4068);
#3447=LINE('',#8273,#4069);
#3448=LINE('',#8275,#4070);
#3449=LINE('',#8277,#4071);
#3450=LINE('',#8279,#4072);
#3451=LINE('',#8281,#4073);
#3452=LINE('',#8284,#4074);
#3453=LINE('',#8286,#4075);
#3454=LINE('',#8288,#4076);
#3455=LINE('',#8290,#4077);
#3456=LINE('',#8292,#4078);
#3457=LINE('',#8294,#4079);
#3458=LINE('',#8296,#4080);
#3459=LINE('',#8298,#4081);
#3460=LINE('',#8300,#4082);
#3461=LINE('',#8302,#4083);
#3462=LINE('',#8305,#4084);
#3463=LINE('',#8307,#4085);
#3464=LINE('',#8309,#4086);
#3465=LINE('',#8311,#4087);
#3466=LINE('',#8313,#4088);
#3467=LINE('',#8315,#4089);
#3468=LINE('',#8317,#4090);
#3469=LINE('',#8319,#4091);
#3470=LINE('',#8321,#4092);
#3471=LINE('',#8323,#4093);
#3472=LINE('',#8326,#4094);
#3473=LINE('',#8328,#4095);
#3474=LINE('',#8330,#4096);
#3475=LINE('',#8332,#4097);
#3476=LINE('',#8334,#4098);
#3477=LINE('',#8336,#4099);
#3478=LINE('',#8338,#4100);
#3479=LINE('',#8340,#4101);
#3480=LINE('',#8342,#4102);
#3481=LINE('',#8344,#4103);
#3482=LINE('',#8347,#4104);
#3483=LINE('',#8349,#4105);
#3484=LINE('',#8351,#4106);
#3485=LINE('',#8353,#4107);
#3486=LINE('',#8355,#4108);
#3487=LINE('',#8357,#4109);
#3488=LINE('',#8359,#4110);
#3489=LINE('',#8361,#4111);
#3490=LINE('',#8363,#4112);
#3491=LINE('',#8365,#4113);
#3492=LINE('',#8368,#4114);
#3493=LINE('',#8370,#4115);
#3494=LINE('',#8372,#4116);
#3495=LINE('',#8374,#4117);
#3496=LINE('',#8376,#4118);
#3497=LINE('',#8378,#4119);
#3498=LINE('',#8380,#4120);
#3499=LINE('',#8382,#4121);
#3500=LINE('',#8384,#4122);
#3501=LINE('',#8386,#4123);
#3502=LINE('',#8390,#4124);
#3503=LINE('',#8393,#4125);
#3504=LINE('',#8395,#4126);
#3505=LINE('',#8397,#4127);
#3506=LINE('',#8399,#4128);
#3507=LINE('',#8402,#4129);
#3508=LINE('',#8404,#4130);
#3509=LINE('',#8406,#4131);
#3510=LINE('',#8408,#4132);
#3511=LINE('',#8411,#4133);
#3512=LINE('',#8451,#4134);
#3513=LINE('',#8453,#4135);
#3514=LINE('',#8455,#4136);
#3515=LINE('',#8463,#4137);
#3516=LINE('',#8465,#4138);
#3517=LINE('',#8467,#4139);
#3518=LINE('',#8498,#4140);
#3519=LINE('',#8500,#4141);
#3520=LINE('',#8502,#4142);
#3521=LINE('',#8510,#4143);
#3522=LINE('',#8512,#4144);
#3523=LINE('',#8515,#4145);
#3524=LINE('',#8517,#4146);
#3525=LINE('',#8519,#4147);
#3526=LINE('',#8521,#4148);
#3527=LINE('',#8523,#4149);
#3528=LINE('',#8525,#4150);
#3529=LINE('',#8526,#4151);
#3530=LINE('',#8528,#4152);
#3531=LINE('',#8530,#4153);
#3532=LINE('',#8532,#4154);
#3533=LINE('',#8535,#4155);
#3534=LINE('',#8537,#4156);
#3535=LINE('',#8539,#4157);
#3536=LINE('',#8540,#4158);
#3537=LINE('',#8542,#4159);
#3538=LINE('',#8544,#4160);
#3539=LINE('',#8546,#4161);
#3540=LINE('',#8548,#4162);
#3541=LINE('',#8550,#4163);
#3542=LINE('',#8551,#4164);
#3543=LINE('',#8553,#4165);
#3544=LINE('',#8555,#4166);
#3545=LINE('',#8557,#4167);
#3546=LINE('',#8571,#4168);
#3547=LINE('',#8574,#4169);
#3548=LINE('',#8576,#4170);
#3549=LINE('',#8578,#4171);
#3550=LINE('',#8580,#4172);
#3551=LINE('',#8582,#4173);
#3552=LINE('',#8584,#4174);
#3553=LINE('',#8586,#4175);
#3554=LINE('',#8588,#4176);
#3555=LINE('',#8590,#4177);
#3556=LINE('',#8592,#4178);
#3557=LINE('',#8595,#4179);
#3558=LINE('',#8617,#4180);
#3559=LINE('',#8625,#4181);
#3560=LINE('',#8627,#4182);
#3561=LINE('',#8629,#4183);
#3562=LINE('',#8631,#4184);
#3563=LINE('',#8633,#4185);
#3564=LINE('',#8635,#4186);
#3565=LINE('',#8637,#4187);
#3566=LINE('',#8639,#4188);
#3567=LINE('',#8646,#4189);
#3568=LINE('',#8668,#4190);
#3569=LINE('',#8674,#4191);
#3570=LINE('',#8677,#4192);
#3571=LINE('',#8679,#4193);
#3572=LINE('',#8681,#4194);
#3573=LINE('',#8683,#4195);
#3574=LINE('',#8685,#4196);
#3575=LINE('',#8687,#4197);
#3576=LINE('',#8689,#4198);
#3577=LINE('',#8691,#4199);
#3578=LINE('',#8693,#4200);
#3579=LINE('',#8695,#4201);
#3580=LINE('',#8698,#4202);
#3581=LINE('',#8700,#4203);
#3582=LINE('',#8702,#4204);
#3583=LINE('',#8704,#4205);
#3584=LINE('',#8706,#4206);
#3585=LINE('',#8708,#4207);
#3586=LINE('',#8710,#4208);
#3587=LINE('',#8712,#4209);
#3588=LINE('',#8715,#4210);
#3589=LINE('',#8716,#4211);
#3590=LINE('',#8718,#4212);
#3591=LINE('',#8720,#4213);
#3592=LINE('',#8722,#4214);
#3593=LINE('',#8724,#4215);
#3594=LINE('',#8726,#4216);
#3595=LINE('',#8732,#4217);
#3596=LINE('',#8735,#4218);
#3597=LINE('',#8736,#4219);
#3598=LINE('',#8738,#4220);
#3599=LINE('',#8744,#4221);
#3600=LINE('',#8746,#4222);
#3601=LINE('',#8747,#4223);
#3602=LINE('',#8749,#4224);
#3603=LINE('',#8753,#4225);
#3604=LINE('',#8754,#4226);
#3605=LINE('',#8756,#4227);
#3606=LINE('',#8758,#4228);
#3607=LINE('',#8759,#4229);
#3608=LINE('',#8761,#4230);
#3609=LINE('',#8764,#4231);
#3610=LINE('',#8765,#4232);
#3611=LINE('',#8767,#4233);
#3612=LINE('',#8769,#4234);
#3613=LINE('',#8771,#4235);
#3614=LINE('',#8773,#4236);
#3615=LINE('',#8808,#4237);
#3616=LINE('',#8830,#4238);
#3617=LINE('',#8831,#4239);
#3618=LINE('',#8872,#4240);
#3619=LINE('',#8873,#4241);
#3620=LINE('',#8929,#4242);
#3621=LINE('',#8930,#4243);
#3622=LINE('',#8980,#4244);
#3623=LINE('',#8988,#4245);
#3624=LINE('',#8990,#4246);
#3625=LINE('',#8993,#4247);
#3626=LINE('',#8995,#4248);
#3627=LINE('',#8996,#4249);
#3628=LINE('',#8998,#4250);
#3629=LINE('',#9000,#4251);
#3630=LINE('',#9002,#4252);
#3631=LINE('',#9004,#4253);
#3632=LINE('',#9006,#4254);
#3633=LINE('',#9008,#4255);
#3634=LINE('',#9010,#4256);
#3635=LINE('',#9012,#4257);
#3636=LINE('',#9014,#4258);
#3637=LINE('',#9016,#4259);
#3638=LINE('',#9018,#4260);
#3639=LINE('',#9029,#4261);
#3640=LINE('',#9066,#4262);
#3641=LINE('',#9068,#4263);
#3642=LINE('',#9070,#4264);
#3643=LINE('',#9071,#4265);
#3644=LINE('',#9087,#4266);
#3645=LINE('',#9088,#4267);
#3646=LINE('',#9090,#4268);
#3647=LINE('',#9092,#4269);
#3648=LINE('',#9094,#4270);
#3649=LINE('',#9096,#4271);
#3650=LINE('',#9098,#4272);
#3651=LINE('',#9100,#4273);
#3652=LINE('',#9102,#4274);
#3653=LINE('',#9104,#4275);
#3654=LINE('',#9106,#4276);
#3655=LINE('',#9108,#4277);
#3656=LINE('',#9111,#4278);
#3657=LINE('',#9113,#4279);
#3658=LINE('',#9115,#4280);
#3659=LINE('',#9116,#4281);
#3660=LINE('',#9118,#4282);
#3661=LINE('',#9120,#4283);
#3662=LINE('',#9122,#4284);
#3663=LINE('',#9124,#4285);
#3664=LINE('',#9126,#4286);
#3665=LINE('',#9128,#4287);
#3666=LINE('',#9130,#4288);
#3667=LINE('',#9131,#4289);
#3668=LINE('',#9133,#4290);
#3669=LINE('',#9135,#4291);
#3670=LINE('',#9137,#4292);
#3671=LINE('',#9140,#4293);
#3672=LINE('',#9142,#4294);
#3673=LINE('',#9146,#4295);
#3674=LINE('',#9151,#4296);
#3675=LINE('',#9154,#4297);
#3676=LINE('',#9158,#4298);
#3677=LINE('',#9161,#4299);
#3678=LINE('',#9165,#4300);
#3679=LINE('',#9168,#4301);
#3680=LINE('',#9172,#4302);
#3681=LINE('',#9175,#4303);
#3682=LINE('',#9178,#4304);
#3683=LINE('',#9179,#4305);
#3684=LINE('',#9183,#4306);
#3685=LINE('',#9184,#4307);
#3686=LINE('',#9188,#4308);
#3687=LINE('',#9189,#4309);
#3688=LINE('',#9193,#4310);
#3689=LINE('',#9195,#4311);
#3690=LINE('',#9464,#4312);
#3691=LINE('',#9467,#4313);
#3692=LINE('',#9469,#4314);
#3693=LINE('',#9471,#4315);
#3694=LINE('',#9473,#4316);
#3695=LINE('',#9475,#4317);
#3696=LINE('',#9477,#4318);
#3697=LINE('',#9479,#4319);
#3698=LINE('',#9481,#4320);
#3699=LINE('',#9483,#4321);
#3700=LINE('',#9485,#4322);
#3701=LINE('',#9487,#4323);
#3702=LINE('',#9489,#4324);
#3703=LINE('',#9491,#4325);
#3704=LINE('',#9493,#4326);
#3705=LINE('',#9495,#4327);
#3706=LINE('',#9497,#4328);
#3707=LINE('',#9499,#4329);
#3708=LINE('',#9501,#4330);
#3709=LINE('',#9503,#4331);
#3710=LINE('',#9505,#4332);
#3711=LINE('',#9507,#4333);
#3712=LINE('',#9511,#4334);
#3713=LINE('',#9515,#4335);
#3714=LINE('',#9517,#4336);
#3715=LINE('',#9519,#4337);
#3716=LINE('',#9527,#4338);
#3717=LINE('',#9530,#4339);
#3718=LINE('',#9532,#4340);
#3719=LINE('',#9534,#4341);
#3720=LINE('',#9536,#4342);
#3721=LINE('',#9538,#4343);
#3722=LINE('',#9540,#4344);
#3723=LINE('',#9542,#4345);
#3724=LINE('',#9544,#4346);
#3725=LINE('',#9546,#4347);
#3726=LINE('',#9548,#4348);
#3727=LINE('',#9550,#4349);
#3728=LINE('',#9552,#4350);
#3729=LINE('',#9554,#4351);
#3730=LINE('',#9556,#4352);
#3731=LINE('',#9558,#4353);
#3732=LINE('',#9560,#4354);
#3733=LINE('',#9562,#4355);
#3734=LINE('',#9564,#4356);
#3735=LINE('',#9566,#4357);
#3736=LINE('',#9568,#4358);
#3737=LINE('',#9570,#4359);
#3738=LINE('',#9572,#4360);
#3739=LINE('',#9574,#4361);
#3740=LINE('',#9576,#4362);
#3741=LINE('',#9578,#4363);
#3742=LINE('',#9580,#4364);
#3743=LINE('',#9582,#4365);
#3744=LINE('',#9597,#4366);
#3745=LINE('',#9605,#4367);
#3746=LINE('',#9607,#4368);
#3747=LINE('',#9609,#4369);
#3748=LINE('',#9611,#4370);
#3749=LINE('',#9612,#4371);
#3750=VECTOR('',#5965,1.);
#3751=VECTOR('',#5966,1.);
#3752=VECTOR('',#5967,1.);
#3753=VECTOR('',#5968,1.);
#3754=VECTOR('',#5969,1.);
#3755=VECTOR('',#5970,1.);
#3756=VECTOR('',#5973,1.);
#3757=VECTOR('',#5974,1.);
#3758=VECTOR('',#5977,1.);
#3759=VECTOR('',#5978,1.);
#3760=VECTOR('',#5981,1.);
#3761=VECTOR('',#5982,1.);
#3762=VECTOR('',#5985,1.);
#3763=VECTOR('',#5986,1.);
#3764=VECTOR('',#5989,1.);
#3765=VECTOR('',#5990,1.);
#3766=VECTOR('',#5993,1.);
#3767=VECTOR('',#5994,1.);
#3768=VECTOR('',#5997,1.);
#3769=VECTOR('',#5998,1.);
#3770=VECTOR('',#6001,1.);
#3771=VECTOR('',#6002,1.);
#3772=VECTOR('',#6005,1.);
#3773=VECTOR('',#6006,1.);
#3774=VECTOR('',#6009,1.);
#3775=VECTOR('',#6010,1.);
#3776=VECTOR('',#6013,1.);
#3777=VECTOR('',#6014,1.);
#3778=VECTOR('',#6017,1.);
#3779=VECTOR('',#6018,1.);
#3780=VECTOR('',#6021,1.);
#3781=VECTOR('',#6022,1.);
#3782=VECTOR('',#6025,1.);
#3783=VECTOR('',#6026,1.);
#3784=VECTOR('',#6029,1.);
#3785=VECTOR('',#6030,1.);
#3786=VECTOR('',#6033,1.);
#3787=VECTOR('',#6034,1.);
#3788=VECTOR('',#6037,1.);
#3789=VECTOR('',#6038,1.);
#3790=VECTOR('',#6043,1.);
#3791=VECTOR('',#6046,1.);
#3792=VECTOR('',#6049,1.);
#3793=VECTOR('',#6052,1.);
#3794=VECTOR('',#6055,1.);
#3795=VECTOR('',#6058,1.);
#3796=VECTOR('',#6061,1.);
#3797=VECTOR('',#6064,1.);
#3798=VECTOR('',#6067,1.);
#3799=VECTOR('',#6070,1.);
#3800=VECTOR('',#6073,1.);
#3801=VECTOR('',#6076,1.);
#3802=VECTOR('',#6079,1.);
#3803=VECTOR('',#6082,1.);
#3804=VECTOR('',#6085,1.);
#3805=VECTOR('',#6088,1.);
#3806=VECTOR('',#6091,1.);
#3807=VECTOR('',#6094,1.);
#3808=VECTOR('',#6097,1.);
#3809=VECTOR('',#6100,1.);
#3810=VECTOR('',#6103,1.);
#3811=VECTOR('',#6106,1.);
#3812=VECTOR('',#6109,1.);
#3813=VECTOR('',#6112,1.);
#3814=VECTOR('',#6115,1.);
#3815=VECTOR('',#6118,1.);
#3816=VECTOR('',#6121,1.);
#3817=VECTOR('',#6124,1.);
#3818=VECTOR('',#6127,1.);
#3819=VECTOR('',#6130,1.);
#3820=VECTOR('',#6133,1.);
#3821=VECTOR('',#6136,1.);
#3822=VECTOR('',#6139,1.);
#3823=VECTOR('',#6142,1.);
#3824=VECTOR('',#6147,1.);
#3825=VECTOR('',#6148,1.);
#3826=VECTOR('',#6151,1.);
#3827=VECTOR('',#6152,1.);
#3828=VECTOR('',#6153,1.);
#3829=VECTOR('',#6154,1.);
#3830=VECTOR('',#6157,1.);
#3831=VECTOR('',#6158,1.);
#3832=VECTOR('',#6159,1.);
#3833=VECTOR('',#6160,1.);
#3834=VECTOR('',#6163,1.);
#3835=VECTOR('',#6164,1.);
#3836=VECTOR('',#6165,1.);
#3837=VECTOR('',#6166,1.);
#3838=VECTOR('',#6169,1.);
#3839=VECTOR('',#6170,1.);
#3840=VECTOR('',#6171,1.);
#3841=VECTOR('',#6172,1.);
#3842=VECTOR('',#6175,1.);
#3843=VECTOR('',#6176,1.);
#3844=VECTOR('',#6177,1.);
#3845=VECTOR('',#6178,1.);
#3846=VECTOR('',#6179,1.);
#3847=VECTOR('',#6180,1.);
#3848=VECTOR('',#6181,1.);
#3849=VECTOR('',#6182,1.);
#3850=VECTOR('',#6195,1.);
#3851=VECTOR('',#6196,1.);
#3852=VECTOR('',#6197,1.);
#3853=VECTOR('',#6200,1.);
#3854=VECTOR('',#6201,1.);
#3855=VECTOR('',#6204,1.);
#3856=VECTOR('',#6205,1.);
#3857=VECTOR('',#6214,1.);
#3858=VECTOR('',#6215,1.);
#3859=VECTOR('',#6216,1.);
#3860=VECTOR('',#6217,1.);
#3861=VECTOR('',#6218,1.);
#3862=VECTOR('',#6219,1.);
#3863=VECTOR('',#6220,1.);
#3864=VECTOR('',#6221,1.);
#3865=VECTOR('',#6222,1.);
#3866=VECTOR('',#6223,1.);
#3867=VECTOR('',#6224,1.);
#3868=VECTOR('',#6225,1.);
#3869=VECTOR('',#6226,1.);
#3870=VECTOR('',#6227,1.);
#3871=VECTOR('',#6228,1.);
#3872=VECTOR('',#6229,1.);
#3873=VECTOR('',#6230,1.);
#3874=VECTOR('',#6231,1.);
#3875=VECTOR('',#6232,1.);
#3876=VECTOR('',#6233,1.);
#3877=VECTOR('',#6234,1.);
#3878=VECTOR('',#6235,1.);
#3879=VECTOR('',#6236,1.);
#3880=VECTOR('',#6237,1.);
#3881=VECTOR('',#6238,1.);
#3882=VECTOR('',#6239,1.);
#3883=VECTOR('',#6240,1.);
#3884=VECTOR('',#6241,1.);
#3885=VECTOR('',#6242,1.);
#3886=VECTOR('',#6243,1.);
#3887=VECTOR('',#6244,1.);
#3888=VECTOR('',#6245,1.);
#3889=VECTOR('',#6246,1.);
#3890=VECTOR('',#6247,1.);
#3891=VECTOR('',#6248,1.);
#3892=VECTOR('',#6249,1.);
#3893=VECTOR('',#6310,1.);
#3894=VECTOR('',#6315,1.);
#3895=VECTOR('',#6320,1.);
#3896=VECTOR('',#6325,1.);
#3897=VECTOR('',#6330,1.);
#3898=VECTOR('',#6335,1.);
#3899=VECTOR('',#6340,1.);
#3900=VECTOR('',#6345,1.);
#3901=VECTOR('',#6350,1.);
#3902=VECTOR('',#6355,1.);
#3903=VECTOR('',#6360,1.);
#3904=VECTOR('',#6365,1.);
#3905=VECTOR('',#6370,1.);
#3906=VECTOR('',#6375,1.);
#3907=VECTOR('',#6380,1.);
#3908=VECTOR('',#6385,1.);
#3909=VECTOR('',#6390,1.);
#3910=VECTOR('',#6395,1.);
#3911=VECTOR('',#6402,1.);
#3912=VECTOR('',#6403,1.);
#3913=VECTOR('',#6404,1.);
#3914=VECTOR('',#6405,1.);
#3915=VECTOR('',#6408,1.);
#3916=VECTOR('',#6409,1.);
#3917=VECTOR('',#6410,1.);
#3918=VECTOR('',#6411,1.);
#3919=VECTOR('',#6414,1.);
#3920=VECTOR('',#6415,1.);
#3921=VECTOR('',#6416,1.);
#3922=VECTOR('',#6419,1.);
#3923=VECTOR('',#6420,1.);
#3924=VECTOR('',#6421,1.);
#3925=VECTOR('',#6424,1.);
#3926=VECTOR('',#6425,1.);
#3927=VECTOR('',#6426,1.);
#3928=VECTOR('',#6429,1.);
#3929=VECTOR('',#6430,1.);
#3930=VECTOR('',#6431,1.);
#3931=VECTOR('',#6434,1.);
#3932=VECTOR('',#6435,1.);
#3933=VECTOR('',#6436,1.);
#3934=VECTOR('',#6439,1.);
#3935=VECTOR('',#6440,1.);
#3936=VECTOR('',#6441,1.);
#3937=VECTOR('',#6444,1.);
#3938=VECTOR('',#6445,1.);
#3939=VECTOR('',#6446,1.);
#3940=VECTOR('',#6449,1.);
#3941=VECTOR('',#6450,1.);
#3942=VECTOR('',#6451,1.);
#3943=VECTOR('',#6454,1.);
#3944=VECTOR('',#6455,1.);
#3945=VECTOR('',#6466,1.);
#3946=VECTOR('',#6469,1.);
#3947=VECTOR('',#6472,1.);
#3948=VECTOR('',#6475,1.);
#3949=VECTOR('',#6480,1.);
#3950=VECTOR('',#6483,1.);
#3951=VECTOR('',#6488,1.);
#3952=VECTOR('',#6491,1.);
#3953=VECTOR('',#6496,1.);
#3954=VECTOR('',#6499,1.);
#3955=VECTOR('',#6504,1.);
#3956=VECTOR('',#6507,1.);
#3957=VECTOR('',#6512,1.);
#3958=VECTOR('',#6515,1.);
#3959=VECTOR('',#6520,1.);
#3960=VECTOR('',#6523,1.);
#3961=VECTOR('',#6528,1.);
#3962=VECTOR('',#6531,1.);
#3963=VECTOR('',#6538,1.);
#3964=VECTOR('',#6539,1.);
#3965=VECTOR('',#6540,1.);
#3966=VECTOR('',#6541,1.);
#3967=VECTOR('',#6542,1.);
#3968=VECTOR('',#6543,1.);
#3969=VECTOR('',#6544,1.);
#3970=VECTOR('',#6545,1.);
#3971=VECTOR('',#6546,1.);
#3972=VECTOR('',#6547,1.);
#3973=VECTOR('',#6548,1.);
#3974=VECTOR('',#6549,1.);
#3975=VECTOR('',#6550,1.);
#3976=VECTOR('',#6551,1.);
#3977=VECTOR('',#6552,1.);
#3978=VECTOR('',#6553,1.);
#3979=VECTOR('',#6554,1.);
#3980=VECTOR('',#6555,1.);
#3981=VECTOR('',#6558,1.);
#3982=VECTOR('',#6559,1.);
#3983=VECTOR('',#6560,1.);
#3984=VECTOR('',#6561,1.);
#3985=VECTOR('',#6562,1.);
#3986=VECTOR('',#6563,1.);
#3987=VECTOR('',#6566,1.);
#3988=VECTOR('',#6567,1.);
#3989=VECTOR('',#6568,1.);
#3990=VECTOR('',#6571,1.);
#3991=VECTOR('',#6572,1.);
#3992=VECTOR('',#6573,1.);
#3993=VECTOR('',#6574,1.);
#3994=VECTOR('',#6575,1.);
#3995=VECTOR('',#6578,1.);
#3996=VECTOR('',#6579,1.);
#3997=VECTOR('',#6582,1.);
#3998=VECTOR('',#6583,1.);
#3999=VECTOR('',#6592,1.);
#4000=VECTOR('',#6595,1.);
#4001=VECTOR('',#6600,1.);
#4002=VECTOR('',#6601,1.);
#4003=VECTOR('',#6602,1.);
#4004=VECTOR('',#6605,1.);
#4005=VECTOR('',#6606,1.);
#4006=VECTOR('',#6607,1.);
#4007=VECTOR('',#6634,1.);
#4008=VECTOR('',#6635,1.);
#4009=VECTOR('',#6636,1.);
#4010=VECTOR('',#6637,1.);
#4011=VECTOR('',#6638,1.);
#4012=VECTOR('',#6639,1.);
#4013=VECTOR('',#6640,1.);
#4014=VECTOR('',#6641,1.);
#4015=VECTOR('',#6642,1.);
#4016=VECTOR('',#6643,1.);
#4017=VECTOR('',#6644,1.);
#4018=VECTOR('',#6645,1.);
#4019=VECTOR('',#6646,1.);
#4020=VECTOR('',#6647,1.);
#4021=VECTOR('',#6648,1.);
#4022=VECTOR('',#6649,1.);
#4023=VECTOR('',#6650,1.);
#4024=VECTOR('',#6651,1.);
#4025=VECTOR('',#6652,1.);
#4026=VECTOR('',#6653,1.);
#4027=VECTOR('',#6654,1.);
#4028=VECTOR('',#6655,1.);
#4029=VECTOR('',#6656,1.);
#4030=VECTOR('',#6657,1.);
#4031=VECTOR('',#6658,1.);
#4032=VECTOR('',#6659,1.);
#4033=VECTOR('',#6660,1.);
#4034=VECTOR('',#6663,1.);
#4035=VECTOR('',#6664,1.);
#4036=VECTOR('',#6665,1.);
#4037=VECTOR('',#6668,1.);
#4038=VECTOR('',#6669,1.);
#4039=VECTOR('',#6672,1.);
#4040=VECTOR('',#6673,1.);
#4041=VECTOR('',#6676,1.);
#4042=VECTOR('',#6677,1.);
#4043=VECTOR('',#6680,1.);
#4044=VECTOR('',#6685,1.);
#4045=VECTOR('',#6686,1.);
#4046=VECTOR('',#6687,1.);
#4047=VECTOR('',#6690,1.);
#4048=VECTOR('',#6691,1.);
#4049=VECTOR('',#6694,1.);
#4050=VECTOR('',#6695,1.);
#4051=VECTOR('',#6698,1.);
#4052=VECTOR('',#6699,1.);
#4053=VECTOR('',#6702,1.);
#4054=VECTOR('',#6707,1.);
#4055=VECTOR('',#6708,1.);
#4056=VECTOR('',#6709,1.);
#4057=VECTOR('',#6712,1.);
#4058=VECTOR('',#6713,1.);
#4059=VECTOR('',#6716,1.);
#4060=VECTOR('',#6717,1.);
#4061=VECTOR('',#6720,1.);
#4062=VECTOR('',#6721,1.);
#4063=VECTOR('',#6724,1.);
#4064=VECTOR('',#6729,1.);
#4065=VECTOR('',#6730,1.);
#4066=VECTOR('',#6731,1.);
#4067=VECTOR('',#6734,1.);
#4068=VECTOR('',#6735,1.);
#4069=VECTOR('',#6738,1.);
#4070=VECTOR('',#6739,1.);
#4071=VECTOR('',#6742,1.);
#4072=VECTOR('',#6743,1.);
#4073=VECTOR('',#6746,1.);
#4074=VECTOR('',#6751,1.);
#4075=VECTOR('',#6752,1.);
#4076=VECTOR('',#6753,1.);
#4077=VECTOR('',#6756,1.);
#4078=VECTOR('',#6757,1.);
#4079=VECTOR('',#6760,1.);
#4080=VECTOR('',#6761,1.);
#4081=VECTOR('',#6764,1.);
#4082=VECTOR('',#6765,1.);
#4083=VECTOR('',#6768,1.);
#4084=VECTOR('',#6773,1.);
#4085=VECTOR('',#6774,1.);
#4086=VECTOR('',#6775,1.);
#4087=VECTOR('',#6778,1.);
#4088=VECTOR('',#6779,1.);
#4089=VECTOR('',#6782,1.);
#4090=VECTOR('',#6783,1.);
#4091=VECTOR('',#6786,1.);
#4092=VECTOR('',#6787,1.);
#4093=VECTOR('',#6790,1.);
#4094=VECTOR('',#6795,1.);
#4095=VECTOR('',#6796,1.);
#4096=VECTOR('',#6797,1.);
#4097=VECTOR('',#6800,1.);
#4098=VECTOR('',#6801,1.);
#4099=VECTOR('',#6804,1.);
#4100=VECTOR('',#6805,1.);
#4101=VECTOR('',#6808,1.);
#4102=VECTOR('',#6809,1.);
#4103=VECTOR('',#6812,1.);
#4104=VECTOR('',#6817,1.);
#4105=VECTOR('',#6818,1.);
#4106=VECTOR('',#6819,1.);
#4107=VECTOR('',#6822,1.);
#4108=VECTOR('',#6823,1.);
#4109=VECTOR('',#6826,1.);
#4110=VECTOR('',#6827,1.);
#4111=VECTOR('',#6830,1.);
#4112=VECTOR('',#6831,1.);
#4113=VECTOR('',#6834,1.);
#4114=VECTOR('',#6839,1.);
#4115=VECTOR('',#6840,1.);
#4116=VECTOR('',#6841,1.);
#4117=VECTOR('',#6844,1.);
#4118=VECTOR('',#6845,1.);
#4119=VECTOR('',#6848,1.);
#4120=VECTOR('',#6849,1.);
#4121=VECTOR('',#6852,1.);
#4122=VECTOR('',#6853,1.);
#4123=VECTOR('',#6856,1.);
#4124=VECTOR('',#6863,1.);
#4125=VECTOR('',#6864,1.);
#4126=VECTOR('',#6865,1.);
#4127=VECTOR('',#6866,1.);
#4128=VECTOR('',#6869,1.);
#4129=VECTOR('',#6870,1.);
#4130=VECTOR('',#6871,1.);
#4131=VECTOR('',#6872,1.);
#4132=VECTOR('',#6875,1.);
#4133=VECTOR('',#6876,1.);
#4134=VECTOR('',#6877,1.);
#4135=VECTOR('',#6878,1.);
#4136=VECTOR('',#6879,1.);
#4137=VECTOR('',#6880,1.);
#4138=VECTOR('',#6881,1.);
#4139=VECTOR('',#6882,1.);
#4140=VECTOR('',#6883,1.);
#4141=VECTOR('',#6884,1.);
#4142=VECTOR('',#6885,1.);
#4143=VECTOR('',#6886,1.);
#4144=VECTOR('',#6889,1.);
#4145=VECTOR('',#6890,1.);
#4146=VECTOR('',#6891,1.);
#4147=VECTOR('',#6892,1.);
#4148=VECTOR('',#6895,1.);
#4149=VECTOR('',#6896,1.);
#4150=VECTOR('',#6897,1.);
#4151=VECTOR('',#6898,1.);
#4152=VECTOR('',#6899,1.);
#4153=VECTOR('',#6900,1.);
#4154=VECTOR('',#6903,1.);
#4155=VECTOR('',#6904,1.);
#4156=VECTOR('',#6905,1.);
#4157=VECTOR('',#6906,1.);
#4158=VECTOR('',#6907,1.);
#4159=VECTOR('',#6908,1.);
#4160=VECTOR('',#6909,1.);
#4161=VECTOR('',#6912,1.);
#4162=VECTOR('',#6913,1.);
#4163=VECTOR('',#6914,1.);
#4164=VECTOR('',#6915,1.);
#4165=VECTOR('',#6916,1.);
#4166=VECTOR('',#6917,1.);
#4167=VECTOR('',#6920,1.);
#4168=VECTOR('',#6921,1.);
#4169=VECTOR('',#6922,1.);
#4170=VECTOR('',#6923,1.);
#4171=VECTOR('',#6924,1.);
#4172=VECTOR('',#6927,1.);
#4173=VECTOR('',#6928,1.);
#4174=VECTOR('',#6929,1.);
#4175=VECTOR('',#6930,1.);
#4176=VECTOR('',#6931,1.);
#4177=VECTOR('',#6932,1.);
#4178=VECTOR('',#6933,1.);
#4179=VECTOR('',#6936,1.);
#4180=VECTOR('',#6937,1.);
#4181=VECTOR('',#6938,1.);
#4182=VECTOR('',#6939,1.);
#4183=VECTOR('',#6940,1.);
#4184=VECTOR('',#6941,1.);
#4185=VECTOR('',#6942,1.);
#4186=VECTOR('',#6943,1.);
#4187=VECTOR('',#6944,1.);
#4188=VECTOR('',#6945,1.);
#4189=VECTOR('',#6946,1.);
#4190=VECTOR('',#6947,1.);
#4191=VECTOR('',#6954,1.);
#4192=VECTOR('',#6955,1.);
#4193=VECTOR('',#6956,1.);
#4194=VECTOR('',#6957,1.);
#4195=VECTOR('',#6960,1.);
#4196=VECTOR('',#6961,1.);
#4197=VECTOR('',#6962,1.);
#4198=VECTOR('',#6965,1.);
#4199=VECTOR('',#6966,1.);
#4200=VECTOR('',#6967,1.);
#4201=VECTOR('',#6970,1.);
#4202=VECTOR('',#6971,1.);
#4203=VECTOR('',#6972,1.);
#4204=VECTOR('',#6973,1.);
#4205=VECTOR('',#6974,1.);
#4206=VECTOR('',#6975,1.);
#4207=VECTOR('',#6976,1.);
#4208=VECTOR('',#6977,1.);
#4209=VECTOR('',#6980,1.);
#4210=VECTOR('',#6981,1.);
#4211=VECTOR('',#6982,1.);
#4212=VECTOR('',#6983,1.);
#4213=VECTOR('',#6984,1.);
#4214=VECTOR('',#6987,1.);
#4215=VECTOR('',#6988,1.);
#4216=VECTOR('',#6991,1.);
#4217=VECTOR('',#6998,1.);
#4218=VECTOR('',#6999,1.);
#4219=VECTOR('',#7000,1.);
#4220=VECTOR('',#7003,1.);
#4221=VECTOR('',#7010,1.);
#4222=VECTOR('',#7011,1.);
#4223=VECTOR('',#7012,1.);
#4224=VECTOR('',#7013,1.);
#4225=VECTOR('',#7016,1.);
#4226=VECTOR('',#7017,1.);
#4227=VECTOR('',#7018,1.);
#4228=VECTOR('',#7019,1.);
#4229=VECTOR('',#7020,1.);
#4230=VECTOR('',#7023,1.);
#4231=VECTOR('',#7024,1.);
#4232=VECTOR('',#7025,1.);
#4233=VECTOR('',#7026,1.);
#4234=VECTOR('',#7027,1.);
#4235=VECTOR('',#7028,1.);
#4236=VECTOR('',#7029,1.);
#4237=VECTOR('',#7030,1.);
#4238=VECTOR('',#7031,1.);
#4239=VECTOR('',#7032,1.);
#4240=VECTOR('',#7035,1.);
#4241=VECTOR('',#7036,1.);
#4242=VECTOR('',#7037,1.);
#4243=VECTOR('',#7038,1.);
#4244=VECTOR('',#7045,1.);
#4245=VECTOR('',#7046,1.);
#4246=VECTOR('',#7049,1.);
#4247=VECTOR('',#7050,1.);
#4248=VECTOR('',#7051,1.);
#4249=VECTOR('',#7052,1.);
#4250=VECTOR('',#7053,1.);
#4251=VECTOR('',#7054,1.);
#4252=VECTOR('',#7055,1.);
#4253=VECTOR('',#7056,1.);
#4254=VECTOR('',#7057,1.);
#4255=VECTOR('',#7058,1.);
#4256=VECTOR('',#7059,1.);
#4257=VECTOR('',#7060,1.);
#4258=VECTOR('',#7061,1.);
#4259=VECTOR('',#7062,1.);
#4260=VECTOR('',#7063,1.);
#4261=VECTOR('',#7064,1.);
#4262=VECTOR('',#7067,1.);
#4263=VECTOR('',#7068,1.);
#4264=VECTOR('',#7069,1.);
#4265=VECTOR('',#7070,1.);
#4266=VECTOR('',#7071,1.);
#4267=VECTOR('',#7072,1.);
#4268=VECTOR('',#7075,1.);
#4269=VECTOR('',#7076,1.);
#4270=VECTOR('',#7079,1.);
#4271=VECTOR('',#7080,1.);
#4272=VECTOR('',#7081,1.);
#4273=VECTOR('',#7084,1.);
#4274=VECTOR('',#7085,1.);
#4275=VECTOR('',#7088,1.);
#4276=VECTOR('',#7089,1.);
#4277=VECTOR('',#7092,1.);
#4278=VECTOR('',#7097,1.);
#4279=VECTOR('',#7098,1.);
#4280=VECTOR('',#7099,1.);
#4281=VECTOR('',#7100,1.);
#4282=VECTOR('',#7101,1.);
#4283=VECTOR('',#7102,1.);
#4284=VECTOR('',#7105,1.);
#4285=VECTOR('',#7106,1.);
#4286=VECTOR('',#7109,1.);
#4287=VECTOR('',#7110,1.);
#4288=VECTOR('',#7111,1.);
#4289=VECTOR('',#7112,1.);
#4290=VECTOR('',#7113,1.);
#4291=VECTOR('',#7116,1.);
#4292=VECTOR('',#7119,1.);
#4293=VECTOR('',#7120,1.);
#4294=VECTOR('',#7121,1.);
#4295=VECTOR('',#7124,1.);
#4296=VECTOR('',#7131,1.);
#4297=VECTOR('',#7136,1.);
#4298=VECTOR('',#7143,1.);
#4299=VECTOR('',#7148,1.);
#4300=VECTOR('',#7155,1.);
#4301=VECTOR('',#7160,1.);
#4302=VECTOR('',#7167,1.);
#4303=VECTOR('',#7172,1.);
#4304=VECTOR('',#7177,1.);
#4305=VECTOR('',#7178,1.);
#4306=VECTOR('',#7185,1.);
#4307=VECTOR('',#7186,1.);
#4308=VECTOR('',#7193,1.);
#4309=VECTOR('',#7194,1.);
#4310=VECTOR('',#7201,1.);
#4311=VECTOR('',#7204,1.);
#4312=VECTOR('',#7271,1.);
#4313=VECTOR('',#7272,1.);
#4314=VECTOR('',#7273,1.);
#4315=VECTOR('',#7274,1.);
#4316=VECTOR('',#7277,1.);
#4317=VECTOR('',#7278,1.);
#4318=VECTOR('',#7279,1.);
#4319=VECTOR('',#7282,1.);
#4320=VECTOR('',#7283,1.);
#4321=VECTOR('',#7284,1.);
#4322=VECTOR('',#7287,1.);
#4323=VECTOR('',#7288,1.);
#4324=VECTOR('',#7289,1.);
#4325=VECTOR('',#7292,1.);
#4326=VECTOR('',#7293,1.);
#4327=VECTOR('',#7294,1.);
#4328=VECTOR('',#7297,1.);
#4329=VECTOR('',#7298,1.);
#4330=VECTOR('',#7299,1.);
#4331=VECTOR('',#7302,1.);
#4332=VECTOR('',#7303,1.);
#4333=VECTOR('',#7304,1.);
#4334=VECTOR('',#7309,1.);
#4335=VECTOR('',#7314,1.);
#4336=VECTOR('',#7315,1.);
#4337=VECTOR('',#7316,1.);
#4338=VECTOR('',#7331,1.);
#4339=VECTOR('',#7332,1.);
#4340=VECTOR('',#7333,1.);
#4341=VECTOR('',#7334,1.);
#4342=VECTOR('',#7337,1.);
#4343=VECTOR('',#7338,1.);
#4344=VECTOR('',#7339,1.);
#4345=VECTOR('',#7342,1.);
#4346=VECTOR('',#7343,1.);
#4347=VECTOR('',#7344,1.);
#4348=VECTOR('',#7347,1.);
#4349=VECTOR('',#7348,1.);
#4350=VECTOR('',#7349,1.);
#4351=VECTOR('',#7352,1.);
#4352=VECTOR('',#7353,1.);
#4353=VECTOR('',#7354,1.);
#4354=VECTOR('',#7357,1.);
#4355=VECTOR('',#7358,1.);
#4356=VECTOR('',#7359,1.);
#4357=VECTOR('',#7362,1.);
#4358=VECTOR('',#7363,1.);
#4359=VECTOR('',#7364,1.);
#4360=VECTOR('',#7367,1.);
#4361=VECTOR('',#7368,1.);
#4362=VECTOR('',#7369,1.);
#4363=VECTOR('',#7372,1.);
#4364=VECTOR('',#7373,1.);
#4365=VECTOR('',#7374,1.);
#4366=VECTOR('',#7375,1.);
#4367=VECTOR('',#7378,1.);
#4368=VECTOR('',#7379,1.);
#4369=VECTOR('',#7380,1.);
#4370=VECTOR('',#7383,1.);
#4371=VECTOR('',#7384,1.);
#4372=EDGE_LOOP('',(#286,#287,#288,#289));
#4373=EDGE_LOOP('',(#290,#291,#292,#293,#294,#295,#296,#297,#298,#299,#300,
#301,#302,#303,#304,#305,#306,#307,#308,#309,#310,#311,#312,#313,#314,#315,
#316,#317,#318,#319,#320,#321,#322,#323,#324,#325,#326,#327,#328,#329,#330,
#331,#332,#333,#334,#335,#336,#337,#338,#339,#340,#341,#342,#343));
#4374=EDGE_LOOP('',(#344,#345,#346,#347));
#4375=EDGE_LOOP('',(#348,#349,#350,#351));
#4376=EDGE_LOOP('',(#352,#353,#354,#355));
#4377=EDGE_LOOP('',(#356,#357,#358,#359));
#4378=EDGE_LOOP('',(#360,#361,#362,#363));
#4379=EDGE_LOOP('',(#364,#365,#366,#367));
#4380=EDGE_LOOP('',(#368,#369,#370,#371));
#4381=EDGE_LOOP('',(#372,#373,#374,#375));
#4382=EDGE_LOOP('',(#376,#377,#378,#379));
#4383=EDGE_LOOP('',(#380,#381,#382,#383));
#4384=EDGE_LOOP('',(#384,#385,#386,#387));
#4385=EDGE_LOOP('',(#388,#389,#390,#391));
#4386=EDGE_LOOP('',(#392,#393,#394,#395));
#4387=EDGE_LOOP('',(#396,#397,#398,#399));
#4388=EDGE_LOOP('',(#400,#401,#402,#403));
#4389=EDGE_LOOP('',(#404,#405,#406,#407));
#4390=EDGE_LOOP('',(#408,#409,#410,#411));
#4391=EDGE_LOOP('',(#412,#413,#414,#415));
#4392=EDGE_LOOP('',(#416,#417,#418,#419));
#4393=EDGE_LOOP('',(#420,#421,#422,#423));
#4394=EDGE_LOOP('',(#424,#425,#426,#427));
#4395=EDGE_LOOP('',(#428,#429,#430,#431));
#4396=EDGE_LOOP('',(#432,#433,#434,#435));
#4397=EDGE_LOOP('',(#436,#437,#438,#439));
#4398=EDGE_LOOP('',(#440,#441,#442,#443,#444,#445,#446,#447));
#4399=EDGE_LOOP('',(#448,#449,#450,#451));
#4400=EDGE_LOOP('',(#452,#453,#454,#455));
#4401=EDGE_LOOP('',(#456,#457,#458,#459));
#4402=EDGE_LOOP('',(#460,#461,#462,#463,#464,#465));
#4403=EDGE_LOOP('',(#466,#467,#468,#469,#470,#471,#472,#473,#474,#475,#476,
#477,#478,#479,#480,#481,#482,#483,#484,#485,#486,#487,#488,#489,#490,#491,
#492,#493,#494,#495,#496,#497,#498,#499,#500,#501,#502,#503,#504,#505,#506,
#507,#508,#509,#510,#511,#512,#513,#514,#515,#516,#517,#518,#519));
#4404=EDGE_LOOP('',(#520,#521,#522,#523));
#4405=EDGE_LOOP('',(#524,#525,#526));
#4406=EDGE_LOOP('',(#527,#528,#529,#530));
#4407=EDGE_LOOP('',(#531,#532,#533,#534));
#4408=EDGE_LOOP('',(#535,#536,#537,#538));
#4409=EDGE_LOOP('',(#539,#540,#541,#542));
#4410=EDGE_LOOP('',(#543,#544,#545));
#4411=EDGE_LOOP('',(#546,#547,#548));
#4412=EDGE_LOOP('',(#549,#550,#551,#552));
#4413=EDGE_LOOP('',(#553,#554,#555,#556));
#4414=EDGE_LOOP('',(#557,#558,#559));
#4415=EDGE_LOOP('',(#560,#561,#562,#563));
#4416=EDGE_LOOP('',(#564,#565,#566,#567));
#4417=EDGE_LOOP('',(#568,#569,#570,#571));
#4418=EDGE_LOOP('',(#572,#573,#574,#575));
#4419=EDGE_LOOP('',(#576,#577,#578,#579));
#4420=EDGE_LOOP('',(#580,#581,#582,#583));
#4421=EDGE_LOOP('',(#584,#585,#586,#587));
#4422=EDGE_LOOP('',(#588,#589,#590,#591));
#4423=EDGE_LOOP('',(#592,#593,#594,#595));
#4424=EDGE_LOOP('',(#596,#597,#598,#599));
#4425=EDGE_LOOP('',(#600,#601,#602,#603));
#4426=EDGE_LOOP('',(#604,#605,#606,#607));
#4427=EDGE_LOOP('',(#608,#609,#610,#611));
#4428=EDGE_LOOP('',(#612,#613,#614,#615));
#4429=EDGE_LOOP('',(#616,#617,#618,#619));
#4430=EDGE_LOOP('',(#620,#621,#622,#623));
#4431=EDGE_LOOP('',(#624,#625,#626,#627));
#4432=EDGE_LOOP('',(#628,#629,#630,#631));
#4433=EDGE_LOOP('',(#632,#633,#634,#635));
#4434=EDGE_LOOP('',(#636,#637,#638,#639));
#4435=EDGE_LOOP('',(#640,#641,#642,#643));
#4436=EDGE_LOOP('',(#644,#645,#646,#647));
#4437=EDGE_LOOP('',(#648,#649,#650,#651));
#4438=EDGE_LOOP('',(#652,#653,#654,#655));
#4439=EDGE_LOOP('',(#656,#657,#658,#659));
#4440=EDGE_LOOP('',(#660,#661,#662,#663));
#4441=EDGE_LOOP('',(#664,#665,#666,#667));
#4442=EDGE_LOOP('',(#668,#669,#670,#671));
#4443=EDGE_LOOP('',(#672,#673,#674,#675));
#4444=EDGE_LOOP('',(#676,#677,#678,#679));
#4445=EDGE_LOOP('',(#680,#681,#682,#683));
#4446=EDGE_LOOP('',(#684,#685,#686,#687));
#4447=EDGE_LOOP('',(#688,#689,#690,#691));
#4448=EDGE_LOOP('',(#692,#693,#694,#695));
#4449=EDGE_LOOP('',(#696,#697,#698,#699));
#4450=EDGE_LOOP('',(#700,#701,#702,#703));
#4451=EDGE_LOOP('',(#704,#705,#706,#707));
#4452=EDGE_LOOP('',(#708,#709,#710,#711));
#4453=EDGE_LOOP('',(#712,#713,#714,#715));
#4454=EDGE_LOOP('',(#716,#717,#718,#719));
#4455=EDGE_LOOP('',(#720,#721,#722,#723));
#4456=EDGE_LOOP('',(#724,#725,#726,#727));
#4457=EDGE_LOOP('',(#728,#729,#730,#731));
#4458=EDGE_LOOP('',(#732,#733,#734,#735));
#4459=EDGE_LOOP('',(#736,#737,#738,#739));
#4460=EDGE_LOOP('',(#740,#741,#742,#743));
#4461=EDGE_LOOP('',(#744,#745,#746,#747));
#4462=EDGE_LOOP('',(#748,#749,#750,#751));
#4463=EDGE_LOOP('',(#752,#753,#754,#755));
#4464=EDGE_LOOP('',(#756,#757,#758,#759));
#4465=EDGE_LOOP('',(#760,#761,#762,#763));
#4466=EDGE_LOOP('',(#764,#765,#766,#767));
#4467=EDGE_LOOP('',(#768,#769,#770,#771,#772,#773,#774,#775,#776,#777,#778,
#779));
#4468=EDGE_LOOP('',(#780,#781,#782,#783,#784,#785,#786,#787,#788,#789,#790,
#791));
#4469=EDGE_LOOP('',(#792,#793,#794,#795));
#4470=EDGE_LOOP('',(#796,#797,#798,#799));
#4471=EDGE_LOOP('',(#800,#801,#802,#803));
#4472=EDGE_LOOP('',(#804,#805,#806,#807));
#4473=EDGE_LOOP('',(#808,#809,#810,#811));
#4474=EDGE_LOOP('',(#812,#813,#814,#815));
#4475=EDGE_LOOP('',(#816,#817,#818,#819));
#4476=EDGE_LOOP('',(#820,#821,#822,#823));
#4477=EDGE_LOOP('',(#824,#825,#826,#827));
#4478=EDGE_LOOP('',(#828));
#4479=EDGE_LOOP('',(#829,#830,#831,#832,#833,#834,#835,#836,#837,#838,#839,
#840,#841,#842,#843,#844,#845,#846,#847,#848,#849,#850,#851,#852,#853,#854,
#855));
#4480=EDGE_LOOP('',(#856,#857,#858,#859,#860,#861,#862,#863));
#4481=EDGE_LOOP('',(#864,#865,#866,#867));
#4482=EDGE_LOOP('',(#868,#869,#870,#871,#872,#873,#874,#875));
#4483=EDGE_LOOP('',(#876,#877,#878,#879));
#4484=EDGE_LOOP('',(#880,#881,#882,#883));
#4485=EDGE_LOOP('',(#884));
#4486=EDGE_LOOP('',(#885,#886,#887,#888,#889,#890,#891,#892));
#4487=EDGE_LOOP('',(#893,#894,#895,#896));
#4488=EDGE_LOOP('',(#897,#898,#899,#900));
#4489=EDGE_LOOP('',(#901,#902,#903,#904,#905,#906,#907,#908));
#4490=EDGE_LOOP('',(#909));
#4491=EDGE_LOOP('',(#910));
#4492=EDGE_LOOP('',(#911));
#4493=EDGE_LOOP('',(#912));
#4494=EDGE_LOOP('',(#913));
#4495=EDGE_LOOP('',(#914,#915,#916,#917));
#4496=EDGE_LOOP('',(#918));
#4497=EDGE_LOOP('',(#919));
#4498=EDGE_LOOP('',(#920,#921,#922,#923));
#4499=EDGE_LOOP('',(#924));
#4500=EDGE_LOOP('',(#925,#926,#927,#928));
#4501=EDGE_LOOP('',(#929,#930,#931,#932));
#4502=EDGE_LOOP('',(#933,#934,#935,#936));
#4503=EDGE_LOOP('',(#937,#938,#939,#940,#941,#942,#943,#944,#945,#946,#947,
#948,#949,#950,#951,#952,#953,#954,#955,#956,#957,#958,#959,#960,#961,#962,
#963,#964,#965,#966,#967,#968,#969,#970,#971,#972));
#4504=EDGE_LOOP('',(#973,#974,#975,#976,#977));
#4505=EDGE_LOOP('',(#978,#979,#980,#981));
#4506=EDGE_LOOP('',(#982,#983,#984,#985,#986));
#4507=EDGE_LOOP('',(#987,#988,#989,#990,#991));
#4508=EDGE_LOOP('',(#992,#993,#994,#995));
#4509=EDGE_LOOP('',(#996,#997,#998,#999));
#4510=EDGE_LOOP('',(#1000,#1001,#1002,#1003,#1004));
#4511=EDGE_LOOP('',(#1005,#1006,#1007,#1008));
#4512=EDGE_LOOP('',(#1009,#1010,#1011,#1012));
#4513=EDGE_LOOP('',(#1013,#1014,#1015,#1016,#1017));
#4514=EDGE_LOOP('',(#1018,#1019,#1020,#1021));
#4515=EDGE_LOOP('',(#1022,#1023,#1024,#1025,#1026));
#4516=EDGE_LOOP('',(#1027,#1028,#1029,#1030,#1031));
#4517=EDGE_LOOP('',(#1032,#1033,#1034,#1035));
#4518=EDGE_LOOP('',(#1036,#1037,#1038,#1039));
#4519=EDGE_LOOP('',(#1040,#1041,#1042,#1043,#1044));
#4520=EDGE_LOOP('',(#1045,#1046,#1047,#1048));
#4521=EDGE_LOOP('',(#1049,#1050,#1051,#1052,#1053));
#4522=EDGE_LOOP('',(#1054,#1055,#1056,#1057,#1058));
#4523=EDGE_LOOP('',(#1059,#1060,#1061,#1062));
#4524=EDGE_LOOP('',(#1063,#1064,#1065,#1066));
#4525=EDGE_LOOP('',(#1067,#1068,#1069,#1070,#1071));
#4526=EDGE_LOOP('',(#1072,#1073,#1074,#1075));
#4527=EDGE_LOOP('',(#1076,#1077,#1078,#1079,#1080));
#4528=EDGE_LOOP('',(#1081,#1082,#1083,#1084,#1085));
#4529=EDGE_LOOP('',(#1086,#1087,#1088,#1089));
#4530=EDGE_LOOP('',(#1090,#1091,#1092,#1093));
#4531=EDGE_LOOP('',(#1094,#1095,#1096,#1097,#1098));
#4532=EDGE_LOOP('',(#1099,#1100,#1101,#1102));
#4533=EDGE_LOOP('',(#1103,#1104,#1105,#1106,#1107));
#4534=EDGE_LOOP('',(#1108,#1109,#1110,#1111,#1112));
#4535=EDGE_LOOP('',(#1113,#1114,#1115,#1116));
#4536=EDGE_LOOP('',(#1117,#1118,#1119,#1120));
#4537=EDGE_LOOP('',(#1121,#1122,#1123,#1124,#1125));
#4538=EDGE_LOOP('',(#1126,#1127,#1128,#1129));
#4539=EDGE_LOOP('',(#1130,#1131,#1132,#1133,#1134));
#4540=EDGE_LOOP('',(#1135,#1136,#1137,#1138,#1139));
#4541=EDGE_LOOP('',(#1140,#1141,#1142,#1143));
#4542=EDGE_LOOP('',(#1144,#1145,#1146,#1147));
#4543=EDGE_LOOP('',(#1148,#1149,#1150,#1151,#1152));
#4544=EDGE_LOOP('',(#1153,#1154,#1155,#1156));
#4545=EDGE_LOOP('',(#1157,#1158,#1159,#1160,#1161));
#4546=EDGE_LOOP('',(#1162,#1163,#1164,#1165,#1166));
#4547=EDGE_LOOP('',(#1167,#1168,#1169,#1170));
#4548=EDGE_LOOP('',(#1171,#1172,#1173,#1174));
#4549=EDGE_LOOP('',(#1175,#1176,#1177,#1178,#1179));
#4550=EDGE_LOOP('',(#1180,#1181,#1182,#1183));
#4551=EDGE_LOOP('',(#1184,#1185,#1186,#1187,#1188));
#4552=EDGE_LOOP('',(#1189,#1190,#1191,#1192,#1193));
#4553=EDGE_LOOP('',(#1194,#1195,#1196,#1197));
#4554=EDGE_LOOP('',(#1198,#1199,#1200,#1201));
#4555=EDGE_LOOP('',(#1202,#1203,#1204,#1205,#1206));
#4556=EDGE_LOOP('',(#1207,#1208,#1209,#1210));
#4557=EDGE_LOOP('',(#1211,#1212,#1213,#1214,#1215));
#4558=EDGE_LOOP('',(#1216,#1217,#1218,#1219));
#4559=EDGE_LOOP('',(#1220,#1221,#1222,#1223));
#4560=EDGE_LOOP('',(#1224,#1225,#1226,#1227,#1228,#1229,#1230,#1231,#1232,
#1233,#1234,#1235,#1236,#1237,#1238,#1239,#1240,#1241));
#4561=EDGE_LOOP('',(#1242,#1243,#1244,#1245));
#4562=EDGE_LOOP('',(#1246,#1247,#1248,#1249,#1250,#1251,#1252,#1253));
#4563=EDGE_LOOP('',(#1254,#1255,#1256,#1257,#1258,#1259,#1260,#1261));
#4564=EDGE_LOOP('',(#1262,#1263,#1264,#1265,#1266,#1267,#1268,#1269));
#4565=EDGE_LOOP('',(#1270,#1271,#1272));
#4566=EDGE_LOOP('',(#1273,#1274,#1275,#1276));
#4567=EDGE_LOOP('',(#1277,#1278,#1279,#1280,#1281,#1282,#1283,#1284,#1285,
#1286,#1287,#1288,#1289,#1290,#1291,#1292,#1293,#1294,#1295,#1296,#1297,
#1298,#1299,#1300,#1301,#1302,#1303,#1304));
#4568=EDGE_LOOP('',(#1305));
#4569=EDGE_LOOP('',(#1306,#1307,#1308,#1309));
#4570=EDGE_LOOP('',(#1310,#1311,#1312,#1313));
#4571=EDGE_LOOP('',(#1314,#1315,#1316,#1317));
#4572=EDGE_LOOP('',(#1318,#1319,#1320,#1321,#1322,#1323,#1324,#1325));
#4573=EDGE_LOOP('',(#1326,#1327,#1328,#1329,#1330,#1331,#1332,#1333,#1334,
#1335,#1336,#1337,#1338,#1339,#1340));
#4574=EDGE_LOOP('',(#1341,#1342,#1343,#1344));
#4575=EDGE_LOOP('',(#1345,#1346,#1347,#1348));
#4576=EDGE_LOOP('',(#1349,#1350,#1351,#1352));
#4577=EDGE_LOOP('',(#1353,#1354,#1355,#1356,#1357,#1358,#1359,#1360,#1361,
#1362,#1363,#1364,#1365,#1366,#1367));
#4578=EDGE_LOOP('',(#1368,#1369,#1370,#1371,#1372,#1373,#1374,#1375));
#4579=EDGE_LOOP('',(#1376,#1377,#1378,#1379));
#4580=EDGE_LOOP('',(#1380,#1381,#1382,#1383));
#4581=EDGE_LOOP('',(#1384,#1385,#1386,#1387));
#4582=EDGE_LOOP('',(#1388,#1389,#1390,#1391));
#4583=EDGE_LOOP('',(#1392,#1393,#1394,#1395));
#4584=EDGE_LOOP('',(#1396));
#4585=EDGE_LOOP('',(#1397));
#4586=EDGE_LOOP('',(#1398,#1399,#1400,#1401));
#4587=EDGE_LOOP('',(#1402,#1403,#1404,#1405,#1406,#1407,#1408,#1409,#1410));
#4588=EDGE_LOOP('',(#1411));
#4589=EDGE_LOOP('',(#1412,#1413,#1414,#1415,#1416,#1417,#1418,#1419));
#4590=EDGE_LOOP('',(#1420,#1421,#1422,#1423,#1424,#1425,#1426,#1427,#1428,
#1429,#1430,#1431,#1432,#1433,#1434,#1435));
#4591=EDGE_LOOP('',(#1436,#1437,#1438,#1439));
#4592=EDGE_LOOP('',(#1440,#1441,#1442,#1443));
#4593=EDGE_LOOP('',(#1444,#1445,#1446,#1447,#1448,#1449,#1450,#1451));
#4594=EDGE_LOOP('',(#1452,#1453,#1454,#1455,#1456,#1457,#1458,#1459));
#4595=EDGE_LOOP('',(#1460,#1461,#1462,#1463));
#4596=EDGE_LOOP('',(#1464,#1465,#1466,#1467));
#4597=EDGE_LOOP('',(#1468,#1469,#1470,#1471));
#4598=EDGE_LOOP('',(#1472,#1473,#1474,#1475));
#4599=EDGE_LOOP('',(#1476,#1477,#1478,#1479));
#4600=EDGE_LOOP('',(#1480,#1481,#1482,#1483));
#4601=EDGE_LOOP('',(#1484,#1485,#1486,#1487));
#4602=EDGE_LOOP('',(#1488,#1489,#1490,#1491,#1492,#1493,#1494,#1495));
#4603=EDGE_LOOP('',(#1496,#1497,#1498,#1499));
#4604=EDGE_LOOP('',(#1500,#1501,#1502,#1503,#1504,#1505,#1506,#1507));
#4605=EDGE_LOOP('',(#1508,#1509,#1510,#1511));
#4606=EDGE_LOOP('',(#1512,#1513,#1514,#1515,#1516,#1517));
#4607=EDGE_LOOP('',(#1518,#1519,#1520,#1521));
#4608=EDGE_LOOP('',(#1522,#1523,#1524,#1525,#1526));
#4609=EDGE_LOOP('',(#1527,#1528,#1529,#1530,#1531));
#4610=EDGE_LOOP('',(#1532,#1533,#1534,#1535));
#4611=EDGE_LOOP('',(#1536,#1537,#1538,#1539,#1540));
#4612=EDGE_LOOP('',(#1541,#1542,#1543,#1544,#1545));
#4613=EDGE_LOOP('',(#1546,#1547,#1548,#1549));
#4614=EDGE_LOOP('',(#1550,#1551,#1552,#1553,#1554));
#4615=EDGE_LOOP('',(#1555,#1556,#1557,#1558,#1559));
#4616=EDGE_LOOP('',(#1560,#1561,#1562,#1563));
#4617=EDGE_LOOP('',(#1564,#1565,#1566,#1567,#1568));
#4618=EDGE_LOOP('',(#1569,#1570,#1571,#1572,#1573));
#4619=EDGE_LOOP('',(#1574,#1575,#1576,#1577));
#4620=EDGE_LOOP('',(#1578,#1579,#1580,#1581));
#4621=EDGE_LOOP('',(#1582,#1583,#1584,#1585));
#4622=EDGE_LOOP('',(#1586,#1587,#1588,#1589));
#4623=EDGE_LOOP('',(#1590,#1591,#1592,#1593));
#4624=EDGE_LOOP('',(#1594,#1595,#1596,#1597));
#4625=EDGE_LOOP('',(#1598,#1599,#1600,#1601));
#4626=EDGE_LOOP('',(#1602,#1603,#1604,#1605));
#4627=EDGE_LOOP('',(#1606,#1607,#1608,#1609));
#4628=EDGE_LOOP('',(#1610,#1611,#1612,#1613));
#4629=EDGE_LOOP('',(#1614,#1615,#1616,#1617));
#4630=EDGE_LOOP('',(#1618,#1619,#1620,#1621));
#4631=EDGE_LOOP('',(#1622,#1623,#1624,#1625));
#4632=EDGE_LOOP('',(#1626,#1627,#1628,#1629));
#4633=EDGE_LOOP('',(#1630,#1631,#1632,#1633));
#4634=EDGE_LOOP('',(#1634,#1635,#1636,#1637));
#4635=EDGE_LOOP('',(#1638,#1639,#1640,#1641));
#4636=EDGE_LOOP('',(#1642,#1643,#1644,#1645));
#4637=EDGE_LOOP('',(#1646,#1647,#1648,#1649));
#4638=EDGE_LOOP('',(#1650,#1651,#1652));
#4639=EDGE_LOOP('',(#1653,#1654,#1655,#1656));
#4640=EDGE_LOOP('',(#1657,#1658,#1659,#1660));
#4641=EDGE_LOOP('',(#1661,#1662,#1663));
#4642=EDGE_LOOP('',(#1664,#1665,#1666,#1667));
#4643=EDGE_LOOP('',(#1668,#1669,#1670,#1671));
#4644=EDGE_LOOP('',(#1672,#1673,#1674,#1675));
#4645=EDGE_LOOP('',(#1676,#1677,#1678,#1679));
#4646=EDGE_LOOP('',(#1680,#1681,#1682,#1683));
#4647=EDGE_LOOP('',(#1684,#1685,#1686,#1687));
#4648=EDGE_LOOP('',(#1688,#1689,#1690,#1691));
#4649=EDGE_LOOP('',(#1692,#1693,#1694,#1695));
#4650=EDGE_LOOP('',(#1696,#1697,#1698,#1699));
#4651=EDGE_LOOP('',(#1700,#1701,#1702,#1703));
#4652=EDGE_LOOP('',(#1704,#1705,#1706,#1707));
#4653=EDGE_LOOP('',(#1708,#1709,#1710,#1711));
#4654=EDGE_LOOP('',(#1712,#1713,#1714,#1715));
#4655=EDGE_LOOP('',(#1716,#1717,#1718,#1719));
#4656=EDGE_LOOP('',(#1720,#1721,#1722,#1723));
#4657=EDGE_LOOP('',(#1724,#1725,#1726,#1727));
#4658=EDGE_LOOP('',(#1728,#1729,#1730,#1731));
#4659=EDGE_LOOP('',(#1732,#1733,#1734,#1735));
#4660=EDGE_LOOP('',(#1736,#1737,#1738,#1739));
#4661=EDGE_LOOP('',(#1740,#1741,#1742,#1743));
#4662=EDGE_LOOP('',(#1744,#1745,#1746,#1747));
#4663=EDGE_LOOP('',(#1748,#1749,#1750,#1751));
#4664=EDGE_LOOP('',(#1752,#1753,#1754,#1755,#1756,#1757,#1758,#1759,#1760,
#1761));
#4665=EDGE_LOOP('',(#1762,#1763,#1764,#1765,#1766,#1767,#1768,#1769,#1770,
#1771));
#4666=EDGE_LOOP('',(#1772,#1773,#1774,#1775));
#4667=EDGE_LOOP('',(#1776,#1777,#1778,#1779));
#4668=EDGE_LOOP('',(#1780,#1781,#1782,#1783));
#4669=EDGE_LOOP('',(#1784,#1785,#1786,#1787));
#4670=EDGE_LOOP('',(#1788,#1789,#1790,#1791));
#4671=EDGE_LOOP('',(#1792,#1793,#1794,#1795));
#4672=EDGE_LOOP('',(#1796,#1797,#1798,#1799));
#4673=EDGE_LOOP('',(#1800,#1801,#1802,#1803));
#4674=EDGE_LOOP('',(#1804,#1805,#1806,#1807));
#4675=EDGE_LOOP('',(#1808,#1809,#1810,#1811));
#4676=EDGE_LOOP('',(#1812,#1813,#1814,#1815));
#4677=EDGE_LOOP('',(#1816,#1817,#1818,#1819));
#4678=EDGE_LOOP('',(#1820,#1821,#1822,#1823,#1824,#1825,#1826,#1827,#1828,
#1829,#1830,#1831));
#4679=EDGE_LOOP('',(#1832,#1833,#1834,#1835,#1836,#1837,#1838,#1839,#1840,
#1841,#1842,#1843));
#4680=FACE_BOUND('',#4372,.T.);
#4681=FACE_BOUND('',#4373,.T.);
#4682=FACE_BOUND('',#4374,.T.);
#4683=FACE_BOUND('',#4375,.T.);
#4684=FACE_BOUND('',#4376,.T.);
#4685=FACE_BOUND('',#4377,.T.);
#4686=FACE_BOUND('',#4378,.T.);
#4687=FACE_BOUND('',#4379,.T.);
#4688=FACE_BOUND('',#4380,.T.);
#4689=FACE_BOUND('',#4381,.T.);
#4690=FACE_BOUND('',#4382,.T.);
#4691=FACE_BOUND('',#4383,.T.);
#4692=FACE_BOUND('',#4384,.T.);
#4693=FACE_BOUND('',#4385,.T.);
#4694=FACE_BOUND('',#4386,.T.);
#4695=FACE_BOUND('',#4387,.T.);
#4696=FACE_BOUND('',#4388,.T.);
#4697=FACE_BOUND('',#4389,.T.);
#4698=FACE_BOUND('',#4390,.T.);
#4699=FACE_BOUND('',#4391,.T.);
#4700=FACE_BOUND('',#4392,.T.);
#4701=FACE_BOUND('',#4393,.T.);
#4702=FACE_BOUND('',#4394,.T.);
#4703=FACE_BOUND('',#4395,.T.);
#4704=FACE_BOUND('',#4396,.T.);
#4705=FACE_BOUND('',#4397,.T.);
#4706=FACE_BOUND('',#4398,.T.);
#4707=FACE_BOUND('',#4399,.T.);
#4708=FACE_BOUND('',#4400,.T.);
#4709=FACE_BOUND('',#4401,.T.);
#4710=FACE_BOUND('',#4402,.T.);
#4711=FACE_BOUND('',#4403,.T.);
#4712=FACE_BOUND('',#4404,.T.);
#4713=FACE_BOUND('',#4405,.T.);
#4714=FACE_BOUND('',#4406,.T.);
#4715=FACE_BOUND('',#4407,.T.);
#4716=FACE_BOUND('',#4408,.T.);
#4717=FACE_BOUND('',#4409,.T.);
#4718=FACE_BOUND('',#4410,.T.);
#4719=FACE_BOUND('',#4411,.T.);
#4720=FACE_BOUND('',#4412,.T.);
#4721=FACE_BOUND('',#4413,.T.);
#4722=FACE_BOUND('',#4414,.T.);
#4723=FACE_BOUND('',#4415,.T.);
#4724=FACE_BOUND('',#4416,.T.);
#4725=FACE_BOUND('',#4417,.T.);
#4726=FACE_BOUND('',#4418,.T.);
#4727=FACE_BOUND('',#4419,.T.);
#4728=FACE_BOUND('',#4420,.T.);
#4729=FACE_BOUND('',#4421,.T.);
#4730=FACE_BOUND('',#4422,.T.);
#4731=FACE_BOUND('',#4423,.T.);
#4732=FACE_BOUND('',#4424,.T.);
#4733=FACE_BOUND('',#4425,.T.);
#4734=FACE_BOUND('',#4426,.T.);
#4735=FACE_BOUND('',#4427,.T.);
#4736=FACE_BOUND('',#4428,.T.);
#4737=FACE_BOUND('',#4429,.T.);
#4738=FACE_BOUND('',#4430,.T.);
#4739=FACE_BOUND('',#4431,.T.);
#4740=FACE_BOUND('',#4432,.T.);
#4741=FACE_BOUND('',#4433,.T.);
#4742=FACE_BOUND('',#4434,.T.);
#4743=FACE_BOUND('',#4435,.T.);
#4744=FACE_BOUND('',#4436,.T.);
#4745=FACE_BOUND('',#4437,.T.);
#4746=FACE_BOUND('',#4438,.T.);
#4747=FACE_BOUND('',#4439,.T.);
#4748=FACE_BOUND('',#4440,.T.);
#4749=FACE_BOUND('',#4441,.T.);
#4750=FACE_BOUND('',#4442,.T.);
#4751=FACE_BOUND('',#4443,.T.);
#4752=FACE_BOUND('',#4444,.T.);
#4753=FACE_BOUND('',#4445,.T.);
#4754=FACE_BOUND('',#4446,.T.);
#4755=FACE_BOUND('',#4447,.T.);
#4756=FACE_BOUND('',#4448,.T.);
#4757=FACE_BOUND('',#4449,.T.);
#4758=FACE_BOUND('',#4450,.T.);
#4759=FACE_BOUND('',#4451,.T.);
#4760=FACE_BOUND('',#4452,.T.);
#4761=FACE_BOUND('',#4453,.T.);
#4762=FACE_BOUND('',#4454,.T.);
#4763=FACE_BOUND('',#4455,.T.);
#4764=FACE_BOUND('',#4456,.T.);
#4765=FACE_BOUND('',#4457,.T.);
#4766=FACE_BOUND('',#4458,.T.);
#4767=FACE_BOUND('',#4459,.T.);
#4768=FACE_BOUND('',#4460,.T.);
#4769=FACE_BOUND('',#4461,.T.);
#4770=FACE_BOUND('',#4462,.T.);
#4771=FACE_BOUND('',#4463,.T.);
#4772=FACE_BOUND('',#4464,.T.);
#4773=FACE_BOUND('',#4465,.T.);
#4774=FACE_BOUND('',#4466,.T.);
#4775=FACE_BOUND('',#4467,.T.);
#4776=FACE_BOUND('',#4468,.T.);
#4777=FACE_BOUND('',#4469,.T.);
#4778=FACE_BOUND('',#4470,.T.);
#4779=FACE_BOUND('',#4471,.T.);
#4780=FACE_BOUND('',#4472,.T.);
#4781=FACE_BOUND('',#4473,.T.);
#4782=FACE_BOUND('',#4474,.T.);
#4783=FACE_BOUND('',#4475,.T.);
#4784=FACE_BOUND('',#4476,.T.);
#4785=FACE_BOUND('',#4477,.T.);
#4786=FACE_BOUND('',#4478,.T.);
#4787=FACE_BOUND('',#4479,.T.);
#4788=FACE_BOUND('',#4480,.T.);
#4789=FACE_BOUND('',#4481,.T.);
#4790=FACE_BOUND('',#4482,.T.);
#4791=FACE_BOUND('',#4483,.T.);
#4792=FACE_BOUND('',#4484,.T.);
#4793=FACE_BOUND('',#4485,.T.);
#4794=FACE_BOUND('',#4486,.T.);
#4795=FACE_BOUND('',#4487,.T.);
#4796=FACE_BOUND('',#4488,.T.);
#4797=FACE_BOUND('',#4489,.T.);
#4798=FACE_BOUND('',#4490,.T.);
#4799=FACE_BOUND('',#4491,.T.);
#4800=FACE_BOUND('',#4492,.T.);
#4801=FACE_BOUND('',#4493,.T.);
#4802=FACE_BOUND('',#4494,.T.);
#4803=FACE_BOUND('',#4495,.T.);
#4804=FACE_BOUND('',#4496,.T.);
#4805=FACE_BOUND('',#4497,.T.);
#4806=FACE_BOUND('',#4498,.T.);
#4807=FACE_BOUND('',#4499,.T.);
#4808=FACE_BOUND('',#4500,.T.);
#4809=FACE_BOUND('',#4501,.T.);
#4810=FACE_BOUND('',#4502,.T.);
#4811=FACE_BOUND('',#4503,.T.);
#4812=FACE_BOUND('',#4504,.T.);
#4813=FACE_BOUND('',#4505,.T.);
#4814=FACE_BOUND('',#4506,.T.);
#4815=FACE_BOUND('',#4507,.T.);
#4816=FACE_BOUND('',#4508,.T.);
#4817=FACE_BOUND('',#4509,.T.);
#4818=FACE_BOUND('',#4510,.T.);
#4819=FACE_BOUND('',#4511,.T.);
#4820=FACE_BOUND('',#4512,.T.);
#4821=FACE_BOUND('',#4513,.T.);
#4822=FACE_BOUND('',#4514,.T.);
#4823=FACE_BOUND('',#4515,.T.);
#4824=FACE_BOUND('',#4516,.T.);
#4825=FACE_BOUND('',#4517,.T.);
#4826=FACE_BOUND('',#4518,.T.);
#4827=FACE_BOUND('',#4519,.T.);
#4828=FACE_BOUND('',#4520,.T.);
#4829=FACE_BOUND('',#4521,.T.);
#4830=FACE_BOUND('',#4522,.T.);
#4831=FACE_BOUND('',#4523,.T.);
#4832=FACE_BOUND('',#4524,.T.);
#4833=FACE_BOUND('',#4525,.T.);
#4834=FACE_BOUND('',#4526,.T.);
#4835=FACE_BOUND('',#4527,.T.);
#4836=FACE_BOUND('',#4528,.T.);
#4837=FACE_BOUND('',#4529,.T.);
#4838=FACE_BOUND('',#4530,.T.);
#4839=FACE_BOUND('',#4531,.T.);
#4840=FACE_BOUND('',#4532,.T.);
#4841=FACE_BOUND('',#4533,.T.);
#4842=FACE_BOUND('',#4534,.T.);
#4843=FACE_BOUND('',#4535,.T.);
#4844=FACE_BOUND('',#4536,.T.);
#4845=FACE_BOUND('',#4537,.T.);
#4846=FACE_BOUND('',#4538,.T.);
#4847=FACE_BOUND('',#4539,.T.);
#4848=FACE_BOUND('',#4540,.T.);
#4849=FACE_BOUND('',#4541,.T.);
#4850=FACE_BOUND('',#4542,.T.);
#4851=FACE_BOUND('',#4543,.T.);
#4852=FACE_BOUND('',#4544,.T.);
#4853=FACE_BOUND('',#4545,.T.);
#4854=FACE_BOUND('',#4546,.T.);
#4855=FACE_BOUND('',#4547,.T.);
#4856=FACE_BOUND('',#4548,.T.);
#4857=FACE_BOUND('',#4549,.T.);
#4858=FACE_BOUND('',#4550,.T.);
#4859=FACE_BOUND('',#4551,.T.);
#4860=FACE_BOUND('',#4552,.T.);
#4861=FACE_BOUND('',#4553,.T.);
#4862=FACE_BOUND('',#4554,.T.);
#4863=FACE_BOUND('',#4555,.T.);
#4864=FACE_BOUND('',#4556,.T.);
#4865=FACE_BOUND('',#4557,.T.);
#4866=FACE_BOUND('',#4558,.T.);
#4867=FACE_BOUND('',#4559,.T.);
#4868=FACE_BOUND('',#4560,.T.);
#4869=FACE_BOUND('',#4561,.T.);
#4870=FACE_BOUND('',#4562,.T.);
#4871=FACE_BOUND('',#4563,.T.);
#4872=FACE_BOUND('',#4564,.T.);
#4873=FACE_BOUND('',#4565,.T.);
#4874=FACE_BOUND('',#4566,.T.);
#4875=FACE_BOUND('',#4567,.T.);
#4876=FACE_BOUND('',#4568,.T.);
#4877=FACE_BOUND('',#4569,.T.);
#4878=FACE_BOUND('',#4570,.T.);
#4879=FACE_BOUND('',#4571,.T.);
#4880=FACE_BOUND('',#4572,.T.);
#4881=FACE_BOUND('',#4573,.T.);
#4882=FACE_BOUND('',#4574,.T.);
#4883=FACE_BOUND('',#4575,.T.);
#4884=FACE_BOUND('',#4576,.T.);
#4885=FACE_BOUND('',#4577,.T.);
#4886=FACE_BOUND('',#4578,.T.);
#4887=FACE_BOUND('',#4579,.T.);
#4888=FACE_BOUND('',#4580,.T.);
#4889=FACE_BOUND('',#4581,.T.);
#4890=FACE_BOUND('',#4582,.T.);
#4891=FACE_BOUND('',#4583,.T.);
#4892=FACE_BOUND('',#4584,.T.);
#4893=FACE_BOUND('',#4585,.T.);
#4894=FACE_BOUND('',#4586,.T.);
#4895=FACE_BOUND('',#4587,.T.);
#4896=FACE_BOUND('',#4588,.T.);
#4897=FACE_BOUND('',#4589,.T.);
#4898=FACE_BOUND('',#4590,.T.);
#4899=FACE_BOUND('',#4591,.T.);
#4900=FACE_BOUND('',#4592,.T.);
#4901=FACE_BOUND('',#4593,.T.);
#4902=FACE_BOUND('',#4594,.T.);
#4903=FACE_BOUND('',#4595,.T.);
#4904=FACE_BOUND('',#4596,.T.);
#4905=FACE_BOUND('',#4597,.T.);
#4906=FACE_BOUND('',#4598,.T.);
#4907=FACE_BOUND('',#4599,.T.);
#4908=FACE_BOUND('',#4600,.T.);
#4909=FACE_BOUND('',#4601,.T.);
#4910=FACE_BOUND('',#4602,.T.);
#4911=FACE_BOUND('',#4603,.T.);
#4912=FACE_BOUND('',#4604,.T.);
#4913=FACE_BOUND('',#4605,.T.);
#4914=FACE_BOUND('',#4606,.T.);
#4915=FACE_BOUND('',#4607,.T.);
#4916=FACE_BOUND('',#4608,.T.);
#4917=FACE_BOUND('',#4609,.T.);
#4918=FACE_BOUND('',#4610,.T.);
#4919=FACE_BOUND('',#4611,.T.);
#4920=FACE_BOUND('',#4612,.T.);
#4921=FACE_BOUND('',#4613,.T.);
#4922=FACE_BOUND('',#4614,.T.);
#4923=FACE_BOUND('',#4615,.T.);
#4924=FACE_BOUND('',#4616,.T.);
#4925=FACE_BOUND('',#4617,.T.);
#4926=FACE_BOUND('',#4618,.T.);
#4927=FACE_BOUND('',#4619,.T.);
#4928=FACE_BOUND('',#4620,.T.);
#4929=FACE_BOUND('',#4621,.T.);
#4930=FACE_BOUND('',#4622,.T.);
#4931=FACE_BOUND('',#4623,.T.);
#4932=FACE_BOUND('',#4624,.T.);
#4933=FACE_BOUND('',#4625,.T.);
#4934=FACE_BOUND('',#4626,.T.);
#4935=FACE_BOUND('',#4627,.T.);
#4936=FACE_BOUND('',#4628,.T.);
#4937=FACE_BOUND('',#4629,.T.);
#4938=FACE_BOUND('',#4630,.T.);
#4939=FACE_BOUND('',#4631,.T.);
#4940=FACE_BOUND('',#4632,.T.);
#4941=FACE_BOUND('',#4633,.T.);
#4942=FACE_BOUND('',#4634,.T.);
#4943=FACE_BOUND('',#4635,.T.);
#4944=FACE_BOUND('',#4636,.T.);
#4945=FACE_BOUND('',#4637,.T.);
#4946=FACE_BOUND('',#4638,.T.);
#4947=FACE_BOUND('',#4639,.T.);
#4948=FACE_BOUND('',#4640,.T.);
#4949=FACE_BOUND('',#4641,.T.);
#4950=FACE_BOUND('',#4642,.T.);
#4951=FACE_BOUND('',#4643,.T.);
#4952=FACE_BOUND('',#4644,.T.);
#4953=FACE_BOUND('',#4645,.T.);
#4954=FACE_BOUND('',#4646,.T.);
#4955=FACE_BOUND('',#4647,.T.);
#4956=FACE_BOUND('',#4648,.T.);
#4957=FACE_BOUND('',#4649,.T.);
#4958=FACE_BOUND('',#4650,.T.);
#4959=FACE_BOUND('',#4651,.T.);
#4960=FACE_BOUND('',#4652,.T.);
#4961=FACE_BOUND('',#4653,.T.);
#4962=FACE_BOUND('',#4654,.T.);
#4963=FACE_BOUND('',#4655,.T.);
#4964=FACE_BOUND('',#4656,.T.);
#4965=FACE_BOUND('',#4657,.T.);
#4966=FACE_BOUND('',#4658,.T.);
#4967=FACE_BOUND('',#4659,.T.);
#4968=FACE_BOUND('',#4660,.T.);
#4969=FACE_BOUND('',#4661,.T.);
#4970=FACE_BOUND('',#4662,.T.);
#4971=FACE_BOUND('',#4663,.T.);
#4972=FACE_BOUND('',#4664,.T.);
#4973=FACE_BOUND('',#4665,.T.);
#4974=FACE_BOUND('',#4666,.T.);
#4975=FACE_BOUND('',#4667,.T.);
#4976=FACE_BOUND('',#4668,.T.);
#4977=FACE_BOUND('',#4669,.T.);
#4978=FACE_BOUND('',#4670,.T.);
#4979=FACE_BOUND('',#4671,.T.);
#4980=FACE_BOUND('',#4672,.T.);
#4981=FACE_BOUND('',#4673,.T.);
#4982=FACE_BOUND('',#4674,.T.);
#4983=FACE_BOUND('',#4675,.T.);
#4984=FACE_BOUND('',#4676,.T.);
#4985=FACE_BOUND('',#4677,.T.);
#4986=FACE_BOUND('',#4678,.T.);
#4987=FACE_BOUND('',#4679,.T.);
#4988=PLANE('',#5558);
#4989=PLANE('',#5613);
#4990=PLANE('',#5614);
#4991=PLANE('',#5615);
#4992=PLANE('',#5616);
#4993=PLANE('',#5617);
#4994=PLANE('',#5618);
#4995=PLANE('',#5623);
#4996=PLANE('',#5624);
#4997=PLANE('',#5625);
#4998=PLANE('',#5626);
#4999=PLANE('',#5629);
#5000=PLANE('',#5659);
#5001=PLANE('',#5660);
#5002=PLANE('',#5661);
#5003=PLANE('',#5662);
#5004=PLANE('',#5663);
#5005=PLANE('',#5664);
#5006=PLANE('',#5665);
#5007=PLANE('',#5666);
#5008=PLANE('',#5667);
#5009=PLANE('',#5668);
#5010=PLANE('',#5669);
#5011=PLANE('',#5670);
#5012=PLANE('',#5671);
#5013=PLANE('',#5672);
#5014=PLANE('',#5673);
#5015=PLANE('',#5674);
#5016=PLANE('',#5675);
#5017=PLANE('',#5676);
#5018=PLANE('',#5677);
#5019=PLANE('',#5678);
#5020=PLANE('',#5679);
#5021=PLANE('',#5680);
#5022=PLANE('',#5681);
#5023=PLANE('',#5682);
#5024=PLANE('',#5683);
#5025=PLANE('',#5684);
#5026=PLANE('',#5685);
#5027=PLANE('',#5686);
#5028=PLANE('',#5687);
#5029=PLANE('',#5688);
#5030=PLANE('',#5689);
#5031=PLANE('',#5690);
#5032=PLANE('',#5691);
#5033=PLANE('',#5692);
#5034=PLANE('',#5693);
#5035=PLANE('',#5694);
#5036=PLANE('',#5696);
#5037=PLANE('',#5697);
#5038=PLANE('',#5698);
#5039=PLANE('',#5699);
#5040=PLANE('',#5700);
#5041=PLANE('',#5701);
#5042=PLANE('',#5702);
#5043=PLANE('',#5703);
#5044=PLANE('',#5704);
#5045=PLANE('',#5705);
#5046=PLANE('',#5706);
#5047=PLANE('',#5707);
#5048=PLANE('',#5708);
#5049=PLANE('',#5737);
#5050=PLANE('',#5739);
#5051=PLANE('',#5740);
#5052=PLANE('',#5741);
#5053=PLANE('',#5742);
#5054=PLANE('',#5743);
#5055=PLANE('',#5750);
#5056=PLANE('',#5751);
#5057=PLANE('',#5752);
#5058=PLANE('',#5757);
#5059=PLANE('',#5762);
#5060=PLANE('',#5763);
#5061=PLANE('',#5764);
#5062=PLANE('',#5765);
#5063=PLANE('',#5766);
#5064=PLANE('',#5767);
#5065=PLANE('',#5768);
#5066=PLANE('',#5769);
#5067=PLANE('',#5770);
#5068=PLANE('',#5771);
#5069=PLANE('',#5772);
#5070=PLANE('',#5773);
#5071=PLANE('',#5774);
#5072=PLANE('',#5775);
#5073=PLANE('',#5776);
#5074=PLANE('',#5777);
#5075=PLANE('',#5778);
#5076=PLANE('',#5779);
#5077=PLANE('',#5780);
#5078=PLANE('',#5781);
#5079=PLANE('',#5782);
#5080=PLANE('',#5783);
#5081=PLANE('',#5784);
#5082=PLANE('',#5785);
#5083=PLANE('',#5786);
#5084=PLANE('',#5787);
#5085=PLANE('',#5788);
#5086=PLANE('',#5789);
#5087=PLANE('',#5790);
#5088=PLANE('',#5791);
#5089=PLANE('',#5792);
#5090=PLANE('',#5793);
#5091=PLANE('',#5794);
#5092=PLANE('',#5795);
#5093=PLANE('',#5796);
#5094=PLANE('',#5797);
#5095=PLANE('',#5798);
#5096=PLANE('',#5799);
#5097=PLANE('',#5800);
#5098=PLANE('',#5801);
#5099=PLANE('',#5802);
#5100=PLANE('',#5803);
#5101=PLANE('',#5804);
#5102=PLANE('',#5805);
#5103=PLANE('',#5806);
#5104=PLANE('',#5807);
#5105=PLANE('',#5808);
#5106=PLANE('',#5809);
#5107=PLANE('',#5810);
#5108=PLANE('',#5811);
#5109=PLANE('',#5812);
#5110=PLANE('',#5813);
#5111=PLANE('',#5814);
#5112=PLANE('',#5815);
#5113=PLANE('',#5816);
#5114=PLANE('',#5817);
#5115=PLANE('',#5818);
#5116=PLANE('',#5820);
#5117=PLANE('',#5821);
#5118=PLANE('',#5822);
#5119=PLANE('',#5823);
#5120=PLANE('',#5824);
#5121=PLANE('',#5825);
#5122=PLANE('',#5826);
#5123=PLANE('',#5827);
#5124=PLANE('',#5828);
#5125=PLANE('',#5832);
#5126=PLANE('',#5833);
#5127=PLANE('',#5834);
#5128=PLANE('',#5835);
#5129=PLANE('',#5836);
#5130=PLANE('',#5841);
#5131=PLANE('',#5845);
#5132=PLANE('',#5847);
#5133=PLANE('',#5848);
#5134=PLANE('',#5851);
#5135=PLANE('',#5852);
#5136=PLANE('',#5853);
#5137=PLANE('',#5854);
#5138=PLANE('',#5855);
#5139=PLANE('',#5856);
#5140=PLANE('',#5857);
#5141=PLANE('',#5858);
#5142=PLANE('',#5859);
#5143=PLANE('',#5860);
#5144=PLANE('',#5861);
#5145=PLANE('',#5862);
#5146=PLANE('',#5863);
#5147=PLANE('',#5864);
#5148=PLANE('',#5867);
#5149=PLANE('',#5869);
#5150=PLANE('',#5871);
#5151=PLANE('',#5872);
#5152=PLANE('',#5874);
#5153=PLANE('',#5876);
#5154=PLANE('',#5877);
#5155=PLANE('',#5879);
#5156=PLANE('',#5881);
#5157=PLANE('',#5882);
#5158=PLANE('',#5884);
#5159=PLANE('',#5886);
#5160=PLANE('',#5887);
#5161=PLANE('',#5888);
#5162=PLANE('',#5889);
#5163=PLANE('',#5890);
#5164=PLANE('',#5891);
#5165=PLANE('',#5892);
#5166=PLANE('',#5893);
#5167=PLANE('',#5894);
#5168=PLANE('',#5895);
#5169=PLANE('',#5896);
#5170=PLANE('',#5897);
#5171=PLANE('',#5898);
#5172=PLANE('',#5930);
#5173=PLANE('',#5931);
#5174=PLANE('',#5932);
#5175=PLANE('',#5933);
#5176=PLANE('',#5934);
#5177=PLANE('',#5935);
#5178=PLANE('',#5936);
#5179=PLANE('',#5940);
#5180=PLANE('',#5944);
#5181=PLANE('',#5945);
#5182=PLANE('',#5947);
#5183=PLANE('',#5948);
#5184=PLANE('',#5949);
#5185=PLANE('',#5950);
#5186=PLANE('',#5951);
#5187=PLANE('',#5952);
#5188=PLANE('',#5953);
#5189=PLANE('',#5954);
#5190=PLANE('',#5955);
#5191=PLANE('',#5956);
#5192=PLANE('',#5957);
#5193=PLANE('',#5958);
#5194=PLANE('',#5959);
#5195=ADVANCED_FACE('',(#4680,#4681),#4988,.T.);
#5196=ADVANCED_FACE('',(#4682),#118,.T.);
#5197=ADVANCED_FACE('',(#4683),#119,.T.);
#5198=ADVANCED_FACE('',(#4684),#120,.T.);
#5199=ADVANCED_FACE('',(#4685),#121,.T.);
#5200=ADVANCED_FACE('',(#4686),#122,.T.);
#5201=ADVANCED_FACE('',(#4687),#123,.T.);
#5202=ADVANCED_FACE('',(#4688),#124,.T.);
#5203=ADVANCED_FACE('',(#4689),#125,.T.);
#5204=ADVANCED_FACE('',(#4690),#126,.T.);
#5205=ADVANCED_FACE('',(#4691),#127,.T.);
#5206=ADVANCED_FACE('',(#4692),#128,.T.);
#5207=ADVANCED_FACE('',(#4693),#129,.T.);
#5208=ADVANCED_FACE('',(#4694),#130,.T.);
#5209=ADVANCED_FACE('',(#4695),#131,.T.);
#5210=ADVANCED_FACE('',(#4696),#132,.T.);
#5211=ADVANCED_FACE('',(#4697),#133,.T.);
#5212=ADVANCED_FACE('',(#4698),#134,.T.);
#5213=ADVANCED_FACE('',(#4699),#135,.T.);
#5214=ADVANCED_FACE('',(#4700),#4989,.T.);
#5215=ADVANCED_FACE('',(#4701),#4990,.F.);
#5216=ADVANCED_FACE('',(#4702),#4991,.F.);
#5217=ADVANCED_FACE('',(#4703),#4992,.T.);
#5218=ADVANCED_FACE('',(#4704,#4705),#4993,.T.);
#5219=ADVANCED_FACE('',(#4706),#4994,.F.);
#5220=ADVANCED_FACE('',(#4707),#4995,.T.);
#5221=ADVANCED_FACE('',(#4708),#4996,.F.);
#5222=ADVANCED_FACE('',(#4709),#4997,.F.);
#5223=ADVANCED_FACE('',(#4710),#4998,.T.);
#5224=ADVANCED_FACE('',(#4711),#4999,.T.);
#5225=ADVANCED_FACE('',(#4712),#136,.T.);
#5226=ADVANCED_FACE('',(#4713),#112,.T.);
#5227=ADVANCED_FACE('',(#4714),#137,.T.);
#5228=ADVANCED_FACE('',(#4715),#138,.T.);
#5229=ADVANCED_FACE('',(#4716),#139,.T.);
#5230=ADVANCED_FACE('',(#4717),#140,.T.);
#5231=ADVANCED_FACE('',(#4718),#113,.T.);
#5232=ADVANCED_FACE('',(#4719),#114,.T.);
#5233=ADVANCED_FACE('',(#4720),#141,.T.);
#5234=ADVANCED_FACE('',(#4721),#142,.T.);
#5235=ADVANCED_FACE('',(#4722),#115,.T.);
#5236=ADVANCED_FACE('',(#4723),#143,.T.);
#5237=ADVANCED_FACE('',(#4724),#144,.T.);
#5238=ADVANCED_FACE('',(#4725),#145,.T.);
#5239=ADVANCED_FACE('',(#4726),#146,.T.);
#5240=ADVANCED_FACE('',(#4727),#5000,.F.);
#5241=ADVANCED_FACE('',(#4728),#5001,.F.);
#5242=ADVANCED_FACE('',(#4729),#5002,.F.);
#5243=ADVANCED_FACE('',(#4730),#5003,.F.);
#5244=ADVANCED_FACE('',(#4731),#5004,.F.);
#5245=ADVANCED_FACE('',(#4732),#5005,.F.);
#5246=ADVANCED_FACE('',(#4733),#5006,.F.);
#5247=ADVANCED_FACE('',(#4734),#5007,.F.);
#5248=ADVANCED_FACE('',(#4735),#5008,.F.);
#5249=ADVANCED_FACE('',(#4736),#5009,.F.);
#5250=ADVANCED_FACE('',(#4737),#5010,.F.);
#5251=ADVANCED_FACE('',(#4738),#5011,.F.);
#5252=ADVANCED_FACE('',(#4739),#5012,.F.);
#5253=ADVANCED_FACE('',(#4740),#5013,.F.);
#5254=ADVANCED_FACE('',(#4741),#5014,.F.);
#5255=ADVANCED_FACE('',(#4742),#5015,.F.);
#5256=ADVANCED_FACE('',(#4743),#5016,.F.);
#5257=ADVANCED_FACE('',(#4744),#5017,.F.);
#5258=ADVANCED_FACE('',(#4745),#5018,.F.);
#5259=ADVANCED_FACE('',(#4746),#5019,.F.);
#5260=ADVANCED_FACE('',(#4747),#5020,.F.);
#5261=ADVANCED_FACE('',(#4748),#5021,.F.);
#5262=ADVANCED_FACE('',(#4749),#5022,.F.);
#5263=ADVANCED_FACE('',(#4750),#5023,.F.);
#5264=ADVANCED_FACE('',(#4751),#5024,.F.);
#5265=ADVANCED_FACE('',(#4752),#5025,.F.);
#5266=ADVANCED_FACE('',(#4753),#5026,.F.);
#5267=ADVANCED_FACE('',(#4754),#5027,.F.);
#5268=ADVANCED_FACE('',(#4755),#5028,.F.);
#5269=ADVANCED_FACE('',(#4756),#5029,.F.);
#5270=ADVANCED_FACE('',(#4757),#5030,.F.);
#5271=ADVANCED_FACE('',(#4758),#5031,.F.);
#5272=ADVANCED_FACE('',(#4759),#5032,.F.);
#5273=ADVANCED_FACE('',(#4760),#5033,.F.);
#5274=ADVANCED_FACE('',(#4761),#5034,.F.);
#5275=ADVANCED_FACE('',(#4762),#5035,.F.);
#5276=ADVANCED_FACE('',(#4763),#5036,.F.);
#5277=ADVANCED_FACE('',(#4764),#5037,.F.);
#5278=ADVANCED_FACE('',(#4765),#52,.F.);
#5279=ADVANCED_FACE('',(#4766),#5038,.F.);
#5280=ADVANCED_FACE('',(#4767),#5039,.F.);
#5281=ADVANCED_FACE('',(#4768),#5040,.F.);
#5282=ADVANCED_FACE('',(#4769),#5041,.T.);
#5283=ADVANCED_FACE('',(#4770),#5042,.F.);
#5284=ADVANCED_FACE('',(#4771),#5043,.F.);
#5285=ADVANCED_FACE('',(#4772),#5044,.F.);
#5286=ADVANCED_FACE('',(#4773),#5045,.T.);
#5287=ADVANCED_FACE('',(#4774),#5046,.F.);
#5288=ADVANCED_FACE('',(#4775),#5047,.T.);
#5289=ADVANCED_FACE('',(#4776),#5048,.F.);
#5290=ADVANCED_FACE('',(#4777),#147,.F.);
#5291=ADVANCED_FACE('',(#4778),#148,.F.);
#5292=ADVANCED_FACE('',(#4779),#149,.F.);
#5293=ADVANCED_FACE('',(#4780),#150,.F.);
#5294=ADVANCED_FACE('',(#4781),#151,.F.);
#5295=ADVANCED_FACE('',(#4782),#152,.F.);
#5296=ADVANCED_FACE('',(#4783),#153,.F.);
#5297=ADVANCED_FACE('',(#4784),#154,.F.);
#5298=ADVANCED_FACE('',(#4785),#155,.F.);
#5299=ADVANCED_FACE('',(#4786,#4787),#5049,.T.);
#5300=ADVANCED_FACE('',(#4788),#5050,.T.);
#5301=ADVANCED_FACE('',(#4789),#5051,.T.);
#5302=ADVANCED_FACE('',(#4790),#5052,.F.);
#5303=ADVANCED_FACE('',(#4791),#5053,.F.);
#5304=ADVANCED_FACE('',(#4792),#5054,.T.);
#5305=ADVANCED_FACE('',(#4793,#4794),#156,.T.);
#5306=ADVANCED_FACE('',(#4795),#5055,.T.);
#5307=ADVANCED_FACE('',(#4796),#5056,.F.);
#5308=ADVANCED_FACE('',(#4797,#4798),#5057,.F.);
#5309=ADVANCED_FACE('',(#4799,#4800),#157,.F.);
#5310=ADVANCED_FACE('',(#4801,#4802),#5058,.T.);
#5311=ADVANCED_FACE('',(#4803),#158,.T.);
#5312=ADVANCED_FACE('',(#4804,#4805),#159,.F.);
#5313=ADVANCED_FACE('',(#4806,#4807),#5059,.T.);
#5314=ADVANCED_FACE('',(#4808),#5060,.T.);
#5315=ADVANCED_FACE('',(#4809),#53,.F.);
#5316=ADVANCED_FACE('',(#4810),#54,.T.);
#5317=ADVANCED_FACE('',(#4811),#5061,.T.);
#5318=ADVANCED_FACE('',(#4812),#5062,.T.);
#5319=ADVANCED_FACE('',(#4813),#5063,.T.);
#5320=ADVANCED_FACE('',(#4814),#5064,.F.);
#5321=ADVANCED_FACE('',(#4815),#5065,.T.);
#5322=ADVANCED_FACE('',(#4816),#5066,.F.);
#5323=ADVANCED_FACE('',(#4817),#5067,.F.);
#5324=ADVANCED_FACE('',(#4818),#5068,.T.);
#5325=ADVANCED_FACE('',(#4819),#5069,.F.);
#5326=ADVANCED_FACE('',(#4820),#5070,.F.);
#5327=ADVANCED_FACE('',(#4821),#5071,.T.);
#5328=ADVANCED_FACE('',(#4822),#5072,.T.);
#5329=ADVANCED_FACE('',(#4823),#5073,.T.);
#5330=ADVANCED_FACE('',(#4824),#5074,.T.);
#5331=ADVANCED_FACE('',(#4825),#5075,.F.);
#5332=ADVANCED_FACE('',(#4826),#5076,.F.);
#5333=ADVANCED_FACE('',(#4827),#5077,.T.);
#5334=ADVANCED_FACE('',(#4828),#5078,.T.);
#5335=ADVANCED_FACE('',(#4829),#5079,.T.);
#5336=ADVANCED_FACE('',(#4830),#5080,.T.);
#5337=ADVANCED_FACE('',(#4831),#5081,.F.);
#5338=ADVANCED_FACE('',(#4832),#5082,.F.);
#5339=ADVANCED_FACE('',(#4833),#5083,.T.);
#5340=ADVANCED_FACE('',(#4834),#5084,.T.);
#5341=ADVANCED_FACE('',(#4835),#5085,.T.);
#5342=ADVANCED_FACE('',(#4836),#5086,.T.);
#5343=ADVANCED_FACE('',(#4837),#5087,.F.);
#5344=ADVANCED_FACE('',(#4838),#5088,.F.);
#5345=ADVANCED_FACE('',(#4839),#5089,.T.);
#5346=ADVANCED_FACE('',(#4840),#5090,.T.);
#5347=ADVANCED_FACE('',(#4841),#5091,.T.);
#5348=ADVANCED_FACE('',(#4842),#5092,.T.);
#5349=ADVANCED_FACE('',(#4843),#5093,.F.);
#5350=ADVANCED_FACE('',(#4844),#5094,.F.);
#5351=ADVANCED_FACE('',(#4845),#5095,.T.);
#5352=ADVANCED_FACE('',(#4846),#5096,.T.);
#5353=ADVANCED_FACE('',(#4847),#5097,.T.);
#5354=ADVANCED_FACE('',(#4848),#5098,.T.);
#5355=ADVANCED_FACE('',(#4849),#5099,.F.);
#5356=ADVANCED_FACE('',(#4850),#5100,.F.);
#5357=ADVANCED_FACE('',(#4851),#5101,.T.);
#5358=ADVANCED_FACE('',(#4852),#5102,.T.);
#5359=ADVANCED_FACE('',(#4853),#5103,.T.);
#5360=ADVANCED_FACE('',(#4854),#5104,.T.);
#5361=ADVANCED_FACE('',(#4855),#5105,.F.);
#5362=ADVANCED_FACE('',(#4856),#5106,.F.);
#5363=ADVANCED_FACE('',(#4857),#5107,.T.);
#5364=ADVANCED_FACE('',(#4858),#5108,.T.);
#5365=ADVANCED_FACE('',(#4859),#5109,.T.);
#5366=ADVANCED_FACE('',(#4860),#5110,.T.);
#5367=ADVANCED_FACE('',(#4861),#5111,.F.);
#5368=ADVANCED_FACE('',(#4862),#5112,.F.);
#5369=ADVANCED_FACE('',(#4863),#5113,.T.);
#5370=ADVANCED_FACE('',(#4864),#5114,.T.);
#5371=ADVANCED_FACE('',(#4865),#5115,.T.);
#5372=ADVANCED_FACE('',(#4866),#5116,.T.);
#5373=ADVANCED_FACE('',(#4867),#5117,.T.);
#5374=ADVANCED_FACE('',(#4868),#5118,.T.);
#5375=ADVANCED_FACE('',(#4869),#5119,.T.);
#5376=ADVANCED_FACE('',(#4870),#5120,.T.);
#5377=ADVANCED_FACE('',(#4871),#5121,.T.);
#5378=ADVANCED_FACE('',(#4872),#5122,.T.);
#5379=ADVANCED_FACE('',(#4873,#4874),#5123,.T.);
#5380=ADVANCED_FACE('',(#4875,#4876),#5124,.T.);
#5381=ADVANCED_FACE('',(#4877),#5125,.T.);
#5382=ADVANCED_FACE('',(#4878),#5126,.F.);
#5383=ADVANCED_FACE('',(#4879),#5127,.F.);
#5384=ADVANCED_FACE('',(#4880),#5128,.F.);
#5385=ADVANCED_FACE('',(#4881),#5129,.T.);
#5386=ADVANCED_FACE('',(#4882),#160,.T.);
#5387=ADVANCED_FACE('',(#4883),#5130,.T.);
#5388=ADVANCED_FACE('',(#4884),#161,.T.);
#5389=ADVANCED_FACE('',(#4885),#5131,.F.);
#5390=ADVANCED_FACE('',(#4886),#5132,.F.);
#5391=ADVANCED_FACE('',(#4887,#4888),#55,.T.);
#5392=ADVANCED_FACE('',(#4889),#5133,.T.);
#5393=ADVANCED_FACE('',(#4890,#4891),#56,.F.);
#5394=ADVANCED_FACE('',(#4892,#4893),#162,.F.);
#5395=ADVANCED_FACE('',(#4894,#4895,#4896),#5134,.F.);
#5396=ADVANCED_FACE('',(#4897),#57,.T.);
#5397=ADVANCED_FACE('',(#4898),#5135,.F.);
#5398=ADVANCED_FACE('',(#4899),#58,.T.);
#5399=ADVANCED_FACE('',(#4900),#59,.F.);
#5400=ADVANCED_FACE('',(#4901),#5136,.F.);
#5401=ADVANCED_FACE('',(#4902),#60,.F.);
#5402=ADVANCED_FACE('',(#4903),#5137,.T.);
#5403=ADVANCED_FACE('',(#4904),#5138,.F.);
#5404=ADVANCED_FACE('',(#4905),#5139,.F.);
#5405=ADVANCED_FACE('',(#4906),#5140,.T.);
#5406=ADVANCED_FACE('',(#4907),#5141,.T.);
#5407=ADVANCED_FACE('',(#4908,#4909),#5142,.T.);
#5408=ADVANCED_FACE('',(#4910),#5143,.F.);
#5409=ADVANCED_FACE('',(#4911),#5144,.T.);
#5410=ADVANCED_FACE('',(#4912),#5145,.T.);
#5411=ADVANCED_FACE('',(#4913),#5146,.F.);
#5412=ADVANCED_FACE('',(#4914,#4915),#5147,.T.);
#5413=ADVANCED_FACE('',(#4916),#5148,.T.);
#5414=ADVANCED_FACE('',(#4917),#5149,.F.);
#5415=ADVANCED_FACE('',(#4918),#5150,.T.);
#5416=ADVANCED_FACE('',(#4919),#5151,.T.);
#5417=ADVANCED_FACE('',(#4920),#5152,.F.);
#5418=ADVANCED_FACE('',(#4921),#5153,.T.);
#5419=ADVANCED_FACE('',(#4922),#5154,.T.);
#5420=ADVANCED_FACE('',(#4923),#5155,.F.);
#5421=ADVANCED_FACE('',(#4924),#5156,.T.);
#5422=ADVANCED_FACE('',(#4925),#5157,.F.);
#5423=ADVANCED_FACE('',(#4926),#5158,.T.);
#5424=ADVANCED_FACE('',(#4927),#5159,.T.);
#5425=ADVANCED_FACE('',(#4928),#5160,.T.);
#5426=ADVANCED_FACE('',(#4929),#5161,.T.);
#5427=ADVANCED_FACE('',(#4930),#5162,.F.);
#5428=ADVANCED_FACE('',(#4931),#5163,.T.);
#5429=ADVANCED_FACE('',(#4932),#5164,.T.);
#5430=ADVANCED_FACE('',(#4933),#5165,.F.);
#5431=ADVANCED_FACE('',(#4934),#5166,.T.);
#5432=ADVANCED_FACE('',(#4935),#5167,.T.);
#5433=ADVANCED_FACE('',(#4936),#5168,.F.);
#5434=ADVANCED_FACE('',(#4937),#5169,.F.);
#5435=ADVANCED_FACE('',(#4938),#5170,.T.);
#5436=ADVANCED_FACE('',(#4939),#5171,.T.);
#5437=ADVANCED_FACE('',(#4940),#14,.T.);
#5438=ADVANCED_FACE('',(#4941),#163,.T.);
#5439=ADVANCED_FACE('',(#4942),#164,.T.);
#5440=ADVANCED_FACE('',(#4943),#165,.T.);
#5441=ADVANCED_FACE('',(#4944),#166,.T.);
#5442=ADVANCED_FACE('',(#4945),#15,.T.);
#5443=ADVANCED_FACE('',(#4946),#116,.T.);
#5444=ADVANCED_FACE('',(#4947),#167,.T.);
#5445=ADVANCED_FACE('',(#4948),#168,.T.);
#5446=ADVANCED_FACE('',(#4949),#117,.T.);
#5447=ADVANCED_FACE('',(#4950),#169,.T.);
#5448=ADVANCED_FACE('',(#4951),#170,.T.);
#5449=ADVANCED_FACE('',(#4952),#171,.T.);
#5450=ADVANCED_FACE('',(#4953),#10,.T.);
#5451=ADVANCED_FACE('',(#4954),#11,.T.);
#5452=ADVANCED_FACE('',(#4955),#172,.T.);
#5453=ADVANCED_FACE('',(#4956),#173,.T.);
#5454=ADVANCED_FACE('',(#4957),#174,.T.);
#5455=ADVANCED_FACE('',(#4958),#12,.T.);
#5456=ADVANCED_FACE('',(#4959),#13,.T.);
#5457=ADVANCED_FACE('',(#4960),#175,.T.);
#5458=ADVANCED_FACE('',(#4961),#176,.T.);
#5459=ADVANCED_FACE('',(#4962),#5172,.T.);
#5460=ADVANCED_FACE('',(#4963),#5173,.F.);
#5461=ADVANCED_FACE('',(#4964),#5174,.T.);
#5462=ADVANCED_FACE('',(#4965),#5175,.T.);
#5463=ADVANCED_FACE('',(#4966),#5176,.F.);
#5464=ADVANCED_FACE('',(#4967),#5177,.F.);
#5465=ADVANCED_FACE('',(#4968),#5178,.F.);
#5466=ADVANCED_FACE('',(#4969),#177,.T.);
#5467=ADVANCED_FACE('',(#4970),#5179,.F.);
#5468=ADVANCED_FACE('',(#4971),#178,.T.);
#5469=ADVANCED_FACE('',(#4972),#5180,.T.);
#5470=ADVANCED_FACE('',(#4973),#5181,.F.);
#5471=ADVANCED_FACE('',(#4974),#5182,.T.);
#5472=ADVANCED_FACE('',(#4975),#5183,.F.);
#5473=ADVANCED_FACE('',(#4976),#5184,.T.);
#5474=ADVANCED_FACE('',(#4977),#5185,.T.);
#5475=ADVANCED_FACE('',(#4978),#5186,.F.);
#5476=ADVANCED_FACE('',(#4979),#5187,.F.);
#5477=ADVANCED_FACE('',(#4980),#5188,.F.);
#5478=ADVANCED_FACE('',(#4981),#5189,.T.);
#5479=ADVANCED_FACE('',(#4982),#5190,.F.);
#5480=ADVANCED_FACE('',(#4983),#61,.T.);
#5481=ADVANCED_FACE('',(#4984),#5191,.T.);
#5482=ADVANCED_FACE('',(#4985),#5192,.T.);
#5483=ADVANCED_FACE('',(#4986),#5193,.T.);
#5484=ADVANCED_FACE('',(#4987),#5194,.F.);
#5485=CLOSED_SHELL('',(#5195,#5196,#5197,#5198,#5199,#5200,#5201,#5202,
#5203,#5204,#5205,#5206,#5207,#5208,#5209,#5210,#5211,#5212,#5213,#5214,
#5215,#5216,#5217,#5218,#5219,#5220,#5221,#5222,#5223,#5224,#5225,#5226,
#5227,#5228,#5229,#5230,#5231,#5232,#5233,#5234,#5235,#5236,#5237,#5238,
#5239,#5240,#5241,#5242,#5243,#5244,#5245,#5246,#5247,#5248,#5249,#5250,
#5251,#5252,#5253,#5254,#5255,#5256,#5257,#5258,#5259,#5260,#5261,#5262,
#5263,#5264,#5265,#5266,#5267,#5268,#5269,#5270,#5271,#5272,#5273,#5274,
#5275));
#5486=CLOSED_SHELL('',(#5276,#5277,#5278,#5279,#5280,#5281,#5282,#5283,
#5284,#5285,#5286,#5287,#5288,#5289));
#5487=CLOSED_SHELL('',(#5290,#5291,#5292,#5293,#5294,#5295,#5296,#5297,
#5298,#5299,#5300,#5301,#5302,#5303,#5304,#5305,#5306,#5307,#5308,#5309,
#5310,#5311,#5312,#5313,#5314,#5315,#5316,#5317,#5318,#5319,#5320,#5321,
#5322,#5323,#5324,#5325,#5326,#5327,#5328,#5329,#5330,#5331,#5332,#5333,
#5334,#5335,#5336,#5337,#5338,#5339,#5340,#5341,#5342,#5343,#5344,#5345,
#5346,#5347,#5348,#5349,#5350,#5351,#5352,#5353,#5354,#5355,#5356,#5357,
#5358,#5359,#5360,#5361,#5362,#5363,#5364,#5365,#5366,#5367,#5368,#5369,
#5370,#5371));
#5488=CLOSED_SHELL('',(#5372,#5373,#5374,#5375,#5376,#5377,#5378,#5379,
#5380,#5381,#5382,#5383,#5384,#5385,#5386,#5387,#5388,#5389,#5390,#5391,
#5392,#5393,#5394,#5395,#5396,#5397,#5398,#5399,#5400,#5401,#5402,#5403,
#5404,#5405,#5406,#5407,#5408,#5409,#5410,#5411,#5412,#5413,#5414,#5415,
#5416,#5417,#5418,#5419,#5420,#5421,#5422,#5423,#5424,#5425,#5426,#5427,
#5428,#5429,#5430,#5431,#5432,#5433,#5434,#5435,#5436,#5437,#5438,#5439,
#5440,#5441,#5442,#5443,#5444,#5445,#5446,#5447,#5448,#5449,#5450,#5451,
#5452,#5453,#5454,#5455,#5456,#5457,#5458));
#5489=CLOSED_SHELL('',(#5459,#5460,#5461,#5462,#5463,#5464,#5465,#5466,
#5467,#5468,#5469,#5470));
#5490=CLOSED_SHELL('',(#5471,#5472,#5473,#5474,#5475,#5476,#5477,#5478,
#5479,#5480,#5481,#5482,#5483,#5484));
#5491=STYLED_ITEM('',(#5497),#5537);
#5492=STYLED_ITEM('',(#5498),#5538);
#5493=STYLED_ITEM('',(#5499),#5539);
#5494=STYLED_ITEM('',(#5500),#5540);
#5495=STYLED_ITEM('',(#5501),#5541);
#5496=STYLED_ITEM('',(#5502),#5542);
#5497=PRESENTATION_STYLE_ASSIGNMENT((#5503));
#5498=PRESENTATION_STYLE_ASSIGNMENT((#5504));
#5499=PRESENTATION_STYLE_ASSIGNMENT((#5505));
#5500=PRESENTATION_STYLE_ASSIGNMENT((#5506));
#5501=PRESENTATION_STYLE_ASSIGNMENT((#5507));
#5502=PRESENTATION_STYLE_ASSIGNMENT((#5508));
#5503=SURFACE_STYLE_USAGE(.BOTH.,#5509);
#5504=SURFACE_STYLE_USAGE(.BOTH.,#5510);
#5505=SURFACE_STYLE_USAGE(.BOTH.,#5511);
#5506=SURFACE_STYLE_USAGE(.BOTH.,#5512);
#5507=SURFACE_STYLE_USAGE(.BOTH.,#5513);
#5508=SURFACE_STYLE_USAGE(.BOTH.,#5514);
#5509=SURFACE_SIDE_STYLE('',(#5515));
#5510=SURFACE_SIDE_STYLE('',(#5516));
#5511=SURFACE_SIDE_STYLE('',(#5517));
#5512=SURFACE_SIDE_STYLE('',(#5518));
#5513=SURFACE_SIDE_STYLE('',(#5519));
#5514=SURFACE_SIDE_STYLE('',(#5520));
#5515=SURFACE_STYLE_FILL_AREA(#5521);
#5516=SURFACE_STYLE_FILL_AREA(#5522);
#5517=SURFACE_STYLE_FILL_AREA(#5523);
#5518=SURFACE_STYLE_FILL_AREA(#5524);
#5519=SURFACE_STYLE_FILL_AREA(#5525);
#5520=SURFACE_STYLE_FILL_AREA(#5526);
#5521=FILL_AREA_STYLE('',(#5527));
#5522=FILL_AREA_STYLE('',(#5528));
#5523=FILL_AREA_STYLE('',(#5529));
#5524=FILL_AREA_STYLE('',(#5530));
#5525=FILL_AREA_STYLE('',(#5531));
#5526=FILL_AREA_STYLE('',(#5532));
#5527=FILL_AREA_STYLE_COLOUR('',#5533);
#5528=FILL_AREA_STYLE_COLOUR('',#5534);
#5529=FILL_AREA_STYLE_COLOUR('',#5533);
#5530=FILL_AREA_STYLE_COLOUR('',#5535);
#5531=FILL_AREA_STYLE_COLOUR('',#5533);
#5532=FILL_AREA_STYLE_COLOUR('',#5536);
#5533=COLOUR_RGB('',0.901960784313726,0.901960784313726,0.901960784313726);
#5534=COLOUR_RGB('',0.647058823529412,0.647058823529412,0.647058823529412);
#5535=COLOUR_RGB('',0.866666666666667,0.32156862745098,0.156862745098039);
#5536=COLOUR_RGB('',0.231372549019608,0.380392156862745,0.705882352941177);
#5537=MANIFOLD_SOLID_BREP('Part 1',#5485);
#5538=MANIFOLD_SOLID_BREP('Part 2',#5486);
#5539=MANIFOLD_SOLID_BREP('Part 1',#5487);
#5540=MANIFOLD_SOLID_BREP('Part 1',#5488);
#5541=MANIFOLD_SOLID_BREP('Part 1',#5489);
#5542=MANIFOLD_SOLID_BREP('Part 3',#5490);
#5543=SHAPE_DEFINITION_REPRESENTATION(#9634,#5550);
#5544=SHAPE_DEFINITION_REPRESENTATION(#9635,#5551);
#5545=SHAPE_DEFINITION_REPRESENTATION(#9637,#5552);
#5546=SHAPE_DEFINITION_REPRESENTATION(#9639,#5553);
#5547=SHAPE_DEFINITION_REPRESENTATION(#9641,#5554);
#5548=SHAPE_DEFINITION_REPRESENTATION(#9643,#5555);
#5549=SHAPE_DEFINITION_REPRESENTATION(#9645,#5556);
#5550=SHAPE_REPRESENTATION('??',(#5557,#5695,#5709,#5819,#5929,#5946,#5960),
#9617);
#5551=SHAPE_REPRESENTATION('Part 1',(#5557),#9618);
#5552=SHAPE_REPRESENTATION('Part 2',(#5557),#9619);
#5553=SHAPE_REPRESENTATION('Part 1',(#5557),#9620);
#5554=SHAPE_REPRESENTATION('Part 1',(#5557),#9621);
#5555=SHAPE_REPRESENTATION('Part 1',(#5557),#9622);
#5556=SHAPE_REPRESENTATION('Part 3',(#5557),#9623);
#5557=AXIS2_PLACEMENT_3D('',#7391,#5961,#5962);
#5558=AXIS2_PLACEMENT_3D('',#7392,#5963,#5964);
#5559=AXIS2_PLACEMENT_3D('',#7406,#5971,#5972);
#5560=AXIS2_PLACEMENT_3D('',#7412,#5975,#5976);
#5561=AXIS2_PLACEMENT_3D('',#7418,#5979,#5980);
#5562=AXIS2_PLACEMENT_3D('',#7424,#5983,#5984);
#5563=AXIS2_PLACEMENT_3D('',#7430,#5987,#5988);
#5564=AXIS2_PLACEMENT_3D('',#7436,#5991,#5992);
#5565=AXIS2_PLACEMENT_3D('',#7442,#5995,#5996);
#5566=AXIS2_PLACEMENT_3D('',#7448,#5999,#6000);
#5567=AXIS2_PLACEMENT_3D('',#7454,#6003,#6004);
#5568=AXIS2_PLACEMENT_3D('',#7460,#6007,#6008);
#5569=AXIS2_PLACEMENT_3D('',#7466,#6011,#6012);
#5570=AXIS2_PLACEMENT_3D('',#7472,#6015,#6016);
#5571=AXIS2_PLACEMENT_3D('',#7478,#6019,#6020);
#5572=AXIS2_PLACEMENT_3D('',#7484,#6023,#6024);
#5573=AXIS2_PLACEMENT_3D('',#7490,#6027,#6028);
#5574=AXIS2_PLACEMENT_3D('',#7496,#6031,#6032);
#5575=AXIS2_PLACEMENT_3D('',#7502,#6035,#6036);
#5576=AXIS2_PLACEMENT_3D('',#7508,#6039,#6040);
#5577=AXIS2_PLACEMENT_3D('',#7509,#6041,#6042);
#5578=AXIS2_PLACEMENT_3D('',#7512,#6044,#6045);
#5579=AXIS2_PLACEMENT_3D('',#7515,#6047,#6048);
#5580=AXIS2_PLACEMENT_3D('',#7518,#6050,#6051);
#5581=AXIS2_PLACEMENT_3D('',#7521,#6053,#6054);
#5582=AXIS2_PLACEMENT_3D('',#7524,#6056,#6057);
#5583=AXIS2_PLACEMENT_3D('',#7527,#6059,#6060);
#5584=AXIS2_PLACEMENT_3D('',#7530,#6062,#6063);
#5585=AXIS2_PLACEMENT_3D('',#7533,#6065,#6066);
#5586=AXIS2_PLACEMENT_3D('',#7536,#6068,#6069);
#5587=AXIS2_PLACEMENT_3D('',#7539,#6071,#6072);
#5588=AXIS2_PLACEMENT_3D('',#7542,#6074,#6075);
#5589=AXIS2_PLACEMENT_3D('',#7545,#6077,#6078);
#5590=AXIS2_PLACEMENT_3D('',#7548,#6080,#6081);
#5591=AXIS2_PLACEMENT_3D('',#7551,#6083,#6084);
#5592=AXIS2_PLACEMENT_3D('',#7554,#6086,#6087);
#5593=AXIS2_PLACEMENT_3D('',#7557,#6089,#6090);
#5594=AXIS2_PLACEMENT_3D('',#7560,#6092,#6093);
#5595=AXIS2_PLACEMENT_3D('',#7563,#6095,#6096);
#5596=AXIS2_PLACEMENT_3D('',#7566,#6098,#6099);
#5597=AXIS2_PLACEMENT_3D('',#7569,#6101,#6102);
#5598=AXIS2_PLACEMENT_3D('',#7572,#6104,#6105);
#5599=AXIS2_PLACEMENT_3D('',#7575,#6107,#6108);
#5600=AXIS2_PLACEMENT_3D('',#7578,#6110,#6111);
#5601=AXIS2_PLACEMENT_3D('',#7581,#6113,#6114);
#5602=AXIS2_PLACEMENT_3D('',#7584,#6116,#6117);
#5603=AXIS2_PLACEMENT_3D('',#7587,#6119,#6120);
#5604=AXIS2_PLACEMENT_3D('',#7590,#6122,#6123);
#5605=AXIS2_PLACEMENT_3D('',#7593,#6125,#6126);
#5606=AXIS2_PLACEMENT_3D('',#7596,#6128,#6129);
#5607=AXIS2_PLACEMENT_3D('',#7599,#6131,#6132);
#5608=AXIS2_PLACEMENT_3D('',#7602,#6134,#6135);
#5609=AXIS2_PLACEMENT_3D('',#7605,#6137,#6138);
#5610=AXIS2_PLACEMENT_3D('',#7608,#6140,#6141);
#5611=AXIS2_PLACEMENT_3D('',#7611,#6143,#6144);
#5612=AXIS2_PLACEMENT_3D('',#7612,#6145,#6146);
#5613=AXIS2_PLACEMENT_3D('',#7617,#6149,#6150);
#5614=AXIS2_PLACEMENT_3D('',#7626,#6155,#6156);
#5615=AXIS2_PLACEMENT_3D('',#7635,#6161,#6162);
#5616=AXIS2_PLACEMENT_3D('',#7644,#6167,#6168);
#5617=AXIS2_PLACEMENT_3D('',#7653,#6173,#6174);
#5618=AXIS2_PLACEMENT_3D('',#7670,#6183,#6184);
#5619=AXIS2_PLACEMENT_3D('',#7671,#6185,#6186);
#5620=AXIS2_PLACEMENT_3D('',#7672,#6187,#6188);
#5621=AXIS2_PLACEMENT_3D('',#7673,#6189,#6190);
#5622=AXIS2_PLACEMENT_3D('',#7674,#6191,#6192);
#5623=AXIS2_PLACEMENT_3D('',#7675,#6193,#6194);
#5624=AXIS2_PLACEMENT_3D('',#7681,#6198,#6199);
#5625=AXIS2_PLACEMENT_3D('',#7685,#6202,#6203);
#5626=AXIS2_PLACEMENT_3D('',#7689,#6206,#6207);
#5627=AXIS2_PLACEMENT_3D('',#7690,#6208,#6209);
#5628=AXIS2_PLACEMENT_3D('',#7691,#6210,#6211);
#5629=AXIS2_PLACEMENT_3D('',#7692,#6212,#6213);
#5630=AXIS2_PLACEMENT_3D('',#7747,#6250,#6251);
#5631=AXIS2_PLACEMENT_3D('',#7748,#6252,#6253);
#5632=AXIS2_PLACEMENT_3D('',#7749,#6254,#6255);
#5633=AXIS2_PLACEMENT_3D('',#7750,#6256,#6257);
#5634=AXIS2_PLACEMENT_3D('',#7751,#6258,#6259);
#5635=AXIS2_PLACEMENT_3D('',#7752,#6260,#6261);
#5636=AXIS2_PLACEMENT_3D('',#7753,#6262,#6263);
#5637=AXIS2_PLACEMENT_3D('',#7754,#6264,#6265);
#5638=AXIS2_PLACEMENT_3D('',#7755,#6266,#6267);
#5639=AXIS2_PLACEMENT_3D('',#7756,#6268,#6269);
#5640=AXIS2_PLACEMENT_3D('',#7757,#6270,#6271);
#5641=AXIS2_PLACEMENT_3D('',#7758,#6272,#6273);
#5642=AXIS2_PLACEMENT_3D('',#7759,#6274,#6275);
#5643=AXIS2_PLACEMENT_3D('',#7760,#6276,#6277);
#5644=AXIS2_PLACEMENT_3D('',#7761,#6278,#6279);
#5645=AXIS2_PLACEMENT_3D('',#7762,#6280,#6281);
#5646=AXIS2_PLACEMENT_3D('',#7763,#6282,#6283);
#5647=AXIS2_PLACEMENT_3D('',#7764,#6284,#6285);
#5648=AXIS2_PLACEMENT_3D('',#7765,#6286,#6287);
#5649=AXIS2_PLACEMENT_3D('',#7766,#6288,#6289);
#5650=AXIS2_PLACEMENT_3D('',#7767,#6290,#6291);
#5651=AXIS2_PLACEMENT_3D('',#7768,#6292,#6293);
#5652=AXIS2_PLACEMENT_3D('',#7769,#6294,#6295);
#5653=AXIS2_PLACEMENT_3D('',#7770,#6296,#6297);
#5654=AXIS2_PLACEMENT_3D('',#7771,#6298,#6299);
#5655=AXIS2_PLACEMENT_3D('',#7772,#6300,#6301);
#5656=AXIS2_PLACEMENT_3D('',#7773,#6302,#6303);
#5657=AXIS2_PLACEMENT_3D('',#7774,#6304,#6305);
#5658=AXIS2_PLACEMENT_3D('',#7775,#6306,#6307);
#5659=AXIS2_PLACEMENT_3D('',#7776,#6308,#6309);
#5660=AXIS2_PLACEMENT_3D('',#7778,#6311,#6312);
#5661=AXIS2_PLACEMENT_3D('',#7779,#6313,#6314);
#5662=AXIS2_PLACEMENT_3D('',#7781,#6316,#6317);
#5663=AXIS2_PLACEMENT_3D('',#7782,#6318,#6319);
#5664=AXIS2_PLACEMENT_3D('',#7784,#6321,#6322);
#5665=AXIS2_PLACEMENT_3D('',#7785,#6323,#6324);
#5666=AXIS2_PLACEMENT_3D('',#7787,#6326,#6327);
#5667=AXIS2_PLACEMENT_3D('',#7788,#6328,#6329);
#5668=AXIS2_PLACEMENT_3D('',#7790,#6331,#6332);
#5669=AXIS2_PLACEMENT_3D('',#7791,#6333,#6334);
#5670=AXIS2_PLACEMENT_3D('',#7793,#6336,#6337);
#5671=AXIS2_PLACEMENT_3D('',#7794,#6338,#6339);
#5672=AXIS2_PLACEMENT_3D('',#7796,#6341,#6342);
#5673=AXIS2_PLACEMENT_3D('',#7797,#6343,#6344);
#5674=AXIS2_PLACEMENT_3D('',#7799,#6346,#6347);
#5675=AXIS2_PLACEMENT_3D('',#7800,#6348,#6349);
#5676=AXIS2_PLACEMENT_3D('',#7802,#6351,#6352);
#5677=AXIS2_PLACEMENT_3D('',#7803,#6353,#6354);
#5678=AXIS2_PLACEMENT_3D('',#7805,#6356,#6357);
#5679=AXIS2_PLACEMENT_3D('',#7806,#6358,#6359);
#5680=AXIS2_PLACEMENT_3D('',#7808,#6361,#6362);
#5681=AXIS2_PLACEMENT_3D('',#7809,#6363,#6364);
#5682=AXIS2_PLACEMENT_3D('',#7811,#6366,#6367);
#5683=AXIS2_PLACEMENT_3D('',#7812,#6368,#6369);
#5684=AXIS2_PLACEMENT_3D('',#7814,#6371,#6372);
#5685=AXIS2_PLACEMENT_3D('',#7815,#6373,#6374);
#5686=AXIS2_PLACEMENT_3D('',#7817,#6376,#6377);
#5687=AXIS2_PLACEMENT_3D('',#7818,#6378,#6379);
#5688=AXIS2_PLACEMENT_3D('',#7820,#6381,#6382);
#5689=AXIS2_PLACEMENT_3D('',#7821,#6383,#6384);
#5690=AXIS2_PLACEMENT_3D('',#7823,#6386,#6387);
#5691=AXIS2_PLACEMENT_3D('',#7824,#6388,#6389);
#5692=AXIS2_PLACEMENT_3D('',#7826,#6391,#6392);
#5693=AXIS2_PLACEMENT_3D('',#7827,#6393,#6394);
#5694=AXIS2_PLACEMENT_3D('',#7829,#6396,#6397);
#5695=AXIS2_PLACEMENT_3D('',#7830,#6398,#6399);
#5696=AXIS2_PLACEMENT_3D('',#7831,#6400,#6401);
#5697=AXIS2_PLACEMENT_3D('',#7840,#6406,#6407);
#5698=AXIS2_PLACEMENT_3D('',#7867,#6412,#6413);
#5699=AXIS2_PLACEMENT_3D('',#7873,#6417,#6418);
#5700=AXIS2_PLACEMENT_3D('',#7879,#6422,#6423);
#5701=AXIS2_PLACEMENT_3D('',#7885,#6427,#6428);
#5702=AXIS2_PLACEMENT_3D('',#7891,#6432,#6433);
#5703=AXIS2_PLACEMENT_3D('',#7897,#6437,#6438);
#5704=AXIS2_PLACEMENT_3D('',#7903,#6442,#6443);
#5705=AXIS2_PLACEMENT_3D('',#7909,#6447,#6448);
#5706=AXIS2_PLACEMENT_3D('',#7915,#6452,#6453);
#5707=AXIS2_PLACEMENT_3D('',#7918,#6456,#6457);
#5708=AXIS2_PLACEMENT_3D('',#7919,#6458,#6459);
#5709=AXIS2_PLACEMENT_3D('',#7920,#6460,#6461);
#5710=AXIS2_PLACEMENT_3D('',#7921,#6462,#6463);
#5711=AXIS2_PLACEMENT_3D('',#7922,#6464,#6465);
#5712=AXIS2_PLACEMENT_3D('',#7927,#6467,#6468);
#5713=AXIS2_PLACEMENT_3D('',#7930,#6470,#6471);
#5714=AXIS2_PLACEMENT_3D('',#7934,#6473,#6474);
#5715=AXIS2_PLACEMENT_3D('',#7938,#6476,#6477);
#5716=AXIS2_PLACEMENT_3D('',#7939,#6478,#6479);
#5717=AXIS2_PLACEMENT_3D('',#7943,#6481,#6482);
#5718=AXIS2_PLACEMENT_3D('',#7947,#6484,#6485);
#5719=AXIS2_PLACEMENT_3D('',#7948,#6486,#6487);
#5720=AXIS2_PLACEMENT_3D('',#7952,#6489,#6490);
#5721=AXIS2_PLACEMENT_3D('',#7956,#6492,#6493);
#5722=AXIS2_PLACEMENT_3D('',#7957,#6494,#6495);
#5723=AXIS2_PLACEMENT_3D('',#7961,#6497,#6498);
#5724=AXIS2_PLACEMENT_3D('',#7965,#6500,#6501);
#5725=AXIS2_PLACEMENT_3D('',#7966,#6502,#6503);
#5726=AXIS2_PLACEMENT_3D('',#7970,#6505,#6506);
#5727=AXIS2_PLACEMENT_3D('',#7974,#6508,#6509);
#5728=AXIS2_PLACEMENT_3D('',#7975,#6510,#6511);
#5729=AXIS2_PLACEMENT_3D('',#7979,#6513,#6514);
#5730=AXIS2_PLACEMENT_3D('',#7983,#6516,#6517);
#5731=AXIS2_PLACEMENT_3D('',#7984,#6518,#6519);
#5732=AXIS2_PLACEMENT_3D('',#7988,#6521,#6522);
#5733=AXIS2_PLACEMENT_3D('',#7992,#6524,#6525);
#5734=AXIS2_PLACEMENT_3D('',#7993,#6526,#6527);
#5735=AXIS2_PLACEMENT_3D('',#7997,#6529,#6530);
#5736=AXIS2_PLACEMENT_3D('',#8001,#6532,#6533);
#5737=AXIS2_PLACEMENT_3D('',#8002,#6534,#6535);
#5738=AXIS2_PLACEMENT_3D('',#8003,#6536,#6537);
#5739=AXIS2_PLACEMENT_3D('',#8032,#6556,#6557);
#5740=AXIS2_PLACEMENT_3D('',#8057,#6564,#6565);
#5741=AXIS2_PLACEMENT_3D('',#8063,#6569,#6570);
#5742=AXIS2_PLACEMENT_3D('',#8085,#6576,#6577);
#5743=AXIS2_PLACEMENT_3D('',#8088,#6580,#6581);
#5744=AXIS2_PLACEMENT_3D('',#8091,#6584,#6585);
#5745=AXIS2_PLACEMENT_3D('',#8092,#6586,#6587);
#5746=AXIS2_PLACEMENT_3D('',#8094,#6588,#6589);
#5747=AXIS2_PLACEMENT_3D('',#8095,#6590,#6591);
#5748=AXIS2_PLACEMENT_3D('',#8099,#6593,#6594);
#5749=AXIS2_PLACEMENT_3D('',#8103,#6596,#6597);
#5750=AXIS2_PLACEMENT_3D('',#8104,#6598,#6599);
#5751=AXIS2_PLACEMENT_3D('',#8110,#6603,#6604);
#5752=AXIS2_PLACEMENT_3D('',#8116,#6608,#6609);
#5753=AXIS2_PLACEMENT_3D('',#8117,#6610,#6611);
#5754=AXIS2_PLACEMENT_3D('',#8118,#6612,#6613);
#5755=AXIS2_PLACEMENT_3D('',#8120,#6614,#6615);
#5756=AXIS2_PLACEMENT_3D('',#8121,#6616,#6617);
#5757=AXIS2_PLACEMENT_3D('',#8123,#6618,#6619);
#5758=AXIS2_PLACEMENT_3D('',#8124,#6620,#6621);
#5759=AXIS2_PLACEMENT_3D('',#8125,#6622,#6623);
#5760=AXIS2_PLACEMENT_3D('',#8126,#6624,#6625);
#5761=AXIS2_PLACEMENT_3D('',#8127,#6626,#6627);
#5762=AXIS2_PLACEMENT_3D('',#8129,#6628,#6629);
#5763=AXIS2_PLACEMENT_3D('',#8130,#6630,#6631);
#5764=AXIS2_PLACEMENT_3D('',#8153,#6632,#6633);
#5765=AXIS2_PLACEMENT_3D('',#8199,#6661,#6662);
#5766=AXIS2_PLACEMENT_3D('',#8205,#6666,#6667);
#5767=AXIS2_PLACEMENT_3D('',#8209,#6670,#6671);
#5768=AXIS2_PLACEMENT_3D('',#8213,#6674,#6675);
#5769=AXIS2_PLACEMENT_3D('',#8217,#6678,#6679);
#5770=AXIS2_PLACEMENT_3D('',#8219,#6681,#6682);
#5771=AXIS2_PLACEMENT_3D('',#8220,#6683,#6684);
#5772=AXIS2_PLACEMENT_3D('',#8226,#6688,#6689);
#5773=AXIS2_PLACEMENT_3D('',#8230,#6692,#6693);
#5774=AXIS2_PLACEMENT_3D('',#8234,#6696,#6697);
#5775=AXIS2_PLACEMENT_3D('',#8238,#6700,#6701);
#5776=AXIS2_PLACEMENT_3D('',#8240,#6703,#6704);
#5777=AXIS2_PLACEMENT_3D('',#8241,#6705,#6706);
#5778=AXIS2_PLACEMENT_3D('',#8247,#6710,#6711);
#5779=AXIS2_PLACEMENT_3D('',#8251,#6714,#6715);
#5780=AXIS2_PLACEMENT_3D('',#8255,#6718,#6719);
#5781=AXIS2_PLACEMENT_3D('',#8259,#6722,#6723);
#5782=AXIS2_PLACEMENT_3D('',#8261,#6725,#6726);
#5783=AXIS2_PLACEMENT_3D('',#8262,#6727,#6728);
#5784=AXIS2_PLACEMENT_3D('',#8268,#6732,#6733);
#5785=AXIS2_PLACEMENT_3D('',#8272,#6736,#6737);
#5786=AXIS2_PLACEMENT_3D('',#8276,#6740,#6741);
#5787=AXIS2_PLACEMENT_3D('',#8280,#6744,#6745);
#5788=AXIS2_PLACEMENT_3D('',#8282,#6747,#6748);
#5789=AXIS2_PLACEMENT_3D('',#8283,#6749,#6750);
#5790=AXIS2_PLACEMENT_3D('',#8289,#6754,#6755);
#5791=AXIS2_PLACEMENT_3D('',#8293,#6758,#6759);
#5792=AXIS2_PLACEMENT_3D('',#8297,#6762,#6763);
#5793=AXIS2_PLACEMENT_3D('',#8301,#6766,#6767);
#5794=AXIS2_PLACEMENT_3D('',#8303,#6769,#6770);
#5795=AXIS2_PLACEMENT_3D('',#8304,#6771,#6772);
#5796=AXIS2_PLACEMENT_3D('',#8310,#6776,#6777);
#5797=AXIS2_PLACEMENT_3D('',#8314,#6780,#6781);
#5798=AXIS2_PLACEMENT_3D('',#8318,#6784,#6785);
#5799=AXIS2_PLACEMENT_3D('',#8322,#6788,#6789);
#5800=AXIS2_PLACEMENT_3D('',#8324,#6791,#6792);
#5801=AXIS2_PLACEMENT_3D('',#8325,#6793,#6794);
#5802=AXIS2_PLACEMENT_3D('',#8331,#6798,#6799);
#5803=AXIS2_PLACEMENT_3D('',#8335,#6802,#6803);
#5804=AXIS2_PLACEMENT_3D('',#8339,#6806,#6807);
#5805=AXIS2_PLACEMENT_3D('',#8343,#6810,#6811);
#5806=AXIS2_PLACEMENT_3D('',#8345,#6813,#6814);
#5807=AXIS2_PLACEMENT_3D('',#8346,#6815,#6816);
#5808=AXIS2_PLACEMENT_3D('',#8352,#6820,#6821);
#5809=AXIS2_PLACEMENT_3D('',#8356,#6824,#6825);
#5810=AXIS2_PLACEMENT_3D('',#8360,#6828,#6829);
#5811=AXIS2_PLACEMENT_3D('',#8364,#6832,#6833);
#5812=AXIS2_PLACEMENT_3D('',#8366,#6835,#6836);
#5813=AXIS2_PLACEMENT_3D('',#8367,#6837,#6838);
#5814=AXIS2_PLACEMENT_3D('',#8373,#6842,#6843);
#5815=AXIS2_PLACEMENT_3D('',#8377,#6846,#6847);
#5816=AXIS2_PLACEMENT_3D('',#8381,#6850,#6851);
#5817=AXIS2_PLACEMENT_3D('',#8385,#6854,#6855);
#5818=AXIS2_PLACEMENT_3D('',#8387,#6857,#6858);
#5819=AXIS2_PLACEMENT_3D('',#8388,#6859,#6860);
#5820=AXIS2_PLACEMENT_3D('',#8389,#6861,#6862);
#5821=AXIS2_PLACEMENT_3D('',#8398,#6867,#6868);
#5822=AXIS2_PLACEMENT_3D('',#8407,#6873,#6874);
#5823=AXIS2_PLACEMENT_3D('',#8511,#6887,#6888);
#5824=AXIS2_PLACEMENT_3D('',#8520,#6893,#6894);
#5825=AXIS2_PLACEMENT_3D('',#8531,#6901,#6902);
#5826=AXIS2_PLACEMENT_3D('',#8545,#6910,#6911);
#5827=AXIS2_PLACEMENT_3D('',#8556,#6918,#6919);
#5828=AXIS2_PLACEMENT_3D('',#8579,#6925,#6926);
#5829=AXIS2_PLACEMENT_3D('',#8593,#6934,#6935);
#5830=AXIS2_PLACEMENT_3D('',#8670,#6948,#6949);
#5831=AXIS2_PLACEMENT_3D('',#8671,#6950,#6951);
#5832=AXIS2_PLACEMENT_3D('',#8673,#6952,#6953);
#5833=AXIS2_PLACEMENT_3D('',#8682,#6958,#6959);
#5834=AXIS2_PLACEMENT_3D('',#8688,#6963,#6964);
#5835=AXIS2_PLACEMENT_3D('',#8694,#6968,#6969);
#5836=AXIS2_PLACEMENT_3D('',#8711,#6978,#6979);
#5837=AXIS2_PLACEMENT_3D('',#8721,#6985,#6986);
#5838=AXIS2_PLACEMENT_3D('',#8725,#6989,#6990);
#5839=AXIS2_PLACEMENT_3D('',#8729,#6992,#6993);
#5840=AXIS2_PLACEMENT_3D('',#8730,#6994,#6995);
#5841=AXIS2_PLACEMENT_3D('',#8731,#6996,#6997);
#5842=AXIS2_PLACEMENT_3D('',#8737,#7001,#7002);
#5843=AXIS2_PLACEMENT_3D('',#8741,#7004,#7005);
#5844=AXIS2_PLACEMENT_3D('',#8742,#7006,#7007);
#5845=AXIS2_PLACEMENT_3D('',#8743,#7008,#7009);
#5846=AXIS2_PLACEMENT_3D('',#8751,#7014,#7015);
#5847=AXIS2_PLACEMENT_3D('',#8760,#7021,#7022);
#5848=AXIS2_PLACEMENT_3D('',#8871,#7033,#7034);
#5849=AXIS2_PLACEMENT_3D('',#8968,#7039,#7040);
#5850=AXIS2_PLACEMENT_3D('',#8969,#7041,#7042);
#5851=AXIS2_PLACEMENT_3D('',#8971,#7043,#7044);
#5852=AXIS2_PLACEMENT_3D('',#8989,#7047,#7048);
#5853=AXIS2_PLACEMENT_3D('',#9065,#7065,#7066);
#5854=AXIS2_PLACEMENT_3D('',#9089,#7073,#7074);
#5855=AXIS2_PLACEMENT_3D('',#9093,#7077,#7078);
#5856=AXIS2_PLACEMENT_3D('',#9099,#7082,#7083);
#5857=AXIS2_PLACEMENT_3D('',#9103,#7086,#7087);
#5858=AXIS2_PLACEMENT_3D('',#9107,#7090,#7091);
#5859=AXIS2_PLACEMENT_3D('',#9109,#7093,#7094);
#5860=AXIS2_PLACEMENT_3D('',#9110,#7095,#7096);
#5861=AXIS2_PLACEMENT_3D('',#9121,#7103,#7104);
#5862=AXIS2_PLACEMENT_3D('',#9125,#7107,#7108);
#5863=AXIS2_PLACEMENT_3D('',#9134,#7114,#7115);
#5864=AXIS2_PLACEMENT_3D('',#9136,#7117,#7118);
#5865=AXIS2_PLACEMENT_3D('',#9144,#7122,#7123);
#5866=AXIS2_PLACEMENT_3D('',#9148,#7125,#7126);
#5867=AXIS2_PLACEMENT_3D('',#9149,#7127,#7128);
#5868=AXIS2_PLACEMENT_3D('',#9150,#7129,#7130);
#5869=AXIS2_PLACEMENT_3D('',#9152,#7132,#7133);
#5870=AXIS2_PLACEMENT_3D('',#9153,#7134,#7135);
#5871=AXIS2_PLACEMENT_3D('',#9155,#7137,#7138);
#5872=AXIS2_PLACEMENT_3D('',#9156,#7139,#7140);
#5873=AXIS2_PLACEMENT_3D('',#9157,#7141,#7142);
#5874=AXIS2_PLACEMENT_3D('',#9159,#7144,#7145);
#5875=AXIS2_PLACEMENT_3D('',#9160,#7146,#7147);
#5876=AXIS2_PLACEMENT_3D('',#9162,#7149,#7150);
#5877=AXIS2_PLACEMENT_3D('',#9163,#7151,#7152);
#5878=AXIS2_PLACEMENT_3D('',#9164,#7153,#7154);
#5879=AXIS2_PLACEMENT_3D('',#9166,#7156,#7157);
#5880=AXIS2_PLACEMENT_3D('',#9167,#7158,#7159);
#5881=AXIS2_PLACEMENT_3D('',#9169,#7161,#7162);
#5882=AXIS2_PLACEMENT_3D('',#9170,#7163,#7164);
#5883=AXIS2_PLACEMENT_3D('',#9171,#7165,#7166);
#5884=AXIS2_PLACEMENT_3D('',#9173,#7168,#7169);
#5885=AXIS2_PLACEMENT_3D('',#9174,#7170,#7171);
#5886=AXIS2_PLACEMENT_3D('',#9176,#7173,#7174);
#5887=AXIS2_PLACEMENT_3D('',#9177,#7175,#7176);
#5888=AXIS2_PLACEMENT_3D('',#9180,#7179,#7180);
#5889=AXIS2_PLACEMENT_3D('',#9181,#7181,#7182);
#5890=AXIS2_PLACEMENT_3D('',#9182,#7183,#7184);
#5891=AXIS2_PLACEMENT_3D('',#9185,#7187,#7188);
#5892=AXIS2_PLACEMENT_3D('',#9186,#7189,#7190);
#5893=AXIS2_PLACEMENT_3D('',#9187,#7191,#7192);
#5894=AXIS2_PLACEMENT_3D('',#9190,#7195,#7196);
#5895=AXIS2_PLACEMENT_3D('',#9191,#7197,#7198);
#5896=AXIS2_PLACEMENT_3D('',#9192,#7199,#7200);
#5897=AXIS2_PLACEMENT_3D('',#9194,#7202,#7203);
#5898=AXIS2_PLACEMENT_3D('',#9196,#7205,#7206);
#5899=AXIS2_PLACEMENT_3D('',#9197,#7207,#7208);
#5900=AXIS2_PLACEMENT_3D('',#9198,#7209,#7210);
#5901=AXIS2_PLACEMENT_3D('',#9199,#7211,#7212);
#5902=AXIS2_PLACEMENT_3D('',#9200,#7213,#7214);
#5903=AXIS2_PLACEMENT_3D('',#9201,#7215,#7216);
#5904=AXIS2_PLACEMENT_3D('',#9202,#7217,#7218);
#5905=AXIS2_PLACEMENT_3D('',#9203,#7219,#7220);
#5906=AXIS2_PLACEMENT_3D('',#9204,#7221,#7222);
#5907=AXIS2_PLACEMENT_3D('',#9205,#7223,#7224);
#5908=AXIS2_PLACEMENT_3D('',#9206,#7225,#7226);
#5909=AXIS2_PLACEMENT_3D('',#9207,#7227,#7228);
#5910=AXIS2_PLACEMENT_3D('',#9208,#7229,#7230);
#5911=AXIS2_PLACEMENT_3D('',#9209,#7231,#7232);
#5912=AXIS2_PLACEMENT_3D('',#9210,#7233,#7234);
#5913=AXIS2_PLACEMENT_3D('',#9211,#7235,#7236);
#5914=AXIS2_PLACEMENT_3D('',#9212,#7237,#7238);
#5915=AXIS2_PLACEMENT_3D('',#9213,#7239,#7240);
#5916=AXIS2_PLACEMENT_3D('',#9214,#7241,#7242);
#5917=AXIS2_PLACEMENT_3D('',#9215,#7243,#7244);
#5918=AXIS2_PLACEMENT_3D('',#9216,#7245,#7246);
#5919=AXIS2_PLACEMENT_3D('',#9217,#7247,#7248);
#5920=AXIS2_PLACEMENT_3D('',#9218,#7249,#7250);
#5921=AXIS2_PLACEMENT_3D('',#9219,#7251,#7252);
#5922=AXIS2_PLACEMENT_3D('',#9220,#7253,#7254);
#5923=AXIS2_PLACEMENT_3D('',#9221,#7255,#7256);
#5924=AXIS2_PLACEMENT_3D('',#9323,#7257,#7258);
#5925=AXIS2_PLACEMENT_3D('',#9324,#7259,#7260);
#5926=AXIS2_PLACEMENT_3D('',#9325,#7261,#7262);
#5927=AXIS2_PLACEMENT_3D('',#9460,#7263,#7264);
#5928=AXIS2_PLACEMENT_3D('',#9461,#7265,#7266);
#5929=AXIS2_PLACEMENT_3D('',#9462,#7267,#7268);
#5930=AXIS2_PLACEMENT_3D('',#9463,#7269,#7270);
#5931=AXIS2_PLACEMENT_3D('',#9472,#7275,#7276);
#5932=AXIS2_PLACEMENT_3D('',#9478,#7280,#7281);
#5933=AXIS2_PLACEMENT_3D('',#9484,#7285,#7286);
#5934=AXIS2_PLACEMENT_3D('',#9490,#7290,#7291);
#5935=AXIS2_PLACEMENT_3D('',#9496,#7295,#7296);
#5936=AXIS2_PLACEMENT_3D('',#9502,#7300,#7301);
#5937=AXIS2_PLACEMENT_3D('',#9508,#7305,#7306);
#5938=AXIS2_PLACEMENT_3D('',#9509,#7307,#7308);
#5939=AXIS2_PLACEMENT_3D('',#9513,#7310,#7311);
#5940=AXIS2_PLACEMENT_3D('',#9514,#7312,#7313);
#5941=AXIS2_PLACEMENT_3D('',#9520,#7317,#7318);
#5942=AXIS2_PLACEMENT_3D('',#9521,#7319,#7320);
#5943=AXIS2_PLACEMENT_3D('',#9522,#7321,#7322);
#5944=AXIS2_PLACEMENT_3D('',#9523,#7323,#7324);
#5945=AXIS2_PLACEMENT_3D('',#9524,#7325,#7326);
#5946=AXIS2_PLACEMENT_3D('',#9525,#7327,#7328);
#5947=AXIS2_PLACEMENT_3D('',#9526,#7329,#7330);
#5948=AXIS2_PLACEMENT_3D('',#9535,#7335,#7336);
#5949=AXIS2_PLACEMENT_3D('',#9541,#7340,#7341);
#5950=AXIS2_PLACEMENT_3D('',#9547,#7345,#7346);
#5951=AXIS2_PLACEMENT_3D('',#9553,#7350,#7351);
#5952=AXIS2_PLACEMENT_3D('',#9559,#7355,#7356);
#5953=AXIS2_PLACEMENT_3D('',#9565,#7360,#7361);
#5954=AXIS2_PLACEMENT_3D('',#9571,#7365,#7366);
#5955=AXIS2_PLACEMENT_3D('',#9577,#7370,#7371);
#5956=AXIS2_PLACEMENT_3D('',#9604,#7376,#7377);
#5957=AXIS2_PLACEMENT_3D('',#9610,#7381,#7382);
#5958=AXIS2_PLACEMENT_3D('',#9613,#7385,#7386);
#5959=AXIS2_PLACEMENT_3D('',#9614,#7387,#7388);
#5960=AXIS2_PLACEMENT_3D('',#9615,#7389,#7390);
#5961=DIRECTION('',(0.,0.,1.));
#5962=DIRECTION('',(1.,0.,0.));
#5963=DIRECTION('',(0.,0.,1.));
#5964=DIRECTION('',(1.,0.,0.));
#5965=DIRECTION('',(0.,-1.,0.));
#5966=DIRECTION('',(1.,0.,0.));
#5967=DIRECTION('',(0.,-1.,0.));
#5968=DIRECTION('',(1.,0.,0.));
#5969=DIRECTION('',(-0.840662793156442,-0.541558924035426,0.));
#5970=DIRECTION('',(-0.295877694949224,0.955225831744271,0.));
#5971=DIRECTION('',(0.,0.,1.));
#5972=DIRECTION('',(1.,0.,0.));
#5973=DIRECTION('',(-0.975188684116271,-0.221375315632923,0.));
#5974=DIRECTION('',(0.0486723892826263,0.998814796907575,0.));
#5975=DIRECTION('',(0.,0.,1.));
#5976=DIRECTION('',(1.,0.,0.));
#5977=DIRECTION('',(-0.992092427519517,0.125509422986607,0.));
#5978=DIRECTION('',(0.387351865039031,0.921931956627378,0.));
#5979=DIRECTION('',(0.,0.,1.));
#5980=DIRECTION('',(1.,0.,0.));
#5981=DIRECTION('',(-0.889335182439068,0.457255872872149,0.));
#5982=DIRECTION('',(0.679310989167046,0.733850516111346,0.));
#5983=DIRECTION('',(0.,0.,1.));
#5984=DIRECTION('',(1.,0.,0.));
#5985=DIRECTION('',(-0.679310989167046,0.733850516111347,0.));
#5986=DIRECTION('',(0.889335182439068,0.457255872872148,0.));
#5987=DIRECTION('',(0.,0.,1.));
#5988=DIRECTION('',(1.,0.,0.));
#5989=DIRECTION('',(-0.38735186503903,0.921931956627378,0.));
#5990=DIRECTION('',(0.992092427519518,0.125509422986607,0.));
#5991=DIRECTION('',(0.,0.,1.));
#5992=DIRECTION('',(1.,0.,0.));
#5993=DIRECTION('',(-0.0486723892826257,0.998814796907575,0.));
#5994=DIRECTION('',(0.975188684116271,-0.221375315632924,0.));
#5995=DIRECTION('',(0.,0.,1.));
#5996=DIRECTION('',(1.,0.,0.));
#5997=DIRECTION('',(0.295877694949225,0.955225831744271,0.));
#5998=DIRECTION('',(0.840662793156442,-0.541558924035427,0.));
#5999=DIRECTION('',(0.,0.,1.));
#6000=DIRECTION('',(1.,0.,0.));
#6001=DIRECTION('',(0.604740562480488,0.79642253364077,0.));
#6002=DIRECTION('',(0.604740562480487,-0.79642253364077,0.));
#6003=DIRECTION('',(0.,0.,1.));
#6004=DIRECTION('',(1.,0.,0.));
#6005=DIRECTION('',(0.840662793156442,0.541558924035427,0.));
#6006=DIRECTION('',(0.295877694949225,-0.955225831744271,0.));
#6007=DIRECTION('',(0.,0.,1.));
#6008=DIRECTION('',(1.,0.,0.));
#6009=DIRECTION('',(0.975188684116271,0.221375315632923,0.));
#6010=DIRECTION('',(-0.0486723892826261,-0.998814796907575,0.));
#6011=DIRECTION('',(0.,0.,1.));
#6012=DIRECTION('',(1.,0.,0.));
#6013=DIRECTION('',(0.992092427519517,-0.125509422986608,0.));
#6014=DIRECTION('',(-0.387351865039031,-0.921931956627378,0.));
#6015=DIRECTION('',(0.,0.,1.));
#6016=DIRECTION('',(1.,0.,0.));
#6017=DIRECTION('',(0.889335182439068,-0.457255872872148,0.));
#6018=DIRECTION('',(-0.679310989167046,-0.733850516111347,0.));
#6019=DIRECTION('',(0.,0.,1.));
#6020=DIRECTION('',(1.,0.,0.));
#6021=DIRECTION('',(0.679310989167046,-0.733850516111347,0.));
#6022=DIRECTION('',(-0.889335182439068,-0.457255872872148,0.));
#6023=DIRECTION('',(0.,0.,1.));
#6024=DIRECTION('',(1.,0.,0.));
#6025=DIRECTION('',(0.38735186503903,-0.921931956627378,0.));
#6026=DIRECTION('',(-0.992092427519517,-0.125509422986607,0.));
#6027=DIRECTION('',(0.,0.,1.));
#6028=DIRECTION('',(1.,0.,0.));
#6029=DIRECTION('',(0.0486723892826257,-0.998814796907575,0.));
#6030=DIRECTION('',(-0.975188684116271,0.221375315632924,0.));
#6031=DIRECTION('',(0.,0.,1.));
#6032=DIRECTION('',(1.,0.,0.));
#6033=DIRECTION('',(-0.295877694949225,-0.95522583174427,0.));
#6034=DIRECTION('',(-0.840662793156442,0.541558924035427,0.));
#6035=DIRECTION('',(0.,0.,1.));
#6036=DIRECTION('',(1.,0.,0.));
#6037=DIRECTION('',(0.604740562480487,0.79642253364077,0.));
#6038=DIRECTION('',(0.604740562480487,-0.79642253364077,0.));
#6039=DIRECTION('',(0.,0.,1.));
#6040=DIRECTION('',(1.,0.,0.));
#6041=DIRECTION('',(0.,0.,-1.));
#6042=DIRECTION('',(-1.,0.,0.));
#6043=DIRECTION('',(0.,0.,-1.));
#6044=DIRECTION('',(0.,0.,1.));
#6045=DIRECTION('',(1.,0.,0.));
#6046=DIRECTION('',(0.,0.,-1.));
#6047=DIRECTION('',(0.,0.,-1.));
#6048=DIRECTION('',(-1.,0.,0.));
#6049=DIRECTION('',(0.,0.,-1.));
#6050=DIRECTION('',(0.,0.,1.));
#6051=DIRECTION('',(1.,0.,0.));
#6052=DIRECTION('',(0.,0.,-1.));
#6053=DIRECTION('',(0.,0.,-1.));
#6054=DIRECTION('',(-1.,0.,0.));
#6055=DIRECTION('',(0.,0.,-1.));
#6056=DIRECTION('',(0.,0.,1.));
#6057=DIRECTION('',(1.,0.,0.));
#6058=DIRECTION('',(0.,0.,-1.));
#6059=DIRECTION('',(0.,0.,-1.));
#6060=DIRECTION('',(-1.,0.,0.));
#6061=DIRECTION('',(0.,0.,-1.));
#6062=DIRECTION('',(0.,0.,1.));
#6063=DIRECTION('',(1.,0.,0.));
#6064=DIRECTION('',(0.,0.,-1.));
#6065=DIRECTION('',(0.,0.,-1.));
#6066=DIRECTION('',(-1.,0.,0.));
#6067=DIRECTION('',(0.,0.,-1.));
#6068=DIRECTION('',(0.,0.,1.));
#6069=DIRECTION('',(1.,0.,0.));
#6070=DIRECTION('',(0.,0.,-1.));
#6071=DIRECTION('',(0.,0.,-1.));
#6072=DIRECTION('',(-1.,0.,0.));
#6073=DIRECTION('',(0.,0.,-1.));
#6074=DIRECTION('',(0.,0.,1.));
#6075=DIRECTION('',(1.,0.,0.));
#6076=DIRECTION('',(0.,0.,-1.));
#6077=DIRECTION('',(0.,0.,-1.));
#6078=DIRECTION('',(-1.,0.,0.));
#6079=DIRECTION('',(0.,0.,-1.));
#6080=DIRECTION('',(0.,0.,1.));
#6081=DIRECTION('',(1.,0.,0.));
#6082=DIRECTION('',(0.,0.,-1.));
#6083=DIRECTION('',(0.,0.,-1.));
#6084=DIRECTION('',(-1.,0.,0.));
#6085=DIRECTION('',(0.,0.,-1.));
#6086=DIRECTION('',(0.,0.,1.));
#6087=DIRECTION('',(1.,0.,0.));
#6088=DIRECTION('',(0.,0.,-1.));
#6089=DIRECTION('',(0.,0.,-1.));
#6090=DIRECTION('',(-1.,0.,0.));
#6091=DIRECTION('',(0.,0.,-1.));
#6092=DIRECTION('',(0.,0.,1.));
#6093=DIRECTION('',(1.,0.,0.));
#6094=DIRECTION('',(0.,0.,-1.));
#6095=DIRECTION('',(0.,0.,-1.));
#6096=DIRECTION('',(-1.,0.,0.));
#6097=DIRECTION('',(0.,0.,-1.));
#6098=DIRECTION('',(0.,0.,1.));
#6099=DIRECTION('',(1.,0.,0.));
#6100=DIRECTION('',(0.,0.,-1.));
#6101=DIRECTION('',(0.,0.,-1.));
#6102=DIRECTION('',(-1.,0.,0.));
#6103=DIRECTION('',(0.,0.,-1.));
#6104=DIRECTION('',(0.,0.,1.));
#6105=DIRECTION('',(1.,0.,0.));
#6106=DIRECTION('',(0.,0.,-1.));
#6107=DIRECTION('',(0.,0.,-1.));
#6108=DIRECTION('',(-1.,0.,0.));
#6109=DIRECTION('',(0.,0.,-1.));
#6110=DIRECTION('',(0.,0.,1.));
#6111=DIRECTION('',(1.,0.,0.));
#6112=DIRECTION('',(0.,0.,-1.));
#6113=DIRECTION('',(0.,0.,-1.));
#6114=DIRECTION('',(-1.,0.,0.));
#6115=DIRECTION('',(0.,0.,-1.));
#6116=DIRECTION('',(0.,0.,1.));
#6117=DIRECTION('',(1.,0.,0.));
#6118=DIRECTION('',(0.,0.,-1.));
#6119=DIRECTION('',(0.,0.,-1.));
#6120=DIRECTION('',(-1.,0.,0.));
#6121=DIRECTION('',(0.,0.,-1.));
#6122=DIRECTION('',(0.,0.,1.));
#6123=DIRECTION('',(1.,0.,0.));
#6124=DIRECTION('',(0.,0.,-1.));
#6125=DIRECTION('',(0.,0.,-1.));
#6126=DIRECTION('',(-1.,0.,0.));
#6127=DIRECTION('',(0.,0.,-1.));
#6128=DIRECTION('',(0.,0.,1.));
#6129=DIRECTION('',(1.,0.,0.));
#6130=DIRECTION('',(0.,0.,-1.));
#6131=DIRECTION('',(0.,0.,-1.));
#6132=DIRECTION('',(-1.,0.,0.));
#6133=DIRECTION('',(0.,0.,-1.));
#6134=DIRECTION('',(0.,0.,1.));
#6135=DIRECTION('',(1.,0.,0.));
#6136=DIRECTION('',(0.,0.,-1.));
#6137=DIRECTION('',(0.,0.,-1.));
#6138=DIRECTION('',(-1.,0.,0.));
#6139=DIRECTION('',(0.,0.,-1.));
#6140=DIRECTION('',(0.,0.,1.));
#6141=DIRECTION('',(1.,0.,0.));
#6142=DIRECTION('',(0.,0.,-1.));
#6143=DIRECTION('',(0.,0.,-1.));
#6144=DIRECTION('',(-1.,0.,0.));
#6145=DIRECTION('',(0.,0.,1.));
#6146=DIRECTION('',(1.,0.,0.));
#6147=DIRECTION('',(0.,0.,-1.));
#6148=DIRECTION('',(0.,0.,-1.));
#6149=DIRECTION('',(0.,1.,0.));
#6150=DIRECTION('',(0.,0.,1.));
#6151=DIRECTION('',(1.,0.,0.));
#6152=DIRECTION('',(0.,0.,-1.));
#6153=DIRECTION('',(1.,0.,0.));
#6154=DIRECTION('',(0.,0.,-1.));
#6155=DIRECTION('',(1.,0.,0.));
#6156=DIRECTION('',(0.,0.,-1.));
#6157=DIRECTION('',(0.,-1.,0.));
#6158=DIRECTION('',(0.,0.,-1.));
#6159=DIRECTION('',(0.,-1.,0.));
#6160=DIRECTION('',(0.,0.,-1.));
#6161=DIRECTION('',(0.,1.,0.));
#6162=DIRECTION('',(0.,0.,1.));
#6163=DIRECTION('',(1.,0.,0.));
#6164=DIRECTION('',(0.,0.,-1.));
#6165=DIRECTION('',(1.,0.,0.));
#6166=DIRECTION('',(0.,0.,-1.));
#6167=DIRECTION('',(1.,0.,0.));
#6168=DIRECTION('',(0.,0.,-1.));
#6169=DIRECTION('',(0.,-1.,0.));
#6170=DIRECTION('',(0.,0.,-1.));
#6171=DIRECTION('',(0.,-1.,0.));
#6172=DIRECTION('',(0.,0.,-1.));
#6173=DIRECTION('',(0.,0.,1.));
#6174=DIRECTION('',(1.,0.,0.));
#6175=DIRECTION('',(1.,0.,0.));
#6176=DIRECTION('',(0.,-1.,0.));
#6177=DIRECTION('',(1.,0.,0.));
#6178=DIRECTION('',(0.,-1.,0.));
#6179=DIRECTION('',(-1.,0.,0.));
#6180=DIRECTION('',(0.,1.,0.));
#6181=DIRECTION('',(-1.,0.,0.));
#6182=DIRECTION('',(0.,1.,0.));
#6183=DIRECTION('',(0.,0.,1.));
#6184=DIRECTION('',(1.,0.,0.));
#6185=DIRECTION('',(0.,0.,1.));
#6186=DIRECTION('',(1.,0.,0.));
#6187=DIRECTION('',(0.,0.,1.));
#6188=DIRECTION('',(1.,0.,0.));
#6189=DIRECTION('',(0.,0.,1.));
#6190=DIRECTION('',(1.,0.,0.));
#6191=DIRECTION('',(0.,0.,1.));
#6192=DIRECTION('',(1.,0.,0.));
#6193=DIRECTION('',(0.,1.,0.));
#6194=DIRECTION('',(0.,0.,1.));
#6195=DIRECTION('',(0.,0.,-1.));
#6196=DIRECTION('',(1.,0.,0.));
#6197=DIRECTION('',(0.,0.,-1.));
#6198=DIRECTION('',(1.,0.,0.));
#6199=DIRECTION('',(0.,0.,-1.));
#6200=DIRECTION('',(0.,0.,-1.));
#6201=DIRECTION('',(0.,-1.,0.));
#6202=DIRECTION('',(0.,1.,0.));
#6203=DIRECTION('',(0.,0.,1.));
#6204=DIRECTION('',(0.,0.,-1.));
#6205=DIRECTION('',(1.,0.,0.));
#6206=DIRECTION('',(1.,0.,0.));
#6207=DIRECTION('',(0.,0.,-1.));
#6208=DIRECTION('',(1.,0.,0.));
#6209=DIRECTION('',(0.,0.,-1.));
#6210=DIRECTION('',(1.,0.,0.));
#6211=DIRECTION('',(0.,0.,-1.));
#6212=DIRECTION('',(0.,0.,1.));
#6213=DIRECTION('',(1.,0.,0.));
#6214=DIRECTION('',(0.840662793156442,-0.541558924035427,0.));
#6215=DIRECTION('',(0.295877694949225,0.955225831744271,0.));
#6216=DIRECTION('',(0.97518868411627,-0.221375315632924,0.));
#6217=DIRECTION('',(-0.0486723892826256,0.998814796907575,0.));
#6218=DIRECTION('',(0.992092427519517,0.125509422986607,0.));
#6219=DIRECTION('',(-0.38735186503903,0.921931956627378,0.));
#6220=DIRECTION('',(0.889335182439068,0.457255872872148,0.));
#6221=DIRECTION('',(-0.679310989167046,0.733850516111347,0.));
#6222=DIRECTION('',(0.679310989167046,0.733850516111347,0.));
#6223=DIRECTION('',(-0.889335182439068,0.457255872872148,0.));
#6224=DIRECTION('',(0.387351865039031,0.921931956627377,0.));
#6225=DIRECTION('',(-0.992092427519517,0.125509422986608,0.));
#6226=DIRECTION('',(0.0486723892826261,0.998814796907575,0.));
#6227=DIRECTION('',(-0.975188684116271,-0.221375315632923,0.));
#6228=DIRECTION('',(-0.295877694949225,0.955225831744271,0.));
#6229=DIRECTION('',(-0.840662793156442,-0.541558924035427,0.));
#6230=DIRECTION('',(-0.604740562480487,0.79642253364077,0.));
#6231=DIRECTION('',(-0.604740562480488,-0.79642253364077,0.));
#6232=DIRECTION('',(-0.840662793156442,0.541558924035427,0.));
#6233=DIRECTION('',(-0.295877694949225,-0.95522583174427,0.));
#6234=DIRECTION('',(-0.975188684116271,0.221375315632924,0.));
#6235=DIRECTION('',(0.0486723892826257,-0.998814796907575,0.));
#6236=DIRECTION('',(-0.992092427519517,-0.125509422986607,0.));
#6237=DIRECTION('',(0.38735186503903,-0.921931956627378,0.));
#6238=DIRECTION('',(-0.889335182439068,-0.457255872872148,0.));
#6239=DIRECTION('',(0.679310989167046,-0.733850516111347,0.));
#6240=DIRECTION('',(-0.679310989167046,-0.733850516111346,0.));
#6241=DIRECTION('',(0.889335182439068,-0.457255872872149,0.));
#6242=DIRECTION('',(-0.38735186503903,-0.921931956627378,0.));
#6243=DIRECTION('',(0.992092427519517,-0.125509422986607,0.));
#6244=DIRECTION('',(-0.0486723892826263,-0.998814796907575,0.));
#6245=DIRECTION('',(0.975188684116271,0.221375315632923,0.));
#6246=DIRECTION('',(0.295877694949224,-0.955225831744271,0.));
#6247=DIRECTION('',(0.840662793156442,0.541558924035426,0.));
#6248=DIRECTION('',(0.604740562480487,-0.79642253364077,0.));
#6249=DIRECTION('',(0.604740562480487,0.79642253364077,0.));
#6250=DIRECTION('',(0.,0.,-1.));
#6251=DIRECTION('',(-1.,0.,0.));
#6252=DIRECTION('',(0.,0.,1.));
#6253=DIRECTION('',(1.,0.,0.));
#6254=DIRECTION('',(0.,-1.,0.));
#6255=DIRECTION('',(0.,0.,-1.));
#6256=DIRECTION('',(0.,-1.,0.));
#6257=DIRECTION('',(0.,0.,-1.));
#6258=DIRECTION('',(-1.,0.,0.));
#6259=DIRECTION('',(0.,0.,1.));
#6260=DIRECTION('',(0.,0.,1.));
#6261=DIRECTION('',(1.,0.,0.));
#6262=DIRECTION('',(0.,0.,1.));
#6263=DIRECTION('',(1.,0.,0.));
#6264=DIRECTION('',(-1.,0.,0.));
#6265=DIRECTION('',(0.,0.,1.));
#6266=DIRECTION('',(1.,0.,0.));
#6267=DIRECTION('',(0.,0.,-1.));
#6268=DIRECTION('',(0.,1.,0.));
#6269=DIRECTION('',(0.,0.,1.));
#6270=DIRECTION('',(0.,1.,0.));
#6271=DIRECTION('',(0.,0.,1.));
#6272=DIRECTION('',(0.,0.,1.));
#6273=DIRECTION('',(1.,0.,0.));
#6274=DIRECTION('',(0.,0.,1.));
#6275=DIRECTION('',(1.,0.,0.));
#6276=DIRECTION('',(0.,-1.,0.));
#6277=DIRECTION('',(0.,0.,-1.));
#6278=DIRECTION('',(0.,-1.,0.));
#6279=DIRECTION('',(0.,0.,-1.));
#6280=DIRECTION('',(-1.,0.,0.));
#6281=DIRECTION('',(0.,0.,1.));
#6282=DIRECTION('',(-1.,0.,0.));
#6283=DIRECTION('',(0.,0.,1.));
#6284=DIRECTION('',(0.,-1.,0.));
#6285=DIRECTION('',(0.,0.,-1.));
#6286=DIRECTION('',(0.,1.,0.));
#6287=DIRECTION('',(0.,0.,1.));
#6288=DIRECTION('',(1.,0.,0.));
#6289=DIRECTION('',(0.,0.,-1.));
#6290=DIRECTION('',(1.,0.,0.));
#6291=DIRECTION('',(0.,0.,-1.));
#6292=DIRECTION('',(0.,0.,1.));
#6293=DIRECTION('',(1.,0.,0.));
#6294=DIRECTION('',(0.,0.,1.));
#6295=DIRECTION('',(1.,0.,0.));
#6296=DIRECTION('',(0.,0.,-1.));
#6297=DIRECTION('',(-1.,0.,0.));
#6298=DIRECTION('',(1.,0.,0.));
#6299=DIRECTION('',(0.,0.,-1.));
#6300=DIRECTION('',(0.707106781186548,0.707106781186548,0.));
#6301=DIRECTION('',(0.707106781186548,-0.707106781186548,0.));
#6302=DIRECTION('',(-1.,0.,0.));
#6303=DIRECTION('',(0.,0.,1.));
#6304=DIRECTION('',(-0.707106781186548,0.707106781186548,0.));
#6305=DIRECTION('',(-0.707106781186548,-0.707106781186548,0.));
#6306=DIRECTION('',(0.,1.,0.));
#6307=DIRECTION('',(0.,0.,1.));
#6308=DIRECTION('',(-0.79642253364077,0.604740562480487,0.));
#6309=DIRECTION('',(-0.604740562480487,-0.79642253364077,0.));
#6310=DIRECTION('',(0.,0.,-1.));
#6311=DIRECTION('',(0.79642253364077,0.604740562480487,0.));
#6312=DIRECTION('',(-0.604740562480487,0.79642253364077,0.));
#6313=DIRECTION('',(0.541558924035427,0.840662793156442,0.));
#6314=DIRECTION('',(-0.840662793156442,0.541558924035427,0.));
#6315=DIRECTION('',(0.,0.,-1.));
#6316=DIRECTION('',(-0.95522583174427,0.295877694949225,0.));
#6317=DIRECTION('',(-0.295877694949225,-0.95522583174427,0.));
#6318=DIRECTION('',(0.221375315632924,0.97518868411627,0.));
#6319=DIRECTION('',(-0.975188684116271,0.221375315632924,0.));
#6320=DIRECTION('',(0.,0.,-1.));
#6321=DIRECTION('',(-0.998814796907575,-0.0486723892826256,0.));
#6322=DIRECTION('',(0.0486723892826257,-0.998814796907575,0.));
#6323=DIRECTION('',(-0.125509422986607,0.992092427519517,0.));
#6324=DIRECTION('',(-0.992092427519517,-0.125509422986607,0.));
#6325=DIRECTION('',(0.,0.,-1.));
#6326=DIRECTION('',(-0.921931956627378,-0.38735186503903,0.));
#6327=DIRECTION('',(0.38735186503903,-0.921931956627378,0.));
#6328=DIRECTION('',(-0.457255872872148,0.889335182439068,0.));
#6329=DIRECTION('',(-0.889335182439068,-0.457255872872148,0.));
#6330=DIRECTION('',(0.,0.,-1.));
#6331=DIRECTION('',(-0.733850516111347,-0.679310989167046,0.));
#6332=DIRECTION('',(0.679310989167046,-0.733850516111347,0.));
#6333=DIRECTION('',(-0.733850516111347,0.679310989167046,0.));
#6334=DIRECTION('',(-0.679310989167046,-0.733850516111347,0.));
#6335=DIRECTION('',(0.,0.,-1.));
#6336=DIRECTION('',(-0.457255872872148,-0.889335182439068,0.));
#6337=DIRECTION('',(0.889335182439068,-0.457255872872148,0.));
#6338=DIRECTION('',(-0.921931956627378,0.387351865039031,0.));
#6339=DIRECTION('',(-0.387351865039031,-0.921931956627378,0.));
#6340=DIRECTION('',(0.,0.,-1.));
#6341=DIRECTION('',(-0.125509422986608,-0.992092427519517,0.));
#6342=DIRECTION('',(0.992092427519517,-0.125509422986608,0.));
#6343=DIRECTION('',(-0.998814796907575,0.0486723892826261,0.));
#6344=DIRECTION('',(-0.0486723892826261,-0.998814796907575,0.));
#6345=DIRECTION('',(0.,0.,-1.));
#6346=DIRECTION('',(0.221375315632923,-0.975188684116271,0.));
#6347=DIRECTION('',(0.975188684116271,0.221375315632923,0.));
#6348=DIRECTION('',(-0.955225831744271,-0.295877694949225,0.));
#6349=DIRECTION('',(0.295877694949225,-0.955225831744271,0.));
#6350=DIRECTION('',(0.,0.,-1.));
#6351=DIRECTION('',(0.541558924035427,-0.840662793156442,0.));
#6352=DIRECTION('',(0.840662793156442,0.541558924035427,0.));
#6353=DIRECTION('',(-0.79642253364077,-0.604740562480487,0.));
#6354=DIRECTION('',(0.604740562480487,-0.79642253364077,0.));
#6355=DIRECTION('',(0.,0.,-1.));
#6356=DIRECTION('',(0.79642253364077,-0.604740562480488,0.));
#6357=DIRECTION('',(0.604740562480488,0.79642253364077,0.));
#6358=DIRECTION('',(-0.541558924035427,-0.840662793156442,0.));
#6359=DIRECTION('',(0.840662793156442,-0.541558924035427,0.));
#6360=DIRECTION('',(0.,0.,-1.));
#6361=DIRECTION('',(0.955225831744271,-0.295877694949225,0.));
#6362=DIRECTION('',(0.295877694949225,0.955225831744271,0.));
#6363=DIRECTION('',(-0.221375315632924,-0.975188684116271,0.));
#6364=DIRECTION('',(0.975188684116271,-0.221375315632924,0.));
#6365=DIRECTION('',(0.,0.,-1.));
#6366=DIRECTION('',(0.998814796907575,0.0486723892826257,0.));
#6367=DIRECTION('',(-0.0486723892826257,0.998814796907575,0.));
#6368=DIRECTION('',(0.125509422986607,-0.992092427519517,0.));
#6369=DIRECTION('',(0.992092427519518,0.125509422986607,0.));
#6370=DIRECTION('',(0.,0.,-1.));
#6371=DIRECTION('',(0.921931956627378,0.38735186503903,0.));
#6372=DIRECTION('',(-0.38735186503903,0.921931956627378,0.));
#6373=DIRECTION('',(0.457255872872148,-0.889335182439068,0.));
#6374=DIRECTION('',(0.889335182439068,0.457255872872148,0.));
#6375=DIRECTION('',(0.,0.,-1.));
#6376=DIRECTION('',(0.733850516111347,0.679310989167046,0.));
#6377=DIRECTION('',(-0.679310989167046,0.733850516111347,0.));
#6378=DIRECTION('',(0.733850516111346,-0.679310989167046,0.));
#6379=DIRECTION('',(0.679310989167046,0.733850516111346,0.));
#6380=DIRECTION('',(0.,0.,-1.));
#6381=DIRECTION('',(0.457255872872149,0.889335182439068,0.));
#6382=DIRECTION('',(-0.889335182439068,0.457255872872149,0.));
#6383=DIRECTION('',(0.921931956627378,-0.38735186503903,0.));
#6384=DIRECTION('',(0.387351865039031,0.921931956627378,0.));
#6385=DIRECTION('',(0.,0.,-1.));
#6386=DIRECTION('',(0.125509422986607,0.992092427519517,0.));
#6387=DIRECTION('',(-0.992092427519517,0.125509422986607,0.));
#6388=DIRECTION('',(0.998814796907575,-0.0486723892826263,0.));
#6389=DIRECTION('',(0.0486723892826263,0.998814796907575,0.));
#6390=DIRECTION('',(0.,0.,-1.));
#6391=DIRECTION('',(-0.221375315632923,0.975188684116271,0.));
#6392=DIRECTION('',(-0.975188684116271,-0.221375315632923,0.));
#6393=DIRECTION('',(0.955225831744271,0.295877694949224,0.));
#6394=DIRECTION('',(-0.295877694949224,0.955225831744271,0.));
#6395=DIRECTION('',(0.,0.,-1.));
#6396=DIRECTION('',(-0.541558924035426,0.840662793156442,0.));
#6397=DIRECTION('',(-0.840662793156442,-0.541558924035426,0.));
#6398=DIRECTION('',(4.98732103635769E-9,2.74302668345702E-8,1.));
#6399=DIRECTION('',(0.999999970430007,0.000243187142187318,-4.99399157708358E-9));
#6400=DIRECTION('',(0.974177243509096,0.225784627973253,0.));
#6401=DIRECTION('',(-0.225784627973253,0.974177243509096,0.));
#6402=DIRECTION('',(0.225784627973253,-0.974177243509096,0.));
#6403=DIRECTION('',(0.,0.,-1.));
#6404=DIRECTION('',(0.225784627973253,-0.974177243509096,0.));
#6405=DIRECTION('',(0.,0.,-1.));
#6406=DIRECTION('',(0.,-1.,0.));
#6407=DIRECTION('',(0.,0.,-1.));
#6408=DIRECTION('',(-1.,0.,0.));
#6409=DIRECTION('',(0.,0.,-1.));
#6410=DIRECTION('',(-1.,0.,0.));
#6411=DIRECTION('',(0.,0.,-1.));
#6412=DIRECTION('',(0.,1.,0.));
#6413=DIRECTION('',(0.,0.,1.));
#6414=DIRECTION('',(1.,0.,0.));
#6415=DIRECTION('',(0.,0.,-1.));
#6416=DIRECTION('',(1.,0.,0.));
#6417=DIRECTION('',(0.972762645914396,-0.231803439822671,0.));
#6418=DIRECTION('',(0.231803439822671,0.972762645914396,0.));
#6419=DIRECTION('',(-0.231803439822671,-0.972762645914396,0.));
#6420=DIRECTION('',(0.,0.,-1.));
#6421=DIRECTION('',(-0.231803439822671,-0.972762645914396,0.));
#6422=DIRECTION('',(0.,1.,0.));
#6423=DIRECTION('',(0.,0.,1.));
#6424=DIRECTION('',(1.,0.,0.));
#6425=DIRECTION('',(0.,0.,-1.));
#6426=DIRECTION('',(1.,0.,0.));
#6427=DIRECTION('',(0.972890430020419,0.231266537083696,0.));
#6428=DIRECTION('',(-0.231266537083696,0.972890430020419,0.));
#6429=DIRECTION('',(0.231266537083696,-0.972890430020419,0.));
#6430=DIRECTION('',(0.,0.,-1.));
#6431=DIRECTION('',(0.231266537083696,-0.972890430020419,0.));
#6432=DIRECTION('',(0.,1.,0.));
#6433=DIRECTION('',(0.,0.,1.));
#6434=DIRECTION('',(1.,0.,0.));
#6435=DIRECTION('',(0.,0.,-1.));
#6436=DIRECTION('',(1.,0.,0.));
#6437=DIRECTION('',(-1.,-1.92747052886312E-16,0.));
#6438=DIRECTION('',(1.92747052886312E-16,-1.,0.));
#6439=DIRECTION('',(-1.92747052886312E-16,1.,0.));
#6440=DIRECTION('',(0.,0.,-1.));
#6441=DIRECTION('',(-1.92747052886312E-16,1.,0.));
#6442=DIRECTION('',(0.,-1.,0.));
#6443=DIRECTION('',(0.,0.,-1.));
#6444=DIRECTION('',(-1.,0.,0.));
#6445=DIRECTION('',(0.,0.,-1.));
#6446=DIRECTION('',(-1.,0.,0.));
#6447=DIRECTION('',(0.974025974025974,-0.226436308755359,0.));
#6448=DIRECTION('',(0.226436308755359,0.974025974025974,0.));
#6449=DIRECTION('',(-0.226436308755359,-0.974025974025974,0.));
#6450=DIRECTION('',(0.,0.,-1.));
#6451=DIRECTION('',(-0.226436308755359,-0.974025974025974,0.));
#6452=DIRECTION('',(0.,-1.,0.));
#6453=DIRECTION('',(0.,0.,-1.));
#6454=DIRECTION('',(-1.,0.,0.));
#6455=DIRECTION('',(-1.,0.,0.));
#6456=DIRECTION('',(0.,0.,1.));
#6457=DIRECTION('',(1.,0.,0.));
#6458=DIRECTION('',(0.,0.,1.));
#6459=DIRECTION('',(1.,0.,0.));
#6460=DIRECTION('',(4.98732103635769E-9,2.74302668345702E-8,1.));
#6461=DIRECTION('',(0.999999970430621,0.000243184614602921,-4.99399150775433E-9));
#6462=DIRECTION('',(0.,0.,-1.));
#6463=DIRECTION('',(-1.,0.,0.));
#6464=DIRECTION('',(0.,0.,1.));
#6465=DIRECTION('',(1.,0.,0.));
#6466=DIRECTION('',(0.,0.,-1.));
#6467=DIRECTION('',(0.,0.,1.));
#6468=DIRECTION('',(1.,0.,0.));
#6469=DIRECTION('',(0.,0.,-1.));
#6470=DIRECTION('',(0.,0.,-1.));
#6471=DIRECTION('',(-1.,0.,0.));
#6472=DIRECTION('',(0.,0.,-1.));
#6473=DIRECTION('',(0.,0.,1.));
#6474=DIRECTION('',(1.,0.,0.));
#6475=DIRECTION('',(0.,0.,-1.));
#6476=DIRECTION('',(0.,0.,1.));
#6477=DIRECTION('',(1.,0.,0.));
#6478=DIRECTION('',(0.,0.,-1.));
#6479=DIRECTION('',(-1.,0.,0.));
#6480=DIRECTION('',(0.,0.,-1.));
#6481=DIRECTION('',(0.,0.,1.));
#6482=DIRECTION('',(1.,0.,0.));
#6483=DIRECTION('',(0.,0.,-1.));
#6484=DIRECTION('',(0.,0.,1.));
#6485=DIRECTION('',(1.,0.,0.));
#6486=DIRECTION('',(0.,0.,-1.));
#6487=DIRECTION('',(-1.,0.,0.));
#6488=DIRECTION('',(0.,0.,-1.));
#6489=DIRECTION('',(0.,0.,1.));
#6490=DIRECTION('',(1.,0.,0.));
#6491=DIRECTION('',(0.,0.,-1.));
#6492=DIRECTION('',(0.,0.,1.));
#6493=DIRECTION('',(1.,0.,0.));
#6494=DIRECTION('',(0.,0.,-1.));
#6495=DIRECTION('',(-1.,0.,0.));
#6496=DIRECTION('',(0.,0.,-1.));
#6497=DIRECTION('',(0.,0.,1.));
#6498=DIRECTION('',(1.,0.,0.));
#6499=DIRECTION('',(0.,0.,-1.));
#6500=DIRECTION('',(0.,0.,1.));
#6501=DIRECTION('',(1.,0.,0.));
#6502=DIRECTION('',(0.,0.,-1.));
#6503=DIRECTION('',(-1.,0.,0.));
#6504=DIRECTION('',(0.,0.,-1.));
#6505=DIRECTION('',(0.,0.,1.));
#6506=DIRECTION('',(1.,0.,0.));
#6507=DIRECTION('',(0.,0.,-1.));
#6508=DIRECTION('',(0.,0.,1.));
#6509=DIRECTION('',(1.,0.,0.));
#6510=DIRECTION('',(0.,0.,-1.));
#6511=DIRECTION('',(-1.,0.,0.));
#6512=DIRECTION('',(0.,0.,-1.));
#6513=DIRECTION('',(0.,0.,1.));
#6514=DIRECTION('',(1.,0.,0.));
#6515=DIRECTION('',(0.,0.,-1.));
#6516=DIRECTION('',(0.,0.,1.));
#6517=DIRECTION('',(1.,0.,0.));
#6518=DIRECTION('',(0.,0.,-1.));
#6519=DIRECTION('',(-1.,0.,0.));
#6520=DIRECTION('',(0.,0.,-1.));
#6521=DIRECTION('',(0.,0.,1.));
#6522=DIRECTION('',(1.,0.,0.));
#6523=DIRECTION('',(0.,0.,-1.));
#6524=DIRECTION('',(0.,0.,1.));
#6525=DIRECTION('',(1.,0.,0.));
#6526=DIRECTION('',(0.,0.,-1.));
#6527=DIRECTION('',(-1.,0.,0.));
#6528=DIRECTION('',(0.,0.,-1.));
#6529=DIRECTION('',(0.,0.,1.));
#6530=DIRECTION('',(1.,0.,0.));
#6531=DIRECTION('',(0.,0.,-1.));
#6532=DIRECTION('',(0.,0.,1.));
#6533=DIRECTION('',(1.,0.,0.));
#6534=DIRECTION('',(0.,0.,1.));
#6535=DIRECTION('',(1.,0.,0.));
#6536=DIRECTION('',(0.,0.,1.));
#6537=DIRECTION('',(1.,0.,0.));
#6538=DIRECTION('',(-0.0201969995850711,-0.999796019799919,0.));
#6539=DIRECTION('',(-0.998681090169229,0.0513427710432515,0.));
#6540=DIRECTION('',(-0.658128293041126,-0.752905804134072,0.));
#6541=DIRECTION('',(-0.732031602498566,0.681270675241039,0.));
#6542=DIRECTION('',(-0.988114043901995,-0.153722595097943,0.));
#6543=DIRECTION('',(-0.122856392393785,0.992424459013372,0.));
#6544=DIRECTION('',(-0.855750251956764,0.517389124620855,0.));
#6545=DIRECTION('',(0.543804689108759,0.839211808844064,0.));
#6546=DIRECTION('',(-0.322971406516294,0.946408722789941,0.));
#6547=DIRECTION('',(0.956013512861401,0.293322626516271,0.));
#6548=DIRECTION('',(0.360929349460509,0.932593161404272,0.));
#6549=DIRECTION('',(0.920892989039501,-0.389815472676359,0.));
#6550=DIRECTION('',(0.875947251541835,0.482406895179064,0.));
#6551=DIRECTION('',(0.454876401060471,-0.890554579887316,0.));
#6552=DIRECTION('',(0.98109969955742,-0.193502918655868,0.));
#6553=DIRECTION('',(-0.223981910362835,-0.97459330175731,0.));
#6554=DIRECTION('',(0.627184694441486,-0.778870566306328,0.));
#6555=DIRECTION('',(-0.798036596645716,-0.602608986337013,0.));
#6556=DIRECTION('',(1.,0.,0.));
#6557=DIRECTION('',(0.,0.,-1.));
#6558=DIRECTION('',(0.,-1.,0.));
#6559=DIRECTION('',(0.,0.,-1.));
#6560=DIRECTION('',(0.,-1.,0.));
#6561=DIRECTION('',(0.,0.,-1.));
#6562=DIRECTION('',(0.,-1.,0.));
#6563=DIRECTION('',(0.,0.,-1.));
#6564=DIRECTION('',(0.,1.,0.));
#6565=DIRECTION('',(0.,0.,1.));
#6566=DIRECTION('',(0.,0.,-1.));
#6567=DIRECTION('',(1.,0.,0.));
#6568=DIRECTION('',(1.,0.,0.));
#6569=DIRECTION('',(1.,0.,0.));
#6570=DIRECTION('',(0.,0.,-1.));
#6571=DIRECTION('',(0.,-1.,0.));
#6572=DIRECTION('',(0.,-1.,0.));
#6573=DIRECTION('',(0.,0.,-1.));
#6574=DIRECTION('',(0.,-1.,0.));
#6575=DIRECTION('',(0.,0.,-1.));
#6576=DIRECTION('',(0.,1.,0.));
#6577=DIRECTION('',(0.,0.,1.));
#6578=DIRECTION('',(1.,0.,0.));
#6579=DIRECTION('',(1.,0.,0.));
#6580=DIRECTION('',(0.,0.,1.));
#6581=DIRECTION('',(1.,0.,0.));
#6582=DIRECTION('',(1.,0.,0.));
#6583=DIRECTION('',(1.,0.,0.));
#6584=DIRECTION('',(0.,0.,-1.));
#6585=DIRECTION('',(-1.,0.,0.));
#6586=DIRECTION('',(0.,0.,1.));
#6587=DIRECTION('',(1.,0.,0.));
#6588=DIRECTION('',(0.,0.,1.));
#6589=DIRECTION('',(1.,0.,0.));
#6590=DIRECTION('',(0.,0.,1.));
#6591=DIRECTION('',(1.,0.,0.));
#6592=DIRECTION('',(0.,0.,-1.));
#6593=DIRECTION('',(0.,0.,1.));
#6594=DIRECTION('',(1.,0.,0.));
#6595=DIRECTION('',(0.,0.,-1.));
#6596=DIRECTION('',(0.,0.,1.));
#6597=DIRECTION('',(1.,0.,0.));
#6598=DIRECTION('',(1.,0.,0.));
#6599=DIRECTION('',(0.,0.,-1.));
#6600=DIRECTION('',(0.,-1.,0.));
#6601=DIRECTION('',(0.,0.,-1.));
#6602=DIRECTION('',(0.,-1.,0.));
#6603=DIRECTION('',(1.,0.,0.));
#6604=DIRECTION('',(0.,0.,-1.));
#6605=DIRECTION('',(0.,-1.,0.));
#6606=DIRECTION('',(0.,-1.,0.));
#6607=DIRECTION('',(0.,0.,-1.));
#6608=DIRECTION('',(0.,0.,1.));
#6609=DIRECTION('',(1.,0.,0.));
#6610=DIRECTION('',(0.,0.,1.));
#6611=DIRECTION('',(1.,0.,0.));
#6612=DIRECTION('',(0.,0.,1.));
#6613=DIRECTION('',(1.,0.,0.));
#6614=DIRECTION('',(0.,0.,-1.));
#6615=DIRECTION('',(-1.,0.,0.));
#6616=DIRECTION('',(0.,0.,1.));
#6617=DIRECTION('',(1.,0.,0.));
#6618=DIRECTION('',(0.,0.,1.));
#6619=DIRECTION('',(1.,0.,0.));
#6620=DIRECTION('',(0.,0.,-1.));
#6621=DIRECTION('',(-1.,0.,0.));
#6622=DIRECTION('',(0.,0.,1.));
#6623=DIRECTION('',(1.,0.,0.));
#6624=DIRECTION('',(0.,0.,-1.));
#6625=DIRECTION('',(-1.,0.,0.));
#6626=DIRECTION('',(0.,0.,1.));
#6627=DIRECTION('',(1.,0.,0.));
#6628=DIRECTION('',(0.,0.,1.));
#6629=DIRECTION('',(1.,0.,0.));
#6630=DIRECTION('',(0.,0.,1.));
#6631=DIRECTION('',(1.,0.,0.));
#6632=DIRECTION('',(0.,0.,1.));
#6633=DIRECTION('',(1.,0.,0.));
#6634=DIRECTION('',(0.64278760968654,-0.766044443118978,0.));
#6635=DIRECTION('',(-0.766044443118978,-0.64278760968654,0.));
#6636=DIRECTION('',(-0.64278760968654,0.766044443118978,0.));
#6637=DIRECTION('',(0.984807753012208,-0.17364817766693,0.));
#6638=DIRECTION('',(-0.17364817766693,-0.984807753012208,0.));
#6639=DIRECTION('',(-0.984807753012208,0.17364817766693,0.));
#6640=DIRECTION('',(0.866025403784439,0.5,0.));
#6641=DIRECTION('',(0.5,-0.866025403784438,0.));
#6642=DIRECTION('',(-0.866025403784439,-0.5,0.));
#6643=DIRECTION('',(0.342020143325668,0.939692620785909,0.));
#6644=DIRECTION('',(0.939692620785908,-0.342020143325668,0.));
#6645=DIRECTION('',(-0.342020143325668,-0.939692620785909,0.));
#6646=DIRECTION('',(-0.342020143325669,0.939692620785908,0.));
#6647=DIRECTION('',(0.939692620785909,0.342020143325669,0.));
#6648=DIRECTION('',(0.342020143325669,-0.939692620785908,0.));
#6649=DIRECTION('',(-0.866025403784439,0.5,0.));
#6650=DIRECTION('',(0.5,0.866025403784439,0.));
#6651=DIRECTION('',(0.866025403784439,-0.5,0.));
#6652=DIRECTION('',(-0.984807753012208,-0.17364817766693,0.));
#6653=DIRECTION('',(-0.17364817766693,0.984807753012208,0.));
#6654=DIRECTION('',(0.984807753012208,0.17364817766693,0.));
#6655=DIRECTION('',(-0.642787609686539,-0.766044443118978,0.));
#6656=DIRECTION('',(-0.766044443118978,0.642787609686539,0.));
#6657=DIRECTION('',(0.642787609686539,0.766044443118978,0.));
#6658=DIRECTION('',(0.,1.,0.));
#6659=DIRECTION('',(-1.,0.,0.));
#6660=DIRECTION('',(0.,1.,0.));
#6661=DIRECTION('',(1.,0.,0.));
#6662=DIRECTION('',(0.,0.,-1.));
#6663=DIRECTION('',(0.,0.,-1.));
#6664=DIRECTION('',(0.,-1.,0.));
#6665=DIRECTION('',(0.,0.,-1.));
#6666=DIRECTION('',(0.,1.,0.));
#6667=DIRECTION('',(0.,0.,1.));
#6668=DIRECTION('',(0.,0.,-1.));
#6669=DIRECTION('',(1.,0.,0.));
#6670=DIRECTION('',(1.,0.,0.));
#6671=DIRECTION('',(0.,0.,-1.));
#6672=DIRECTION('',(0.,0.,-1.));
#6673=DIRECTION('',(0.,-1.,0.));
#6674=DIRECTION('',(0.,0.,1.));
#6675=DIRECTION('',(1.,0.,0.));
#6676=DIRECTION('',(0.732031602498566,-0.681270675241039,0.));
#6677=DIRECTION('',(0.658128293041126,0.752905804134072,0.));
#6678=DIRECTION('',(0.681270675241039,0.732031602498566,0.));
#6679=DIRECTION('',(-0.732031602498566,0.681270675241039,0.));
#6680=DIRECTION('',(0.,0.,-1.));
#6681=DIRECTION('',(-0.752905804134072,0.658128293041126,0.));
#6682=DIRECTION('',(-0.658128293041126,-0.752905804134072,0.));
#6683=DIRECTION('',(-0.766044443118978,0.642787609686539,0.));
#6684=DIRECTION('',(-0.642787609686539,-0.766044443118978,0.));
#6685=DIRECTION('',(0.,0.,-1.));
#6686=DIRECTION('',(0.,0.,-1.));
#6687=DIRECTION('',(0.642787609686539,0.766044443118978,0.));
#6688=DIRECTION('',(0.992424459013372,0.122856392393785,0.));
#6689=DIRECTION('',(-0.122856392393785,0.992424459013372,0.));
#6690=DIRECTION('',(0.,0.,-1.));
#6691=DIRECTION('',(0.122856392393785,-0.992424459013372,0.));
#6692=DIRECTION('',(-0.153722595097943,0.988114043901995,0.));
#6693=DIRECTION('',(-0.988114043901995,-0.153722595097943,0.));
#6694=DIRECTION('',(0.,0.,-1.));
#6695=DIRECTION('',(0.988114043901995,0.153722595097943,0.));
#6696=DIRECTION('',(0.766044443118978,-0.642787609686539,0.));
#6697=DIRECTION('',(0.642787609686539,0.766044443118978,0.));
#6698=DIRECTION('',(0.,0.,-1.));
#6699=DIRECTION('',(-0.642787609686539,-0.766044443118978,0.));
#6700=DIRECTION('',(0.642787609686539,0.766044443118978,0.));
#6701=DIRECTION('',(-0.766044443118978,0.642787609686539,0.));
#6702=DIRECTION('',(0.766044443118978,-0.642787609686539,0.));
#6703=DIRECTION('',(0.,0.,1.));
#6704=DIRECTION('',(0.766044443118978,-0.642787609686539,0.));
#6705=DIRECTION('',(-0.17364817766693,0.984807753012208,0.));
#6706=DIRECTION('',(-0.984807753012208,-0.17364817766693,0.));
#6707=DIRECTION('',(0.,0.,-1.));
#6708=DIRECTION('',(0.,0.,-1.));
#6709=DIRECTION('',(0.984807753012208,0.17364817766693,0.));
#6710=DIRECTION('',(0.839211808844064,-0.543804689108759,0.));
#6711=DIRECTION('',(0.543804689108759,0.839211808844064,0.));
#6712=DIRECTION('',(0.,0.,-1.));
#6713=DIRECTION('',(-0.543804689108759,-0.839211808844064,0.));
#6714=DIRECTION('',(0.517389124620855,0.855750251956764,0.));
#6715=DIRECTION('',(-0.855750251956764,0.517389124620855,0.));
#6716=DIRECTION('',(0.,0.,-1.));
#6717=DIRECTION('',(0.855750251956764,-0.517389124620855,0.));
#6718=DIRECTION('',(0.17364817766693,-0.984807753012208,0.));
#6719=DIRECTION('',(0.984807753012208,0.17364817766693,0.));
#6720=DIRECTION('',(0.,0.,-1.));
#6721=DIRECTION('',(-0.984807753012208,-0.17364817766693,0.));
#6722=DIRECTION('',(0.984807753012208,0.17364817766693,0.));
#6723=DIRECTION('',(-0.17364817766693,0.984807753012208,0.));
#6724=DIRECTION('',(0.17364817766693,-0.984807753012208,0.));
#6725=DIRECTION('',(0.,0.,1.));
#6726=DIRECTION('',(0.17364817766693,-0.984807753012208,0.));
#6727=DIRECTION('',(0.5,0.866025403784439,0.));
#6728=DIRECTION('',(-0.866025403784439,0.5,0.));
#6729=DIRECTION('',(0.,0.,-1.));
#6730=DIRECTION('',(0.,0.,-1.));
#6731=DIRECTION('',(0.866025403784439,-0.5,0.));
#6732=DIRECTION('',(0.293322626516271,-0.956013512861401,0.));
#6733=DIRECTION('',(0.956013512861401,0.293322626516271,0.));
#6734=DIRECTION('',(0.,0.,-1.));
#6735=DIRECTION('',(-0.956013512861401,-0.293322626516271,0.));
#6736=DIRECTION('',(0.946408722789941,0.322971406516294,0.));
#6737=DIRECTION('',(-0.322971406516294,0.946408722789941,0.));
#6738=DIRECTION('',(0.,0.,-1.));
#6739=DIRECTION('',(0.322971406516294,-0.946408722789941,0.));
#6740=DIRECTION('',(-0.5,-0.866025403784439,0.));
#6741=DIRECTION('',(0.866025403784439,-0.5,0.));
#6742=DIRECTION('',(0.,0.,-1.));
#6743=DIRECTION('',(-0.866025403784439,0.5,0.));
#6744=DIRECTION('',(0.866025403784439,-0.5,0.));
#6745=DIRECTION('',(0.5,0.866025403784439,0.));
#6746=DIRECTION('',(-0.5,-0.866025403784439,0.));
#6747=DIRECTION('',(0.,0.,1.));
#6748=DIRECTION('',(-0.5,-0.866025403784439,0.));
#6749=DIRECTION('',(0.939692620785908,0.342020143325669,0.));
#6750=DIRECTION('',(-0.342020143325669,0.939692620785908,0.));
#6751=DIRECTION('',(0.,0.,-1.));
#6752=DIRECTION('',(0.,0.,-1.));
#6753=DIRECTION('',(0.342020143325669,-0.939692620785908,0.));
#6754=DIRECTION('',(-0.389815472676359,-0.920892989039501,0.));
#6755=DIRECTION('',(0.920892989039501,-0.389815472676359,0.));
#6756=DIRECTION('',(0.,0.,-1.));
#6757=DIRECTION('',(-0.920892989039501,0.389815472676359,0.));
#6758=DIRECTION('',(0.932593161404272,-0.360929349460509,0.));
#6759=DIRECTION('',(0.360929349460509,0.932593161404272,0.));
#6760=DIRECTION('',(0.,0.,-1.));
#6761=DIRECTION('',(-0.360929349460509,-0.932593161404272,0.));
#6762=DIRECTION('',(-0.939692620785908,-0.342020143325669,0.));
#6763=DIRECTION('',(0.342020143325669,-0.939692620785908,0.));
#6764=DIRECTION('',(0.,0.,-1.));
#6765=DIRECTION('',(-0.342020143325669,0.939692620785908,0.));
#6766=DIRECTION('',(0.342020143325669,-0.939692620785908,0.));
#6767=DIRECTION('',(0.939692620785909,0.342020143325669,0.));
#6768=DIRECTION('',(-0.939692620785908,-0.342020143325669,0.));
#6769=DIRECTION('',(0.,0.,1.));
#6770=DIRECTION('',(-0.939692620785908,-0.342020143325669,0.));
#6771=DIRECTION('',(0.939692620785908,-0.342020143325668,0.));
#6772=DIRECTION('',(0.342020143325668,0.939692620785909,0.));
#6773=DIRECTION('',(0.,0.,-1.));
#6774=DIRECTION('',(0.,0.,-1.));
#6775=DIRECTION('',(-0.342020143325668,-0.939692620785908,0.));
#6776=DIRECTION('',(-0.890554579887316,-0.454876401060471,0.));
#6777=DIRECTION('',(0.454876401060471,-0.890554579887316,0.));
#6778=DIRECTION('',(0.,0.,-1.));
#6779=DIRECTION('',(-0.454876401060471,0.890554579887316,0.));
#6780=DIRECTION('',(0.482406895179064,-0.875947251541835,0.));
#6781=DIRECTION('',(0.875947251541835,0.482406895179064,0.));
#6782=DIRECTION('',(0.,0.,-1.));
#6783=DIRECTION('',(-0.875947251541835,-0.482406895179064,0.));
#6784=DIRECTION('',(-0.939692620785908,0.342020143325668,0.));
#6785=DIRECTION('',(-0.342020143325668,-0.939692620785909,0.));
#6786=DIRECTION('',(0.,0.,-1.));
#6787=DIRECTION('',(0.342020143325668,0.939692620785908,0.));
#6788=DIRECTION('',(-0.342020143325668,-0.939692620785908,0.));
#6789=DIRECTION('',(0.939692620785908,-0.342020143325668,0.));
#6790=DIRECTION('',(-0.939692620785908,0.342020143325668,0.));
#6791=DIRECTION('',(0.,0.,1.));
#6792=DIRECTION('',(-0.939692620785908,0.342020143325668,0.));
#6793=DIRECTION('',(0.5,-0.866025403784438,0.));
#6794=DIRECTION('',(0.866025403784439,0.5,0.));
#6795=DIRECTION('',(0.,0.,-1.));
#6796=DIRECTION('',(0.,0.,-1.));
#6797=DIRECTION('',(-0.866025403784438,-0.5,0.));
#6798=DIRECTION('',(-0.97459330175731,0.223981910362835,0.));
#6799=DIRECTION('',(-0.223981910362835,-0.97459330175731,0.));
#6800=DIRECTION('',(0.,0.,-1.));
#6801=DIRECTION('',(0.223981910362835,0.97459330175731,0.));
#6802=DIRECTION('',(-0.193502918655868,-0.98109969955742,0.));
#6803=DIRECTION('',(0.98109969955742,-0.193502918655868,0.));
#6804=DIRECTION('',(0.,0.,-1.));
#6805=DIRECTION('',(-0.98109969955742,0.193502918655868,0.));
#6806=DIRECTION('',(-0.5,0.866025403784438,0.));
#6807=DIRECTION('',(-0.866025403784439,-0.5,0.));
#6808=DIRECTION('',(0.,0.,-1.));
#6809=DIRECTION('',(0.866025403784438,0.5,0.));
#6810=DIRECTION('',(-0.866025403784438,-0.5,0.));
#6811=DIRECTION('',(0.5,-0.866025403784438,0.));
#6812=DIRECTION('',(-0.5,0.866025403784438,0.));
#6813=DIRECTION('',(0.,0.,1.));
#6814=DIRECTION('',(-0.5,0.866025403784438,0.));
#6815=DIRECTION('',(-0.17364817766693,-0.984807753012208,0.));
#6816=DIRECTION('',(0.984807753012208,-0.17364817766693,0.));
#6817=DIRECTION('',(0.,0.,-1.));
#6818=DIRECTION('',(0.,0.,-1.));
#6819=DIRECTION('',(-0.984807753012208,0.17364817766693,0.));
#6820=DIRECTION('',(-0.602608986337013,0.798036596645716,0.));
#6821=DIRECTION('',(-0.798036596645716,-0.602608986337013,0.));
#6822=DIRECTION('',(0.,0.,-1.));
#6823=DIRECTION('',(0.798036596645716,0.602608986337013,0.));
#6824=DIRECTION('',(-0.778870566306328,-0.627184694441486,0.));
#6825=DIRECTION('',(0.627184694441486,-0.778870566306328,0.));
#6826=DIRECTION('',(0.,0.,-1.));
#6827=DIRECTION('',(-0.627184694441486,0.778870566306328,0.));
#6828=DIRECTION('',(0.17364817766693,0.984807753012208,0.));
#6829=DIRECTION('',(-0.984807753012208,0.17364817766693,0.));
#6830=DIRECTION('',(0.,0.,-1.));
#6831=DIRECTION('',(0.984807753012208,-0.17364817766693,0.));
#6832=DIRECTION('',(-0.984807753012208,0.17364817766693,0.));
#6833=DIRECTION('',(-0.17364817766693,-0.984807753012208,0.));
#6834=DIRECTION('',(0.17364817766693,0.984807753012208,0.));
#6835=DIRECTION('',(0.,0.,1.));
#6836=DIRECTION('',(0.17364817766693,0.984807753012208,0.));
#6837=DIRECTION('',(-0.766044443118978,-0.64278760968654,0.));
#6838=DIRECTION('',(0.64278760968654,-0.766044443118978,0.));
#6839=DIRECTION('',(0.,0.,-1.));
#6840=DIRECTION('',(0.,0.,-1.));
#6841=DIRECTION('',(-0.64278760968654,0.766044443118978,0.));
#6842=DIRECTION('',(0.0513427710432515,0.998681090169229,0.));
#6843=DIRECTION('',(-0.998681090169229,0.0513427710432515,0.));
#6844=DIRECTION('',(0.,0.,-1.));
#6845=DIRECTION('',(0.998681090169229,-0.0513427710432515,0.));
#6846=DIRECTION('',(-0.999796019799919,0.0201969995850711,0.));
#6847=DIRECTION('',(-0.0201969995850711,-0.999796019799919,0.));
#6848=DIRECTION('',(0.,0.,-1.));
#6849=DIRECTION('',(0.0201969995850711,0.999796019799919,0.));
#6850=DIRECTION('',(0.766044443118978,0.64278760968654,0.));
#6851=DIRECTION('',(-0.64278760968654,0.766044443118978,0.));
#6852=DIRECTION('',(0.,0.,-1.));
#6853=DIRECTION('',(0.64278760968654,-0.766044443118978,0.));
#6854=DIRECTION('',(-0.64278760968654,0.766044443118978,0.));
#6855=DIRECTION('',(-0.766044443118978,-0.64278760968654,0.));
#6856=DIRECTION('',(0.766044443118978,0.64278760968654,0.));
#6857=DIRECTION('',(0.,0.,1.));
#6858=DIRECTION('',(0.766044443118978,0.64278760968654,0.));
#6859=DIRECTION('',(-4.98732103635769E-9,-2.74302668345702E-8,-1.));
#6860=DIRECTION('',(-0.999999970430007,-0.000243187142187318,4.99399157708358E-9));
#6861=DIRECTION('',(0.,0.,1.));
#6862=DIRECTION('',(1.,0.,0.));
#6863=DIRECTION('',(0.231266537083696,-0.972890430020419,0.));
#6864=DIRECTION('',(1.,0.,0.));
#6865=DIRECTION('',(0.,1.,0.));
#6866=DIRECTION('',(1.,0.,0.));
#6867=DIRECTION('',(0.,0.,1.));
#6868=DIRECTION('',(1.,0.,0.));
#6869=DIRECTION('',(0.,1.,0.));
#6870=DIRECTION('',(-1.,0.,0.));
#6871=DIRECTION('',(-0.226436308755359,-0.974025974025974,0.));
#6872=DIRECTION('',(-1.,0.,0.));
#6873=DIRECTION('',(0.,0.,1.));
#6874=DIRECTION('',(1.,0.,0.));
#6875=DIRECTION('',(0.231803439822671,-0.972762645914396,0.));
#6876=DIRECTION('',(1.,0.,0.));
#6877=DIRECTION('',(1.,0.,0.));
#6878=DIRECTION('',(-0.231803439822671,-0.972762645914396,0.));
#6879=DIRECTION('',(1.,0.,0.));
#6880=DIRECTION('',(-1.,0.,0.));
#6881=DIRECTION('',(0.225784627973253,-0.974177243509096,0.));
#6882=DIRECTION('',(-1.,0.,0.));
#6883=DIRECTION('',(1.,0.,0.));
#6884=DIRECTION('',(-0.225784627973253,-0.974177243509096,0.));
#6885=DIRECTION('',(1.,0.,0.));
#6886=DIRECTION('',(1.,0.,0.));
#6887=DIRECTION('',(0.,0.,1.));
#6888=DIRECTION('',(1.,0.,0.));
#6889=DIRECTION('',(0.226436308755359,-0.974025974025974,0.));
#6890=DIRECTION('',(1.,0.,0.));
#6891=DIRECTION('',(0.,1.,0.));
#6892=DIRECTION('',(1.,0.,0.));
#6893=DIRECTION('',(0.,-1.,0.));
#6894=DIRECTION('',(0.,0.,-1.));
#6895=DIRECTION('',(0.,0.,-1.));
#6896=DIRECTION('',(-1.,0.,0.));
#6897=DIRECTION('',(0.,0.,-1.));
#6898=DIRECTION('',(0.,0.,-1.));
#6899=DIRECTION('',(1.,0.,0.));
#6900=DIRECTION('',(0.,0.,-1.));
#6901=DIRECTION('',(0.,1.,0.));
#6902=DIRECTION('',(0.,0.,1.));
#6903=DIRECTION('',(1.,0.,0.));
#6904=DIRECTION('',(0.,0.,-1.));
#6905=DIRECTION('',(1.,0.,0.));
#6906=DIRECTION('',(0.,0.,-1.));
#6907=DIRECTION('',(0.,0.,-1.));
#6908=DIRECTION('',(-1.,0.,0.));
#6909=DIRECTION('',(0.,0.,-1.));
#6910=DIRECTION('',(0.,1.,0.));
#6911=DIRECTION('',(0.,0.,1.));
#6912=DIRECTION('',(0.,0.,-1.));
#6913=DIRECTION('',(1.,0.,0.));
#6914=DIRECTION('',(0.,0.,-1.));
#6915=DIRECTION('',(0.,0.,-1.));
#6916=DIRECTION('',(-1.,0.,0.));
#6917=DIRECTION('',(0.,0.,-1.));
#6918=DIRECTION('',(0.,0.,1.));
#6919=DIRECTION('',(1.,0.,0.));
#6920=DIRECTION('',(1.,0.,0.));
#6921=DIRECTION('',(-1.,0.,0.));
#6922=DIRECTION('',(-4.33680868994202E-17,1.,0.));
#6923=DIRECTION('',(-1.,0.,0.));
#6924=DIRECTION('',(0.,1.,0.));
#6925=DIRECTION('',(0.,0.,1.));
#6926=DIRECTION('',(1.,0.,0.));
#6927=DIRECTION('',(4.33680868994202E-16,-1.,0.));
#6928=DIRECTION('',(1.,0.,0.));
#6929=DIRECTION('',(5.78241158658935E-16,-1.,0.));
#6930=DIRECTION('',(1.,1.0842021724855E-16,0.));
#6931=DIRECTION('',(0.,-1.,0.));
#6932=DIRECTION('',(1.,0.,0.));
#6933=DIRECTION('',(0.,-1.,0.));
#6934=DIRECTION('',(0.,0.,1.));
#6935=DIRECTION('',(0.0634373797808493,-0.997985820964677,0.));
#6936=DIRECTION('',(1.,0.,0.));
#6937=DIRECTION('',(1.,0.,0.));
#6938=DIRECTION('',(-1.,0.,0.));
#6939=DIRECTION('',(0.,-1.,0.));
#6940=DIRECTION('',(1.,0.,0.));
#6941=DIRECTION('',(0.,-1.,0.));
#6942=DIRECTION('',(1.,0.,0.));
#6943=DIRECTION('',(5.78241158658935E-16,-1.,0.));
#6944=DIRECTION('',(1.,0.,0.));
#6945=DIRECTION('',(4.33680868994202E-16,-1.,0.));
#6946=DIRECTION('',(1.,0.,0.));
#6947=DIRECTION('',(1.,0.,0.));
#6948=DIRECTION('',(0.,0.,-1.));
#6949=DIRECTION('',(-0.0634373797808899,-0.997985820964674,0.));
#6950=DIRECTION('',(0.,0.,1.));
#6951=DIRECTION('',(1.,0.,0.));
#6952=DIRECTION('',(1.,4.8186763221578E-17,0.));
#6953=DIRECTION('',(-4.8186763221578E-17,1.,0.));
#6954=DIRECTION('',(4.8186763221578E-17,-1.,0.));
#6955=DIRECTION('',(0.,0.,-1.));
#6956=DIRECTION('',(4.8186763221578E-17,-1.,0.));
#6957=DIRECTION('',(0.,0.,-1.));
#6958=DIRECTION('',(0.,1.,0.));
#6959=DIRECTION('',(0.,0.,1.));
#6960=DIRECTION('',(1.,0.,0.));
#6961=DIRECTION('',(0.,0.,-1.));
#6962=DIRECTION('',(1.,0.,0.));
#6963=DIRECTION('',(1.,0.,0.));
#6964=DIRECTION('',(0.,0.,-1.));
#6965=DIRECTION('',(0.,-1.,0.));
#6966=DIRECTION('',(0.,0.,-1.));
#6967=DIRECTION('',(0.,-1.,0.));
#6968=DIRECTION('',(0.,1.,0.));
#6969=DIRECTION('',(0.,0.,1.));
#6970=DIRECTION('',(0.,0.,-1.));
#6971=DIRECTION('',(1.,0.,0.));
#6972=DIRECTION('',(0.,0.,-1.));
#6973=DIRECTION('',(1.,0.,0.));
#6974=DIRECTION('',(0.,0.,-1.));
#6975=DIRECTION('',(1.,0.,0.));
#6976=DIRECTION('',(0.,0.,-1.));
#6977=DIRECTION('',(1.,0.,0.));
#6978=DIRECTION('',(-1.,-4.33680868994202E-16,0.));
#6979=DIRECTION('',(4.33680868994202E-16,-1.,0.));
#6980=DIRECTION('',(-4.33680868994202E-16,1.,0.));
#6981=DIRECTION('',(0.,0.,-1.));
#6982=DIRECTION('',(0.,0.,1.));
#6983=DIRECTION('',(4.33680868994202E-16,-1.,0.));
#6984=DIRECTION('',(0.,0.,1.));
#6985=DIRECTION('',(-1.,-4.33680868994202E-16,0.));
#6986=DIRECTION('',(4.33680868994202E-16,-1.,0.));
#6987=DIRECTION('',(-4.33680868994202E-16,1.,0.));
#6988=DIRECTION('',(0.,0.,-1.));
#6989=DIRECTION('',(0.,0.,-1.));
#6990=DIRECTION('',(-1.,0.,0.));
#6991=DIRECTION('',(0.,0.,-1.));
#6992=DIRECTION('',(0.,0.,1.));
#6993=DIRECTION('',(1.,0.,0.));
#6994=DIRECTION('',(0.,0.,1.));
#6995=DIRECTION('',(1.,0.,0.));
#6996=DIRECTION('',(1.33440267382831E-16,-1.,0.));
#6997=DIRECTION('',(1.,1.33440267382831E-16,0.));
#6998=DIRECTION('',(0.,0.,-1.));
#6999=DIRECTION('',(-1.,-1.33440267382831E-16,0.));
#7000=DIRECTION('',(-1.,-1.33440267382831E-16,0.));
#7001=DIRECTION('',(0.,0.,-1.));
#7002=DIRECTION('',(-1.,0.,0.));
#7003=DIRECTION('',(0.,0.,-1.));
#7004=DIRECTION('',(0.,0.,1.));
#7005=DIRECTION('',(1.,0.,0.));
#7006=DIRECTION('',(0.,0.,1.));
#7007=DIRECTION('',(1.,0.,0.));
#7008=DIRECTION('',(-1.,0.,0.));
#7009=DIRECTION('',(0.,0.,1.));
#7010=DIRECTION('',(0.,0.,-1.));
#7011=DIRECTION('',(0.,1.,0.));
#7012=DIRECTION('',(0.,1.,0.));
#7013=DIRECTION('',(0.,0.,-1.));
#7014=DIRECTION('',(-1.,0.,0.));
#7015=DIRECTION('',(0.,0.,1.));
#7016=DIRECTION('',(0.,1.,0.));
#7017=DIRECTION('',(0.,0.,1.));
#7018=DIRECTION('',(0.,-1.,0.));
#7019=DIRECTION('',(0.,0.,1.));
#7020=DIRECTION('',(0.,0.,-1.));
#7021=DIRECTION('',(0.,1.,0.));
#7022=DIRECTION('',(0.,0.,1.));
#7023=DIRECTION('',(0.,0.,-1.));
#7024=DIRECTION('',(1.,0.,0.));
#7025=DIRECTION('',(1.,0.,0.));
#7026=DIRECTION('',(0.,0.,-1.));
#7027=DIRECTION('',(1.,0.,0.));
#7028=DIRECTION('',(0.,0.,-1.));
#7029=DIRECTION('',(1.,0.,0.));
#7030=DIRECTION('',(0.,0.,-1.));
#7031=DIRECTION('',(0.,0.,-1.));
#7032=DIRECTION('',(0.,0.,-1.));
#7033=DIRECTION('',(0.,1.,0.));
#7034=DIRECTION('',(0.,0.,1.));
#7035=DIRECTION('',(1.,0.,0.));
#7036=DIRECTION('',(1.,0.,0.));
#7037=DIRECTION('',(0.,0.,-1.));
#7038=DIRECTION('',(0.,0.,-1.));
#7039=DIRECTION('',(0.,0.,-1.));
#7040=DIRECTION('',(-1.,0.,0.));
#7041=DIRECTION('',(0.,0.,1.));
#7042=DIRECTION('',(1.,0.,0.));
#7043=DIRECTION('',(0.,0.,1.));
#7044=DIRECTION('',(1.,0.,0.));
#7045=DIRECTION('',(0.,0.,-1.));
#7046=DIRECTION('',(0.,0.,-1.));
#7047=DIRECTION('',(0.,-1.,0.));
#7048=DIRECTION('',(0.,0.,-1.));
#7049=DIRECTION('',(0.,0.,-1.));
#7050=DIRECTION('',(1.,0.,0.));
#7051=DIRECTION('',(0.,0.,-1.));
#7052=DIRECTION('',(0.,0.,-1.));
#7053=DIRECTION('',(-1.,0.,0.));
#7054=DIRECTION('',(0.,0.,-1.));
#7055=DIRECTION('',(-1.,0.,0.));
#7056=DIRECTION('',(0.,0.,-1.));
#7057=DIRECTION('',(-1.,0.,0.));
#7058=DIRECTION('',(0.,0.,-1.));
#7059=DIRECTION('',(1.,0.,0.));
#7060=DIRECTION('',(0.,0.,-1.));
#7061=DIRECTION('',(1.,0.,0.));
#7062=DIRECTION('',(0.,0.,-1.));
#7063=DIRECTION('',(1.,0.,0.));
#7064=DIRECTION('',(0.,0.,-1.));
#7065=DIRECTION('',(0.,1.,0.));
#7066=DIRECTION('',(0.,0.,1.));
#7067=DIRECTION('',(0.,0.,-1.));
#7068=DIRECTION('',(1.,0.,0.));
#7069=DIRECTION('',(0.,0.,-1.));
#7070=DIRECTION('',(0.,0.,-1.));
#7071=DIRECTION('',(0.,0.,-1.));
#7072=DIRECTION('',(0.,0.,-1.));
#7073=DIRECTION('',(0.,0.,1.));
#7074=DIRECTION('',(1.,0.,0.));
#7075=DIRECTION('',(1.,0.,0.));
#7076=DIRECTION('',(-0.231266537083696,-0.972890430020419,0.));
#7077=DIRECTION('',(1.,4.33680868994202E-17,0.));
#7078=DIRECTION('',(-4.33680868994202E-17,1.,0.));
#7079=DIRECTION('',(0.,0.,-1.));
#7080=DIRECTION('',(4.33680868994202E-17,-1.,0.));
#7081=DIRECTION('',(0.,0.,-1.));
#7082=DIRECTION('',(0.,1.,0.));
#7083=DIRECTION('',(0.,0.,1.));
#7084=DIRECTION('',(0.,0.,-1.));
#7085=DIRECTION('',(1.,0.,0.));
#7086=DIRECTION('',(1.,0.,0.));
#7087=DIRECTION('',(0.,0.,-1.));
#7088=DIRECTION('',(0.,0.,-1.));
#7089=DIRECTION('',(0.,-1.,0.));
#7090=DIRECTION('',(0.,1.,0.));
#7091=DIRECTION('',(0.,0.,1.));
#7092=DIRECTION('',(1.,0.,0.));
#7093=DIRECTION('',(0.,0.,1.));
#7094=DIRECTION('',(1.,0.,0.));
#7095=DIRECTION('',(-1.,-5.78241158658935E-16,0.));
#7096=DIRECTION('',(5.78241158658935E-16,-1.,0.));
#7097=DIRECTION('',(0.,0.,1.));
#7098=DIRECTION('',(5.78241158658935E-16,-1.,0.));
#7099=DIRECTION('',(0.,0.,1.));
#7100=DIRECTION('',(0.,0.,-1.));
#7101=DIRECTION('',(-5.78241158658935E-16,1.,0.));
#7102=DIRECTION('',(0.,0.,-1.));
#7103=DIRECTION('',(0.,-1.,0.));
#7104=DIRECTION('',(0.,0.,-1.));
#7105=DIRECTION('',(0.,0.,-1.));
#7106=DIRECTION('',(-1.,0.,0.));
#7107=DIRECTION('',(-1.,0.,0.));
#7108=DIRECTION('',(0.,0.,1.));
#7109=DIRECTION('',(0.,0.,1.));
#7110=DIRECTION('',(0.,0.,-1.));
#7111=DIRECTION('',(0.,1.,0.));
#7112=DIRECTION('',(0.,0.,1.));
#7113=DIRECTION('',(0.,-1.,0.));
#7114=DIRECTION('',(1.0842021724855E-16,-1.,0.));
#7115=DIRECTION('',(1.,1.0842021724855E-16,0.));
#7116=DIRECTION('',(-1.,-1.0842021724855E-16,0.));
#7117=DIRECTION('',(0.,0.,1.));
#7118=DIRECTION('',(1.,0.,0.));
#7119=DIRECTION('',(0.,1.,0.));
#7120=DIRECTION('',(1.,0.,0.));
#7121=DIRECTION('',(-4.33680868994202E-16,1.,0.));
#7122=DIRECTION('',(0.,0.,1.));
#7123=DIRECTION('',(1.,0.,0.));
#7124=DIRECTION('',(-1.,-1.33440267382831E-16,0.));
#7125=DIRECTION('',(0.,0.,1.));
#7126=DIRECTION('',(1.,0.,0.));
#7127=DIRECTION('',(0.972762645914396,-0.231803439822671,0.));
#7128=DIRECTION('',(0.231803439822671,0.972762645914396,0.));
#7129=DIRECTION('',(0.972762645914396,-0.231803439822671,0.));
#7130=DIRECTION('',(-0.231803439822671,-0.972762645914396,0.));
#7131=DIRECTION('',(-0.231803439822671,-0.972762645914396,0.));
#7132=DIRECTION('',(0.972890430020419,0.231266537083696,0.));
#7133=DIRECTION('',(-0.231266537083696,0.972890430020419,0.));
#7134=DIRECTION('',(0.972890430020419,0.231266537083696,0.));
#7135=DIRECTION('',(-0.231266537083696,0.972890430020419,0.));
#7136=DIRECTION('',(0.231266537083696,-0.972890430020419,0.));
#7137=DIRECTION('',(0.,0.,1.));
#7138=DIRECTION('',(1.,0.,0.));
#7139=DIRECTION('',(0.972890430020419,-0.231266537083696,0.));
#7140=DIRECTION('',(0.231266537083696,0.972890430020419,0.));
#7141=DIRECTION('',(0.972890430020419,-0.231266537083696,0.));
#7142=DIRECTION('',(-0.231266537083696,-0.972890430020419,0.));
#7143=DIRECTION('',(-0.231266537083696,-0.972890430020419,0.));
#7144=DIRECTION('',(0.972762645914396,0.231803439822671,0.));
#7145=DIRECTION('',(-0.231803439822671,0.972762645914396,0.));
#7146=DIRECTION('',(0.972762645914396,0.231803439822671,0.));
#7147=DIRECTION('',(-0.231803439822671,0.972762645914396,0.));
#7148=DIRECTION('',(0.231803439822671,-0.972762645914396,0.));
#7149=DIRECTION('',(0.,0.,1.));
#7150=DIRECTION('',(1.,0.,0.));
#7151=DIRECTION('',(0.974025974025974,0.226436308755359,0.));
#7152=DIRECTION('',(-0.226436308755359,0.974025974025974,0.));
#7153=DIRECTION('',(0.974025974025974,0.226436308755359,0.));
#7154=DIRECTION('',(-0.226436308755359,0.974025974025974,0.));
#7155=DIRECTION('',(0.226436308755359,-0.974025974025974,0.));
#7156=DIRECTION('',(0.974177243509096,-0.225784627973253,0.));
#7157=DIRECTION('',(0.225784627973253,0.974177243509096,0.));
#7158=DIRECTION('',(0.974177243509096,-0.225784627973253,0.));
#7159=DIRECTION('',(-0.225784627973253,-0.974177243509096,0.));
#7160=DIRECTION('',(-0.225784627973253,-0.974177243509096,0.));
#7161=DIRECTION('',(0.,0.,1.));
#7162=DIRECTION('',(1.,0.,0.));
#7163=DIRECTION('',(0.974025974025974,-0.226436308755359,0.));
#7164=DIRECTION('',(0.226436308755359,0.974025974025974,0.));
#7165=DIRECTION('',(0.974025974025974,-0.226436308755359,0.));
#7166=DIRECTION('',(0.226436308755359,0.974025974025974,0.));
#7167=DIRECTION('',(-0.226436308755359,-0.974025974025974,0.));
#7168=DIRECTION('',(0.974177243509096,0.225784627973253,0.));
#7169=DIRECTION('',(-0.225784627973253,0.974177243509096,0.));
#7170=DIRECTION('',(0.974177243509096,0.225784627973253,0.));
#7171=DIRECTION('',(0.225784627973253,-0.974177243509096,0.));
#7172=DIRECTION('',(0.225784627973253,-0.974177243509096,0.));
#7173=DIRECTION('',(0.,0.,1.));
#7174=DIRECTION('',(1.,0.,0.));
#7175=DIRECTION('',(0.,0.,-1.));
#7176=DIRECTION('',(-1.,0.,0.));
#7177=DIRECTION('',(1.,0.,0.));
#7178=DIRECTION('',(1.,0.,0.));
#7179=DIRECTION('',(0.,-1.,0.));
#7180=DIRECTION('',(0.,0.,-1.));
#7181=DIRECTION('',(0.,-1.,0.));
#7182=DIRECTION('',(0.,0.,-1.));
#7183=DIRECTION('',(0.,0.,-1.));
#7184=DIRECTION('',(-1.,0.,0.));
#7185=DIRECTION('',(1.,0.,0.));
#7186=DIRECTION('',(1.,0.,0.));
#7187=DIRECTION('',(0.,-1.,0.));
#7188=DIRECTION('',(0.,0.,-1.));
#7189=DIRECTION('',(0.,-1.,0.));
#7190=DIRECTION('',(0.,0.,-1.));
#7191=DIRECTION('',(0.,0.,-1.));
#7192=DIRECTION('',(-1.,0.,0.));
#7193=DIRECTION('',(1.,0.,0.));
#7194=DIRECTION('',(1.,0.,0.));
#7195=DIRECTION('',(0.,-1.,0.));
#7196=DIRECTION('',(0.,0.,-1.));
#7197=DIRECTION('',(0.,-1.,0.));
#7198=DIRECTION('',(0.,0.,-1.));
#7199=DIRECTION('',(0.,-1.,0.));
#7200=DIRECTION('',(0.,0.,-1.));
#7201=DIRECTION('',(1.,0.,0.));
#7202=DIRECTION('',(0.,-1.,0.));
#7203=DIRECTION('',(0.,0.,-1.));
#7204=DIRECTION('',(1.,0.,0.));
#7205=DIRECTION('',(0.,0.,-1.));
#7206=DIRECTION('',(-1.,0.,0.));
#7207=DIRECTION('',(0.,0.,1.));
#7208=DIRECTION('',(1.,0.,0.));
#7209=DIRECTION('',(0.,1.,0.));
#7210=DIRECTION('',(0.,0.,1.));
#7211=DIRECTION('',(1.,0.,0.));
#7212=DIRECTION('',(0.,0.,-1.));
#7213=DIRECTION('',(1.,0.,0.));
#7214=DIRECTION('',(0.,0.,-1.));
#7215=DIRECTION('',(0.707106781186548,0.,0.707106781186548));
#7216=DIRECTION('',(0.707106781186548,0.,-0.707106781186548));
#7217=DIRECTION('',(-1.,-1.33440267382831E-16,0.));
#7218=DIRECTION('',(1.33440267382831E-16,-1.,0.));
#7219=DIRECTION('',(1.,0.,0.));
#7220=DIRECTION('',(0.,0.,-1.));
#7221=DIRECTION('',(-4.33680868994202E-16,1.,0.));
#7222=DIRECTION('',(-1.,-4.33680868994202E-16,0.));
#7223=DIRECTION('',(0.,1.,0.));
#7224=DIRECTION('',(0.,0.,1.));
#7225=DIRECTION('',(0.,0.,1.));
#7226=DIRECTION('',(1.,0.,0.));
#7227=DIRECTION('',(0.,0.,1.));
#7228=DIRECTION('',(1.,0.,0.));
#7229=DIRECTION('',(0.,0.,1.));
#7230=DIRECTION('',(1.,0.,0.));
#7231=DIRECTION('',(0.,1.,0.));
#7232=DIRECTION('',(0.,0.,1.));
#7233=DIRECTION('',(-1.,0.,0.));
#7234=DIRECTION('',(0.,0.,1.));
#7235=DIRECTION('',(-1.,3.46944695195361E-15,0.));
#7236=DIRECTION('',(-3.46944695195361E-15,-1.,0.));
#7237=DIRECTION('',(0.,-1.,0.));
#7238=DIRECTION('',(0.,0.,-1.));
#7239=DIRECTION('',(0.,1.,0.));
#7240=DIRECTION('',(0.,0.,1.));
#7241=DIRECTION('',(-1.,0.,0.));
#7242=DIRECTION('',(0.,0.,1.));
#7243=DIRECTION('',(1.,0.,3.46944695195361E-15));
#7244=DIRECTION('',(3.46944695195361E-15,0.,-1.));
#7245=DIRECTION('',(0.,0.,1.));
#7246=DIRECTION('',(1.,0.,0.));
#7247=DIRECTION('',(0.,0.,1.));
#7248=DIRECTION('',(1.,0.,0.));
#7249=DIRECTION('',(0.,0.,-1.));
#7250=DIRECTION('',(-1.,0.,0.));
#7251=DIRECTION('',(-0.707106781186548,0.,0.707106781186548));
#7252=DIRECTION('',(-0.707106781186548,0.,-0.707106781186548));
#7253=DIRECTION('',(-1.,0.,0.));
#7254=DIRECTION('',(0.,0.,1.));
#7255=DIRECTION('',(1.,0.,0.));
#7256=DIRECTION('',(0.,0.,-1.));
#7257=DIRECTION('',(-1.,0.,0.));
#7258=DIRECTION('',(0.,0.,1.));
#7259=DIRECTION('',(-1.,0.,0.));
#7260=DIRECTION('',(0.,0.,1.));
#7261=DIRECTION('',(-1.,0.,0.));
#7262=DIRECTION('',(0.,0.,1.));
#7263=DIRECTION('',(-1.,0.,0.));
#7264=DIRECTION('',(0.,0.,1.));
#7265=DIRECTION('',(-1.,0.,0.));
#7266=DIRECTION('',(0.,0.,1.));
#7267=DIRECTION('',(4.98732103635769E-9,2.74302668345702E-8,1.));
#7268=DIRECTION('',(0.999999970430621,0.000243184614602921,-4.99399150775433E-9));
#7269=DIRECTION('',(1.,2.16840434497101E-16,0.));
#7270=DIRECTION('',(-2.16840434497101E-16,1.,0.));
#7271=DIRECTION('',(2.16840434497101E-16,-1.,0.));
#7272=DIRECTION('',(0.,0.,-1.));
#7273=DIRECTION('',(2.16840434497101E-16,-1.,0.));
#7274=DIRECTION('',(0.,0.,-1.));
#7275=DIRECTION('',(0.,1.,0.));
#7276=DIRECTION('',(0.,0.,1.));
#7277=DIRECTION('',(1.,0.,0.));
#7278=DIRECTION('',(0.,0.,-1.));
#7279=DIRECTION('',(1.,0.,0.));
#7280=DIRECTION('',(1.,0.,0.));
#7281=DIRECTION('',(0.,0.,-1.));
#7282=DIRECTION('',(0.,-1.,0.));
#7283=DIRECTION('',(0.,0.,-1.));
#7284=DIRECTION('',(0.,-1.,0.));
#7285=DIRECTION('',(0.,1.,0.));
#7286=DIRECTION('',(0.,0.,1.));
#7287=DIRECTION('',(1.,0.,0.));
#7288=DIRECTION('',(0.,0.,-1.));
#7289=DIRECTION('',(1.,0.,0.));
#7290=DIRECTION('',(1.,0.,0.));
#7291=DIRECTION('',(0.,0.,-1.));
#7292=DIRECTION('',(0.,-1.,0.));
#7293=DIRECTION('',(0.,0.,-1.));
#7294=DIRECTION('',(0.,-1.,0.));
#7295=DIRECTION('',(0.,1.,0.));
#7296=DIRECTION('',(0.,0.,1.));
#7297=DIRECTION('',(1.,0.,0.));
#7298=DIRECTION('',(0.,0.,-1.));
#7299=DIRECTION('',(1.,0.,0.));
#7300=DIRECTION('',(1.,0.,0.));
#7301=DIRECTION('',(0.,0.,-1.));
#7302=DIRECTION('',(0.,-1.,0.));
#7303=DIRECTION('',(0.,0.,-1.));
#7304=DIRECTION('',(0.,-1.,0.));
#7305=DIRECTION('',(0.,0.,-1.));
#7306=DIRECTION('',(-1.,0.,0.));
#7307=DIRECTION('',(0.,0.,1.));
#7308=DIRECTION('',(1.,0.,0.));
#7309=DIRECTION('',(0.,0.,-1.));
#7310=DIRECTION('',(0.,0.,1.));
#7311=DIRECTION('',(1.,0.,0.));
#7312=DIRECTION('',(0.,1.,0.));
#7313=DIRECTION('',(0.,0.,1.));
#7314=DIRECTION('',(1.,0.,0.));
#7315=DIRECTION('',(0.,0.,-1.));
#7316=DIRECTION('',(1.,0.,0.));
#7317=DIRECTION('',(0.,0.,-1.));
#7318=DIRECTION('',(-1.,0.,0.));
#7319=DIRECTION('',(0.,0.,1.));
#7320=DIRECTION('',(1.,0.,0.));
#7321=DIRECTION('',(0.,0.,1.));
#7322=DIRECTION('',(1.,0.,0.));
#7323=DIRECTION('',(0.,0.,1.));
#7324=DIRECTION('',(1.,0.,0.));
#7325=DIRECTION('',(0.,0.,1.));
#7326=DIRECTION('',(1.,0.,0.));
#7327=DIRECTION('',(0.999999970430621,0.000243184614603021,-4.99399144835977E-9));
#7328=DIRECTION('',(-0.000243184614603158,0.999999970430621,-2.74290531756197E-8));
#7329=DIRECTION('',(0.,1.,0.));
#7330=DIRECTION('',(0.,0.,1.));
#7331=DIRECTION('',(1.,0.,0.));
#7332=DIRECTION('',(0.,0.,-1.));
#7333=DIRECTION('',(1.,0.,0.));
#7334=DIRECTION('',(0.,0.,-1.));
#7335=DIRECTION('',(0.974025974025974,0.226436308755359,0.));
#7336=DIRECTION('',(-0.226436308755359,0.974025974025974,0.));
#7337=DIRECTION('',(0.226436308755359,-0.974025974025974,0.));
#7338=DIRECTION('',(0.,0.,-1.));
#7339=DIRECTION('',(0.226436308755359,-0.974025974025974,0.));
#7340=DIRECTION('',(0.,1.,0.));
#7341=DIRECTION('',(0.,0.,1.));
#7342=DIRECTION('',(1.,0.,0.));
#7343=DIRECTION('',(0.,0.,-1.));
#7344=DIRECTION('',(1.,0.,0.));
#7345=DIRECTION('',(-1.,0.,0.));
#7346=DIRECTION('',(0.,0.,1.));
#7347=DIRECTION('',(0.,1.,0.));
#7348=DIRECTION('',(0.,0.,-1.));
#7349=DIRECTION('',(0.,1.,0.));
#7350=DIRECTION('',(0.,1.,0.));
#7351=DIRECTION('',(0.,0.,1.));
#7352=DIRECTION('',(1.,0.,0.));
#7353=DIRECTION('',(0.,0.,-1.));
#7354=DIRECTION('',(1.,0.,0.));
#7355=DIRECTION('',(0.972890430020419,-0.231266537083696,0.));
#7356=DIRECTION('',(0.231266537083696,0.972890430020419,0.));
#7357=DIRECTION('',(-0.231266537083696,-0.972890430020419,0.));
#7358=DIRECTION('',(0.,0.,-1.));
#7359=DIRECTION('',(-0.231266537083696,-0.972890430020419,0.));
#7360=DIRECTION('',(0.,1.,0.));
#7361=DIRECTION('',(0.,0.,1.));
#7362=DIRECTION('',(1.,0.,0.));
#7363=DIRECTION('',(0.,0.,-1.));
#7364=DIRECTION('',(1.,0.,0.));
#7365=DIRECTION('',(0.972762645914396,0.231803439822671,0.));
#7366=DIRECTION('',(-0.231803439822671,0.972762645914396,0.));
#7367=DIRECTION('',(0.231803439822671,-0.972762645914396,0.));
#7368=DIRECTION('',(0.,0.,-1.));
#7369=DIRECTION('',(0.231803439822671,-0.972762645914396,0.));
#7370=DIRECTION('',(0.,1.,0.));
#7371=DIRECTION('',(0.,0.,1.));
#7372=DIRECTION('',(1.,0.,0.));
#7373=DIRECTION('',(0.,0.,-1.));
#7374=DIRECTION('',(1.,0.,0.));
#7375=DIRECTION('',(0.,0.,-1.));
#7376=DIRECTION('',(0.,1.,0.));
#7377=DIRECTION('',(0.,0.,1.));
#7378=DIRECTION('',(1.,0.,0.));
#7379=DIRECTION('',(0.,0.,-1.));
#7380=DIRECTION('',(1.,0.,0.));
#7381=DIRECTION('',(0.974177243509096,-0.225784627973253,0.));
#7382=DIRECTION('',(0.225784627973253,0.974177243509096,0.));
#7383=DIRECTION('',(-0.225784627973253,-0.974177243509096,0.));
#7384=DIRECTION('',(-0.225784627973253,-0.974177243509096,0.));
#7385=DIRECTION('',(0.,0.,1.));
#7386=DIRECTION('',(1.,0.,0.));
#7387=DIRECTION('',(0.,0.,1.));
#7388=DIRECTION('',(1.,0.,0.));
#7389=DIRECTION('',(4.98732103635769E-9,2.74302668345702E-8,1.));
#7390=DIRECTION('',(0.999999970430621,0.000243184614602921,-4.99399150775433E-9));
#7391=CARTESIAN_POINT('',(0.,0.,0.));
#7392=CARTESIAN_POINT('',(0.,3.46944695195361E-18,0.018));
#7393=CARTESIAN_POINT('',(0.0055,-5.20417042793042E-18,0.018));
#7394=CARTESIAN_POINT('',(0.0055,0.0045,0.018));
#7395=CARTESIAN_POINT('',(0.0055,-0.0045,0.018));
#7396=CARTESIAN_POINT('',(0.,0.0045,0.018));
#7397=CARTESIAN_POINT('',(-0.005,0.0045,0.018));
#7398=CARTESIAN_POINT('',(-0.005,-0.005,0.018));
#7399=CARTESIAN_POINT('',(-0.005,-0.0045,0.018));
#7400=CARTESIAN_POINT('',(0.0055,-0.0045,0.018));
#7401=CARTESIAN_POINT('',(0.00114625926918129,-0.00177934011636446,0.018));
#7402=CARTESIAN_POINT('',(-0.000641021944415067,-0.00293071507772051,0.018));
#7403=CARTESIAN_POINT('',(-0.00119707050163984,-0.00328892417275068,0.018));
#7404=CARTESIAN_POINT('',(-0.00202182332374723,-0.00062625235284158,0.018));
#7405=CARTESIAN_POINT('',(-0.00139277604104379,-0.00265709896305998,0.018));
#7406=CARTESIAN_POINT('',(3.21030315616325E-19,-5.63785129692462E-18,0.018));
#7407=CARTESIAN_POINT('',(-0.00160472718185734,-0.00253472891485622,0.018));
#7408=CARTESIAN_POINT('',(0.000468561215133024,-0.00206407653674978,0.018));
#7409=CARTESIAN_POINT('',(-0.00224975663390289,-0.00268115555091642,0.018));
#7410=CARTESIAN_POINT('',(-0.00211408337733502,0.00010301958825216,0.018));
#7411=CARTESIAN_POINT('',(-0.00221756273635251,-0.002020498827107,0.018));
#7412=CARTESIAN_POINT('',(3.21030315616325E-19,-5.63785129692462E-18,0.018));
#7413=CARTESIAN_POINT('',(-0.00237487863791675,-0.00183301703624562,0.018));
#7414=CARTESIAN_POINT('',(-0.000265652236687328,-0.00209985486427775,0.018));
#7415=CARTESIAN_POINT('',(-0.00303108891324554,-0.00175,0.018));
#7416=CARTESIAN_POINT('',(-0.00195135377506852,0.000819865846595494,0.018));
#7417=CARTESIAN_POINT('',(-0.00277487863791674,-0.00114019671321808,0.018));
#7418=CARTESIAN_POINT('',(3.21030315616325E-19,-5.63785129692462E-18,0.018));
#7419=CARTESIAN_POINT('',(-0.00285858468076758,-0.000910216250613511,0.018));
#7420=CARTESIAN_POINT('',(-0.000967824108153734,-0.00188235970461661,0.018));
#7421=CARTESIAN_POINT('',(-0.00344682713554273,-0.000607768621834254,0.018));
#7422=CARTESIAN_POINT('',(-0.0015532621086142,0.0014378241839082,0.018));
#7423=CARTESIAN_POINT('',(-0.00299750322290112,-0.000122370048203751,0.018));
#7424=CARTESIAN_POINT('',(3.21030315616325E-19,-5.63785129692462E-18,0.018));
#7425=CARTESIAN_POINT('',(-0.00299750322290112,0.000122370048203753,0.018));
#7426=CARTESIAN_POINT('',(-0.00155326210861421,-0.00143782418390819,0.018));
#7427=CARTESIAN_POINT('',(-0.00344682713554273,0.000607768621834257,0.018));
#7428=CARTESIAN_POINT('',(-0.00096782410815373,0.00188235970461661,0.018));
#7429=CARTESIAN_POINT('',(-0.00285858468076758,0.000910216250613514,0.018));
#7430=CARTESIAN_POINT('',(3.21030315616325E-19,-5.63785129692462E-18,0.018));
#7431=CARTESIAN_POINT('',(-0.00277487863791674,0.00114019671321808,0.018));
#7432=CARTESIAN_POINT('',(-0.00195135377506852,-0.000819865846595487,0.018));
#7433=CARTESIAN_POINT('',(-0.00303108891324554,0.00175,0.018));
#7434=CARTESIAN_POINT('',(-0.000265652236687326,0.00209985486427775,0.018));
#7435=CARTESIAN_POINT('',(-0.00237487863791675,0.00183301703624562,0.018));
#7436=CARTESIAN_POINT('',(3.21030315616325E-19,-5.63785129692462E-18,0.018));
#7437=CARTESIAN_POINT('',(-0.00221756273635251,0.002020498827107,0.018));
#7438=CARTESIAN_POINT('',(-0.00211408337733502,-0.000103019588252152,0.018));
#7439=CARTESIAN_POINT('',(-0.00224975663390289,0.00268115555091643,0.018));
#7440=CARTESIAN_POINT('',(0.000468561215133024,0.00206407653674978,0.018));
#7441=CARTESIAN_POINT('',(-0.00160472718185733,0.00253472891485622,0.018));
#7442=CARTESIAN_POINT('',(3.21030315616325E-19,-5.63785129692462E-18,0.018));
#7443=CARTESIAN_POINT('',(-0.00139277604104378,0.00265709896305998,0.018));
#7444=CARTESIAN_POINT('',(-0.00202182332374723,0.000626252352841589,0.018));
#7445=CARTESIAN_POINT('',(-0.00119707050163984,0.00328892417275068,0.018));
#7446=CARTESIAN_POINT('',(0.00114625926918129,0.00177934011636446,0.018));
#7447=CARTESIAN_POINT('',(-0.000641021944415063,0.00293071507772051,0.018));
#7448=CARTESIAN_POINT('',(3.21030315616325E-19,-5.63785129692462E-18,0.018));
#7449=CARTESIAN_POINT('',(-0.0004,0.0029732137494637,0.018));
#7450=CARTESIAN_POINT('',(-0.00168570153838119,0.00127998901768226,0.018));
#7451=CARTESIAN_POINT('',(1.51788304147971E-18,0.0035,0.018));
#7452=CARTESIAN_POINT('',(0.00168570153838119,0.00127998901768226,0.018));
#7453=CARTESIAN_POINT('',(0.0004,0.0029732137494637,0.018));
#7454=CARTESIAN_POINT('',(3.21030315616325E-19,-5.63785129692462E-18,0.018));
#7455=CARTESIAN_POINT('',(0.000641021944415065,0.00293071507772051,0.018));
#7456=CARTESIAN_POINT('',(-0.00114625926918129,0.00177934011636446,0.018));
#7457=CARTESIAN_POINT('',(0.00119707050163984,0.00328892417275068,0.018));
#7458=CARTESIAN_POINT('',(0.00202182332374723,0.000626252352841588,0.018));
#7459=CARTESIAN_POINT('',(0.00139277604104379,0.00265709896305998,0.018));
#7460=CARTESIAN_POINT('',(3.21030315616325E-19,-5.63785129692462E-18,0.018));
#7461=CARTESIAN_POINT('',(0.00160472718185734,0.00253472891485622,0.018));
#7462=CARTESIAN_POINT('',(-0.000468561215133023,0.00206407653674978,0.018));
#7463=CARTESIAN_POINT('',(0.00224975663390289,0.00268115555091642,0.018));
#7464=CARTESIAN_POINT('',(0.00211408337733502,-0.000103019588252152,0.018));
#7465=CARTESIAN_POINT('',(0.00221756273635251,0.002020498827107,0.018));
#7466=CARTESIAN_POINT('',(3.21030315616325E-19,-5.63785129692462E-18,0.018));
#7467=CARTESIAN_POINT('',(0.00237487863791675,0.00183301703624562,0.018));
#7468=CARTESIAN_POINT('',(0.000265652236687328,0.00209985486427775,0.018));
#7469=CARTESIAN_POINT('',(0.00303108891324554,0.00175,0.018));
#7470=CARTESIAN_POINT('',(0.00195135377506852,-0.000819865846595489,0.018));
#7471=CARTESIAN_POINT('',(0.00277487863791674,0.00114019671321808,0.018));
#7472=CARTESIAN_POINT('',(3.21030315616325E-19,-5.63785129692462E-18,0.018));
#7473=CARTESIAN_POINT('',(0.00285858468076758,0.000910216250613512,0.018));
#7474=CARTESIAN_POINT('',(0.000967824108153731,0.00188235970461661,0.018));
#7475=CARTESIAN_POINT('',(0.00344682713554273,0.000607768621834256,0.018));
#7476=CARTESIAN_POINT('',(0.00155326210861421,-0.00143782418390819,0.018));
#7477=CARTESIAN_POINT('',(0.00299750322290112,0.000122370048203752,0.018));
#7478=CARTESIAN_POINT('',(3.21030315616325E-19,-5.63785129692462E-18,0.018));
#7479=CARTESIAN_POINT('',(0.00299750322290112,-0.000122370048203754,0.018));
#7480=CARTESIAN_POINT('',(0.0015532621086142,0.0014378241839082,0.018));
#7481=CARTESIAN_POINT('',(0.00344682713554273,-0.000607768621834257,0.018));
#7482=CARTESIAN_POINT('',(0.000967824108153733,-0.00188235970461661,0.018));
#7483=CARTESIAN_POINT('',(0.00285858468076758,-0.000910216250613514,0.018));
#7484=CARTESIAN_POINT('',(3.21030315616325E-19,-5.63785129692462E-18,0.018));
#7485=CARTESIAN_POINT('',(0.00277487863791674,-0.00114019671321808,0.018));
#7486=CARTESIAN_POINT('',(0.00195135377506852,0.000819865846595494,0.018));
#7487=CARTESIAN_POINT('',(0.00303108891324554,-0.00175,0.018));
#7488=CARTESIAN_POINT('',(0.000265652236687328,-0.00209985486427775,0.018));
#7489=CARTESIAN_POINT('',(0.00237487863791675,-0.00183301703624562,0.018));
#7490=CARTESIAN_POINT('',(3.21030315616325E-19,-5.63785129692462E-18,0.018));
#7491=CARTESIAN_POINT('',(0.00221756273635251,-0.002020498827107,0.018));
#7492=CARTESIAN_POINT('',(0.00211408337733502,0.000103019588252158,0.018));
#7493=CARTESIAN_POINT('',(0.00224975663390288,-0.00268115555091643,0.018));
#7494=CARTESIAN_POINT('',(-0.000468561215133025,-0.00206407653674978,0.018));
#7495=CARTESIAN_POINT('',(0.00160472718185733,-0.00253472891485622,0.018));
#7496=CARTESIAN_POINT('',(3.21030315616325E-19,-5.63785129692462E-18,0.018));
#7497=CARTESIAN_POINT('',(0.00139277604104378,-0.00265709896305998,0.018));
#7498=CARTESIAN_POINT('',(0.00202182332374723,-0.000626252352841582,0.018));
#7499=CARTESIAN_POINT('',(0.00119707050163984,-0.00328892417275068,0.018));
#7500=CARTESIAN_POINT('',(-0.00114625926918129,-0.00177934011636446,0.018));
#7501=CARTESIAN_POINT('',(0.000641021944415063,-0.00293071507772051,0.018));
#7502=CARTESIAN_POINT('',(3.21030315616325E-19,-5.63785129692462E-18,0.018));
#7503=CARTESIAN_POINT('',(0.0004,-0.0029732137494637,0.018));
#7504=CARTESIAN_POINT('',(0.0002,-0.00323660687473185,0.018));
#7505=CARTESIAN_POINT('',(-3.25260651745652E-19,-0.0035,0.018));
#7506=CARTESIAN_POINT('',(-0.0002,-0.00323660687473185,0.018));
#7507=CARTESIAN_POINT('',(-0.0004,-0.0029732137494637,0.018));
#7508=CARTESIAN_POINT('',(3.21030315616325E-19,-5.63785129692462E-18,0.018));
#7509=CARTESIAN_POINT('',(-5.42101086242752E-19,-3.55618312575245E-17,0.016));
#7510=CARTESIAN_POINT('',(-0.00139277604104379,-0.00265709896305998,0.025));
#7511=CARTESIAN_POINT('',(-0.00139277604104379,-0.00265709896305998,0.025));
#7512=CARTESIAN_POINT('',(3.21030315616325E-19,-5.63785129692462E-18,0.025));
#7513=CARTESIAN_POINT('',(-0.00160472718185734,-0.00253472891485622,0.025));
#7514=CARTESIAN_POINT('',(-0.00160472718185734,-0.00253472891485622,0.025));
#7515=CARTESIAN_POINT('',(-5.42101086242752E-19,-3.55618312575245E-17,0.016));
#7516=CARTESIAN_POINT('',(-0.00221756273635251,-0.002020498827107,0.025));
#7517=CARTESIAN_POINT('',(-0.00221756273635251,-0.002020498827107,0.025));
#7518=CARTESIAN_POINT('',(3.21030315616325E-19,-5.63785129692462E-18,0.025));
#7519=CARTESIAN_POINT('',(-0.00237487863791675,-0.00183301703624562,0.025));
#7520=CARTESIAN_POINT('',(-0.00237487863791675,-0.00183301703624562,0.025));
#7521=CARTESIAN_POINT('',(-5.42101086242752E-19,-3.55618312575245E-17,0.016));
#7522=CARTESIAN_POINT('',(-0.00277487863791674,-0.00114019671321808,0.025));
#7523=CARTESIAN_POINT('',(-0.00277487863791674,-0.00114019671321808,0.025));
#7524=CARTESIAN_POINT('',(3.21030315616325E-19,-5.63785129692462E-18,0.025));
#7525=CARTESIAN_POINT('',(-0.00285858468076758,-0.000910216250613511,0.025));
#7526=CARTESIAN_POINT('',(-0.00285858468076758,-0.000910216250613511,0.025));
#7527=CARTESIAN_POINT('',(-5.42101086242752E-19,-3.55618312575245E-17,0.016));
#7528=CARTESIAN_POINT('',(-0.00299750322290112,-0.000122370048203751,0.025));
#7529=CARTESIAN_POINT('',(-0.00299750322290112,-0.000122370048203751,0.025));
#7530=CARTESIAN_POINT('',(3.21030315616325E-19,-5.63785129692462E-18,0.025));
#7531=CARTESIAN_POINT('',(-0.00299750322290112,0.000122370048203753,0.025));
#7532=CARTESIAN_POINT('',(-0.00299750322290112,0.000122370048203753,0.025));
#7533=CARTESIAN_POINT('',(-5.42101086242752E-19,-3.55618312575245E-17,0.016));
#7534=CARTESIAN_POINT('',(-0.00285858468076758,0.000910216250613514,0.025));
#7535=CARTESIAN_POINT('',(-0.00285858468076758,0.000910216250613514,0.025));
#7536=CARTESIAN_POINT('',(3.21030315616325E-19,-5.63785129692462E-18,0.025));
#7537=CARTESIAN_POINT('',(-0.00277487863791674,0.00114019671321808,0.025));
#7538=CARTESIAN_POINT('',(-0.00277487863791674,0.00114019671321808,0.025));
#7539=CARTESIAN_POINT('',(-5.42101086242752E-19,-3.55618312575245E-17,0.016));
#7540=CARTESIAN_POINT('',(-0.00237487863791675,0.00183301703624562,0.025));
#7541=CARTESIAN_POINT('',(-0.00237487863791675,0.00183301703624562,0.025));
#7542=CARTESIAN_POINT('',(3.21030315616325E-19,-5.63785129692462E-18,0.025));
#7543=CARTESIAN_POINT('',(-0.00221756273635251,0.002020498827107,0.025));
#7544=CARTESIAN_POINT('',(-0.00221756273635251,0.002020498827107,0.025));
#7545=CARTESIAN_POINT('',(-5.42101086242752E-19,-3.55618312575245E-17,0.016));
#7546=CARTESIAN_POINT('',(-0.00160472718185733,0.00253472891485622,0.025));
#7547=CARTESIAN_POINT('',(-0.00160472718185733,0.00253472891485622,0.025));
#7548=CARTESIAN_POINT('',(3.21030315616325E-19,-5.63785129692462E-18,0.025));
#7549=CARTESIAN_POINT('',(-0.00139277604104378,0.00265709896305998,0.025));
#7550=CARTESIAN_POINT('',(-0.00139277604104378,0.00265709896305998,0.025));
#7551=CARTESIAN_POINT('',(-5.42101086242752E-19,-3.55618312575245E-17,0.016));
#7552=CARTESIAN_POINT('',(-0.000641021944415063,0.00293071507772051,0.025));
#7553=CARTESIAN_POINT('',(-0.000641021944415063,0.00293071507772051,0.025));
#7554=CARTESIAN_POINT('',(3.21030315616325E-19,-5.63785129692462E-18,0.025));
#7555=CARTESIAN_POINT('',(-0.0004,0.0029732137494637,0.025));
#7556=CARTESIAN_POINT('',(-0.0004,0.0029732137494637,0.025));
#7557=CARTESIAN_POINT('',(-5.42101086242752E-19,-3.55618312575245E-17,0.016));
#7558=CARTESIAN_POINT('',(0.0004,0.0029732137494637,0.025));
#7559=CARTESIAN_POINT('',(0.0004,0.0029732137494637,0.025));
#7560=CARTESIAN_POINT('',(3.21030315616325E-19,-5.63785129692462E-18,0.025));
#7561=CARTESIAN_POINT('',(0.000641021944415065,0.00293071507772051,0.025));
#7562=CARTESIAN_POINT('',(0.000641021944415065,0.00293071507772051,0.025));
#7563=CARTESIAN_POINT('',(-5.42101086242752E-19,-3.55618312575245E-17,0.016));
#7564=CARTESIAN_POINT('',(0.00139277604104379,0.00265709896305998,0.025));
#7565=CARTESIAN_POINT('',(0.00139277604104379,0.00265709896305998,0.025));
#7566=CARTESIAN_POINT('',(3.21030315616325E-19,-5.63785129692462E-18,0.025));
#7567=CARTESIAN_POINT('',(0.00160472718185734,0.00253472891485622,0.025));
#7568=CARTESIAN_POINT('',(0.00160472718185734,0.00253472891485622,0.025));
#7569=CARTESIAN_POINT('',(-5.42101086242752E-19,-3.55618312575245E-17,0.016));
#7570=CARTESIAN_POINT('',(0.00221756273635251,0.002020498827107,0.025));
#7571=CARTESIAN_POINT('',(0.00221756273635251,0.002020498827107,0.025));
#7572=CARTESIAN_POINT('',(3.21030315616325E-19,-5.63785129692462E-18,0.025));
#7573=CARTESIAN_POINT('',(0.00237487863791675,0.00183301703624562,0.025));
#7574=CARTESIAN_POINT('',(0.00237487863791675,0.00183301703624562,0.025));
#7575=CARTESIAN_POINT('',(-5.42101086242752E-19,-3.55618312575245E-17,0.016));
#7576=CARTESIAN_POINT('',(0.00277487863791674,0.00114019671321808,0.025));
#7577=CARTESIAN_POINT('',(0.00277487863791674,0.00114019671321808,0.025));
#7578=CARTESIAN_POINT('',(3.21030315616325E-19,-5.63785129692462E-18,0.025));
#7579=CARTESIAN_POINT('',(0.00285858468076758,0.000910216250613512,0.025));
#7580=CARTESIAN_POINT('',(0.00285858468076758,0.000910216250613512,0.025));
#7581=CARTESIAN_POINT('',(-5.42101086242752E-19,-3.55618312575245E-17,0.016));
#7582=CARTESIAN_POINT('',(0.00299750322290112,0.000122370048203752,0.025));
#7583=CARTESIAN_POINT('',(0.00299750322290112,0.000122370048203752,0.025));
#7584=CARTESIAN_POINT('',(3.21030315616325E-19,-5.63785129692462E-18,0.025));
#7585=CARTESIAN_POINT('',(0.00299750322290112,-0.000122370048203754,0.025));
#7586=CARTESIAN_POINT('',(0.00299750322290112,-0.000122370048203754,0.025));
#7587=CARTESIAN_POINT('',(-5.42101086242752E-19,-3.55618312575245E-17,0.016));
#7588=CARTESIAN_POINT('',(0.00285858468076758,-0.000910216250613514,0.025));
#7589=CARTESIAN_POINT('',(0.00285858468076758,-0.000910216250613514,0.025));
#7590=CARTESIAN_POINT('',(3.21030315616325E-19,-5.63785129692462E-18,0.025));
#7591=CARTESIAN_POINT('',(0.00277487863791674,-0.00114019671321808,0.025));
#7592=CARTESIAN_POINT('',(0.00277487863791674,-0.00114019671321808,0.025));
#7593=CARTESIAN_POINT('',(-5.42101086242752E-19,-3.55618312575245E-17,0.016));
#7594=CARTESIAN_POINT('',(0.00237487863791675,-0.00183301703624562,0.025));
#7595=CARTESIAN_POINT('',(0.00237487863791675,-0.00183301703624562,0.025));
#7596=CARTESIAN_POINT('',(3.21030315616325E-19,-5.63785129692462E-18,0.025));
#7597=CARTESIAN_POINT('',(0.00221756273635251,-0.002020498827107,0.025));
#7598=CARTESIAN_POINT('',(0.00221756273635251,-0.002020498827107,0.025));
#7599=CARTESIAN_POINT('',(-5.42101086242752E-19,-3.55618312575245E-17,0.016));
#7600=CARTESIAN_POINT('',(0.00160472718185733,-0.00253472891485622,0.025));
#7601=CARTESIAN_POINT('',(0.00160472718185733,-0.00253472891485622,0.025));
#7602=CARTESIAN_POINT('',(3.21030315616325E-19,-5.63785129692462E-18,0.025));
#7603=CARTESIAN_POINT('',(0.00139277604104378,-0.00265709896305998,0.025));
#7604=CARTESIAN_POINT('',(0.00139277604104378,-0.00265709896305998,0.025));
#7605=CARTESIAN_POINT('',(-5.42101086242752E-19,-3.55618312575245E-17,0.016));
#7606=CARTESIAN_POINT('',(0.000641021944415063,-0.00293071507772051,0.025));
#7607=CARTESIAN_POINT('',(0.000641021944415063,-0.00293071507772051,0.025));
#7608=CARTESIAN_POINT('',(3.21030315616325E-19,-5.63785129692462E-18,0.025));
#7609=CARTESIAN_POINT('',(0.0004,-0.00297321374946371,0.025));
#7610=CARTESIAN_POINT('',(0.0004,-0.0029732137494637,0.025));
#7611=CARTESIAN_POINT('',(-5.42101086242752E-19,-3.55618312575245E-17,0.016));
#7612=CARTESIAN_POINT('',(3.21030315616325E-19,-5.63785129692462E-18,0.025));
#7613=CARTESIAN_POINT('',(-0.000641021944415067,-0.00293071507772051,0.025));
#7614=CARTESIAN_POINT('',(-0.0004,-0.0029732137494637,0.025));
#7615=CARTESIAN_POINT('',(-0.000641021944415067,-0.00293071507772051,0.025));
#7616=CARTESIAN_POINT('',(-0.0004,-0.0029732137494637,0.025));
#7617=CARTESIAN_POINT('',(1.7347234759768E-18,0.012,0.016));
#7618=CARTESIAN_POINT('',(1.7347234759768E-18,0.012,0.0155));
#7619=CARTESIAN_POINT('',(-0.0115,0.012,0.0155));
#7620=CARTESIAN_POINT('',(0.0115,0.012,0.0155));
#7621=CARTESIAN_POINT('',(0.0115,0.012,0.016));
#7622=CARTESIAN_POINT('',(0.0115,0.012,0.));
#7623=CARTESIAN_POINT('',(1.7347234759768E-18,0.012,0.));
#7624=CARTESIAN_POINT('',(-0.0115,0.012,0.));
#7625=CARTESIAN_POINT('',(-0.0115,0.012,0.016));
#7626=CARTESIAN_POINT('',(-0.012,0.,0.016));
#7627=CARTESIAN_POINT('',(-0.012,0.012,0.0155));
#7628=CARTESIAN_POINT('',(-0.012,-0.0115,0.0155));
#7629=CARTESIAN_POINT('',(-0.012,0.0115,0.0155));
#7630=CARTESIAN_POINT('',(-0.012,0.0115,0.));
#7631=CARTESIAN_POINT('',(-0.012,0.0115,0.));
#7632=CARTESIAN_POINT('',(-0.012,0.,0.));
#7633=CARTESIAN_POINT('',(-0.012,-0.0115,0.));
#7634=CARTESIAN_POINT('',(-0.012,-0.0115,0.016));
#7635=CARTESIAN_POINT('',(1.7347234759768E-18,-0.012,0.016));
#7636=CARTESIAN_POINT('',(1.7347234759768E-18,-0.012,0.));
#7637=CARTESIAN_POINT('',(-0.0115,-0.012,0.));
#7638=CARTESIAN_POINT('',(0.0115,-0.012,0.));
#7639=CARTESIAN_POINT('',(0.0115,-0.012,0.016));
#7640=CARTESIAN_POINT('',(0.0115,-0.012,0.0155));
#7641=CARTESIAN_POINT('',(-0.012,-0.012,0.0155));
#7642=CARTESIAN_POINT('',(-0.0115,-0.012,0.0155));
#7643=CARTESIAN_POINT('',(-0.0115,-0.012,0.016));
#7644=CARTESIAN_POINT('',(0.012,3.46944695195361E-18,0.016));
#7645=CARTESIAN_POINT('',(0.012,3.46944695195361E-18,0.));
#7646=CARTESIAN_POINT('',(0.012,0.0115,0.));
#7647=CARTESIAN_POINT('',(0.012,-0.0115,0.));
#7648=CARTESIAN_POINT('',(0.012,0.0115,0.016));
#7649=CARTESIAN_POINT('',(0.012,0.0115,0.0155));
#7650=CARTESIAN_POINT('',(0.012,3.46944695195361E-18,0.0155));
#7651=CARTESIAN_POINT('',(0.012,-0.0115,0.0155));
#7652=CARTESIAN_POINT('',(0.012,-0.0115,0.));
#7653=CARTESIAN_POINT('',(0.,3.46944695195361E-18,0.016));
#7654=CARTESIAN_POINT('',(0.012,-0.0115,0.016));
#7655=CARTESIAN_POINT('',(-0.0115,-0.0115,0.016));
#7656=CARTESIAN_POINT('',(0.0115,-0.0115,0.016));
#7657=CARTESIAN_POINT('',(0.0115,3.46944695195361E-18,0.016));
#7658=CARTESIAN_POINT('',(0.0115,0.0115,0.016));
#7659=CARTESIAN_POINT('',(0.,0.0115,0.016));
#7660=CARTESIAN_POINT('',(-0.0115,0.0115,0.016));
#7661=CARTESIAN_POINT('',(-0.0115,-0.012,0.016));
#7662=CARTESIAN_POINT('',(0.,0.005,0.016));
#7663=CARTESIAN_POINT('',(0.0055,0.005,0.016));
#7664=CARTESIAN_POINT('',(-0.0055,0.005,0.016));
#7665=CARTESIAN_POINT('',(0.0055,3.46944695195361E-18,0.016));
#7666=CARTESIAN_POINT('',(0.0055,-0.005,0.016));
#7667=CARTESIAN_POINT('',(0.,-0.005,0.016));
#7668=CARTESIAN_POINT('',(-0.0055,-0.005,0.016));
#7669=CARTESIAN_POINT('',(-0.0055,3.46944695195361E-18,0.016));
#7670=CARTESIAN_POINT('',(0.,3.46944695195361E-18,0.));
#7671=CARTESIAN_POINT('',(0.0115,0.0115,0.));
#7672=CARTESIAN_POINT('',(0.0115,-0.0115,0.));
#7673=CARTESIAN_POINT('',(-0.0115,-0.0115,0.));
#7674=CARTESIAN_POINT('',(-0.0115,0.0115,0.));
#7675=CARTESIAN_POINT('',(0.,0.005,0.018));
#7676=CARTESIAN_POINT('',(-0.0055,0.005,0.018));
#7677=CARTESIAN_POINT('',(-0.0055,0.005,0.0175));
#7678=CARTESIAN_POINT('',(0.,0.005,0.0175));
#7679=CARTESIAN_POINT('',(0.0055,0.005,0.0175));
#7680=CARTESIAN_POINT('',(0.0055,0.005,0.018));
#7681=CARTESIAN_POINT('',(-0.0055,-5.20417042793042E-18,0.018));
#7682=CARTESIAN_POINT('',(-0.0055,-0.005,0.018));
#7683=CARTESIAN_POINT('',(-0.0055,-0.005,0.0175));
#7684=CARTESIAN_POINT('',(-0.0055,0.005,0.0175));
#7685=CARTESIAN_POINT('',(0.,-0.005,0.018));
#7686=CARTESIAN_POINT('',(0.0055,-0.005,0.018));
#7687=CARTESIAN_POINT('',(0.0055,-0.005,0.0175));
#7688=CARTESIAN_POINT('',(-0.0055,-0.005,0.0175));
#7689=CARTESIAN_POINT('',(0.0055,-5.20417042793042E-18,0.018));
#7690=CARTESIAN_POINT('',(0.0055,0.0045,0.0175));
#7691=CARTESIAN_POINT('',(0.0055,-0.0045,0.0175));
#7692=CARTESIAN_POINT('',(0.,3.46944695195361E-18,0.025));
#7693=CARTESIAN_POINT('',(0.00091904622302745,-0.00310981962523559,0.025));
#7694=CARTESIAN_POINT('',(0.00119707050163984,-0.00328892417275068,0.025));
#7695=CARTESIAN_POINT('',(0.00129492327134181,-0.00297301156790532,0.025));
#7696=CARTESIAN_POINT('',(0.00192724190788011,-0.00260794223288633,0.025));
#7697=CARTESIAN_POINT('',(0.00224975663390288,-0.00268115555091643,0.025));
#7698=CARTESIAN_POINT('',(0.0022336596851277,-0.00235082718901171,0.025));
#7699=CARTESIAN_POINT('',(0.00270298377558114,-0.00179150851812281,0.025));
#7700=CARTESIAN_POINT('',(0.00303108891324554,-0.00175,0.025));
#7701=CARTESIAN_POINT('',(0.00290298377558114,-0.00144509835660904,0.025));
#7702=CARTESIAN_POINT('',(0.00315270590815515,-0.000758992436223887,0.025));
#7703=CARTESIAN_POINT('',(0.00344682713554273,-0.000607768621834257,0.025));
#7704=CARTESIAN_POINT('',(0.00322216517922192,-0.000365069335019004,0.025));
#7705=CARTESIAN_POINT('',(0.00322216517922192,0.000365069335019002,0.025));
#7706=CARTESIAN_POINT('',(0.00344682713554273,0.000607768621834256,0.025));
#7707=CARTESIAN_POINT('',(0.00315270590815515,0.000758992436223886,0.025));
#7708=CARTESIAN_POINT('',(0.00290298377558114,0.00144509835660904,0.025));
#7709=CARTESIAN_POINT('',(0.00303108891324554,0.00175,0.025));
#7710=CARTESIAN_POINT('',(0.00270298377558114,0.00179150851812281,0.025));
#7711=CARTESIAN_POINT('',(0.00223365968512771,0.00235082718901171,0.025));
#7712=CARTESIAN_POINT('',(0.00224975663390289,0.00268115555091643,0.025));
#7713=CARTESIAN_POINT('',(0.00192724190788011,0.00260794223288633,0.025));
#7714=CARTESIAN_POINT('',(0.00129492327134181,0.00297301156790532,0.025));
#7715=CARTESIAN_POINT('',(0.00119707050163984,0.00328892417275068,0.025));
#7716=CARTESIAN_POINT('',(0.000919046223027451,0.00310981962523559,0.025));
#7717=CARTESIAN_POINT('',(0.0002,0.00323660687473185,0.025));
#7718=CARTESIAN_POINT('',(7.53887031447225E-19,0.0035,0.025));
#7719=CARTESIAN_POINT('',(-0.0002,0.00323660687473185,0.025));
#7720=CARTESIAN_POINT('',(-0.00091904622302745,0.00310981962523559,0.025));
#7721=CARTESIAN_POINT('',(-0.00119707050163984,0.00328892417275068,0.025));
#7722=CARTESIAN_POINT('',(-0.00129492327134181,0.00297301156790532,0.025));
#7723=CARTESIAN_POINT('',(-0.00192724190788011,0.00260794223288633,0.025));
#7724=CARTESIAN_POINT('',(-0.00224975663390289,0.00268115555091643,0.025));
#7725=CARTESIAN_POINT('',(-0.0022336596851277,0.00235082718901171,0.025));
#7726=CARTESIAN_POINT('',(-0.00270298377558114,0.00179150851812281,0.025));
#7727=CARTESIAN_POINT('',(-0.00303108891324554,0.00175,0.025));
#7728=CARTESIAN_POINT('',(-0.00290298377558114,0.00144509835660904,0.025));
#7729=CARTESIAN_POINT('',(-0.00315270590815515,0.000758992436223886,0.025));
#7730=CARTESIAN_POINT('',(-0.00344682713554273,0.000607768621834257,0.025));
#7731=CARTESIAN_POINT('',(-0.00322216517922192,0.000365069335019003,0.025));
#7732=CARTESIAN_POINT('',(-0.00322216517922192,-0.000365069335019002,0.025));
#7733=CARTESIAN_POINT('',(-0.00344682713554273,-0.000607768621834255,0.025));
#7734=CARTESIAN_POINT('',(-0.00315270590815515,-0.000758992436223885,0.025));
#7735=CARTESIAN_POINT('',(-0.00290298377558114,-0.00144509835660904,0.025));
#7736=CARTESIAN_POINT('',(-0.00303108891324554,-0.00175,0.025));
#7737=CARTESIAN_POINT('',(-0.00270298377558114,-0.00179150851812281,0.025));
#7738=CARTESIAN_POINT('',(-0.00223365968512771,-0.00235082718901171,0.025));
#7739=CARTESIAN_POINT('',(-0.00224975663390289,-0.00268115555091643,0.025));
#7740=CARTESIAN_POINT('',(-0.00192724190788011,-0.00260794223288633,0.025));
#7741=CARTESIAN_POINT('',(-0.00129492327134182,-0.00297301156790532,0.025));
#7742=CARTESIAN_POINT('',(-0.00119707050163984,-0.00328892417275068,0.025));
#7743=CARTESIAN_POINT('',(-0.000919046223027453,-0.00310981962523559,0.025));
#7744=CARTESIAN_POINT('',(-0.0002,-0.00323660687473185,0.025));
#7745=CARTESIAN_POINT('',(-3.25260651745652E-19,-0.0035,0.025));
#7746=CARTESIAN_POINT('',(0.0002,-0.00323660687473185,0.025));
#7747=CARTESIAN_POINT('',(-0.0115,-0.0115,0.016));
#7748=CARTESIAN_POINT('',(-0.0115,-0.0115,0.0155));
#7749=CARTESIAN_POINT('',(-0.0115,-0.0115,0.0155));
#7750=CARTESIAN_POINT('',(-0.0115,-0.0115,0.0155));
#7751=CARTESIAN_POINT('',(-0.0115,-0.0115,0.0155));
#7752=CARTESIAN_POINT('',(0.0115,-0.0115,0.016));
#7753=CARTESIAN_POINT('',(0.0115,-0.0115,0.0155));
#7754=CARTESIAN_POINT('',(0.,-0.0115,0.0155));
#7755=CARTESIAN_POINT('',(0.0115,-0.0115,0.0155));
#7756=CARTESIAN_POINT('',(-0.0115,3.46944695195361E-18,0.0155));
#7757=CARTESIAN_POINT('',(-0.0115,0.0115,0.0155));
#7758=CARTESIAN_POINT('',(-0.0115,0.0115,0.016));
#7759=CARTESIAN_POINT('',(-0.0115,0.0115,0.0155));
#7760=CARTESIAN_POINT('',(0.0115,-0.0115,0.0155));
#7761=CARTESIAN_POINT('',(0.0115,-0.0115,0.0155));
#7762=CARTESIAN_POINT('',(-0.0115,0.0115,0.0155));
#7763=CARTESIAN_POINT('',(-0.0115,0.0115,0.0155));
#7764=CARTESIAN_POINT('',(0.0115,3.46944695195361E-18,0.0155));
#7765=CARTESIAN_POINT('',(0.0115,0.0115,0.0155));
#7766=CARTESIAN_POINT('',(1.7347234759768E-18,0.0115,0.0155));
#7767=CARTESIAN_POINT('',(0.0115,0.0115,0.0155));
#7768=CARTESIAN_POINT('',(0.0115,0.0115,0.0155));
#7769=CARTESIAN_POINT('',(0.0115,0.0115,0.0155));
#7770=CARTESIAN_POINT('',(0.0115,0.0115,0.016));
#7771=CARTESIAN_POINT('',(0.,0.0045,0.0175));
#7772=CARTESIAN_POINT('',(-0.005,0.0045,0.0175));
#7773=CARTESIAN_POINT('',(0.,-0.0045,0.0175));
#7774=CARTESIAN_POINT('',(-0.005,-0.0045,0.0175));
#7775=CARTESIAN_POINT('',(-0.005,3.46944695195361E-18,0.0175));
#7776=CARTESIAN_POINT('',(0.0002,-0.00323660687473185,0.025));
#7777=CARTESIAN_POINT('',(-3.25260651745652E-19,-0.0035,0.025));
#7778=CARTESIAN_POINT('',(-0.0002,-0.00323660687473185,0.025));
#7779=CARTESIAN_POINT('',(0.00091904622302745,-0.00310981962523559,0.025));
#7780=CARTESIAN_POINT('',(0.00119707050163984,-0.00328892417275068,0.025));
#7781=CARTESIAN_POINT('',(0.00129492327134181,-0.00297301156790532,0.025));
#7782=CARTESIAN_POINT('',(0.00192724190788011,-0.00260794223288633,0.025));
#7783=CARTESIAN_POINT('',(0.00224975663390288,-0.00268115555091643,0.025));
#7784=CARTESIAN_POINT('',(0.0022336596851277,-0.00235082718901171,0.025));
#7785=CARTESIAN_POINT('',(0.00270298377558114,-0.00179150851812281,0.025));
#7786=CARTESIAN_POINT('',(0.00303108891324554,-0.00175,0.025));
#7787=CARTESIAN_POINT('',(0.00290298377558114,-0.00144509835660904,0.025));
#7788=CARTESIAN_POINT('',(0.00315270590815515,-0.000758992436223887,0.025));
#7789=CARTESIAN_POINT('',(0.00344682713554273,-0.000607768621834257,0.025));
#7790=CARTESIAN_POINT('',(0.00322216517922192,-0.000365069335019004,0.025));
#7791=CARTESIAN_POINT('',(0.00322216517922192,0.000365069335019002,0.025));
#7792=CARTESIAN_POINT('',(0.00344682713554273,0.000607768621834256,0.025));
#7793=CARTESIAN_POINT('',(0.00315270590815515,0.000758992436223886,0.025));
#7794=CARTESIAN_POINT('',(0.00290298377558114,0.00144509835660904,0.025));
#7795=CARTESIAN_POINT('',(0.00303108891324554,0.00175,0.025));
#7796=CARTESIAN_POINT('',(0.00270298377558114,0.00179150851812281,0.025));
#7797=CARTESIAN_POINT('',(0.00223365968512771,0.00235082718901171,0.025));
#7798=CARTESIAN_POINT('',(0.00224975663390289,0.00268115555091643,0.025));
#7799=CARTESIAN_POINT('',(0.00192724190788011,0.00260794223288633,0.025));
#7800=CARTESIAN_POINT('',(0.00129492327134181,0.00297301156790532,0.025));
#7801=CARTESIAN_POINT('',(0.00119707050163984,0.00328892417275068,0.025));
#7802=CARTESIAN_POINT('',(0.000919046223027451,0.00310981962523559,0.025));
#7803=CARTESIAN_POINT('',(0.0002,0.00323660687473185,0.025));
#7804=CARTESIAN_POINT('',(7.53887031447225E-19,0.0035,0.025));
#7805=CARTESIAN_POINT('',(-0.0002,0.00323660687473185,0.025));
#7806=CARTESIAN_POINT('',(-0.00091904622302745,0.00310981962523559,0.025));
#7807=CARTESIAN_POINT('',(-0.00119707050163984,0.00328892417275068,0.025));
#7808=CARTESIAN_POINT('',(-0.00129492327134181,0.00297301156790532,0.025));
#7809=CARTESIAN_POINT('',(-0.00192724190788011,0.00260794223288633,0.025));
#7810=CARTESIAN_POINT('',(-0.00224975663390289,0.00268115555091643,0.025));
#7811=CARTESIAN_POINT('',(-0.0022336596851277,0.00235082718901171,0.025));
#7812=CARTESIAN_POINT('',(-0.00270298377558114,0.00179150851812281,0.025));
#7813=CARTESIAN_POINT('',(-0.00303108891324554,0.00175,0.025));
#7814=CARTESIAN_POINT('',(-0.00290298377558114,0.00144509835660904,0.025));
#7815=CARTESIAN_POINT('',(-0.00315270590815515,0.000758992436223886,0.025));
#7816=CARTESIAN_POINT('',(-0.00344682713554273,0.000607768621834257,0.025));
#7817=CARTESIAN_POINT('',(-0.00322216517922192,0.000365069335019003,0.025));
#7818=CARTESIAN_POINT('',(-0.00322216517922192,-0.000365069335019002,0.025));
#7819=CARTESIAN_POINT('',(-0.00344682713554273,-0.000607768621834255,0.025));
#7820=CARTESIAN_POINT('',(-0.00315270590815515,-0.000758992436223885,0.025));
#7821=CARTESIAN_POINT('',(-0.00290298377558114,-0.00144509835660904,0.025));
#7822=CARTESIAN_POINT('',(-0.00303108891324554,-0.00175,0.025));
#7823=CARTESIAN_POINT('',(-0.00270298377558114,-0.00179150851812281,0.025));
#7824=CARTESIAN_POINT('',(-0.00223365968512771,-0.00235082718901171,0.025));
#7825=CARTESIAN_POINT('',(-0.00224975663390289,-0.00268115555091643,0.025));
#7826=CARTESIAN_POINT('',(-0.00192724190788011,-0.00260794223288633,0.025));
#7827=CARTESIAN_POINT('',(-0.00129492327134182,-0.00297301156790532,0.025));
#7828=CARTESIAN_POINT('',(-0.00119707050163984,-0.00328892417275068,0.025));
#7829=CARTESIAN_POINT('',(-0.000919046223027453,-0.00310981962523559,0.025));
#7830=CARTESIAN_POINT('',(0.0257598179109426,0.0146723726111926,0.0370520380446597));
#7831=CARTESIAN_POINT('',(-0.023252977989614,0.0195,0.027));
#7832=CARTESIAN_POINT('',(-0.023252977989614,0.0195,0.025));
#7833=CARTESIAN_POINT('',(-0.0236006323248148,0.021,0.025));
#7834=CARTESIAN_POINT('',(-0.0229053236544132,0.018,0.025));
#7835=CARTESIAN_POINT('',(-0.0229053236544132,0.018,0.027));
#7836=CARTESIAN_POINT('',(-0.0229053236544132,0.018,0.027));
#7837=CARTESIAN_POINT('',(-0.023252977989614,0.0195,0.027));
#7838=CARTESIAN_POINT('',(-0.0236006323248148,0.021,0.027));
#7839=CARTESIAN_POINT('',(-0.0236006323248148,0.021,0.027));
#7840=CARTESIAN_POINT('',(-0.0247174921658115,0.018,0.027));
#7841=CARTESIAN_POINT('',(-0.0247174921658115,0.018,0.025));
#7842=CARTESIAN_POINT('',(-0.0265296606772099,0.0179999999999986,0.025));
#7843=CARTESIAN_POINT('',(-0.0265296606772099,0.0179999999999986,0.027));
#7844=CARTESIAN_POINT('',(-0.0265296606772099,0.0179999999999986,0.027));
#7845=CARTESIAN_POINT('',(-0.0247174921658115,0.018,0.027));
#7846=CARTESIAN_POINT('',(-0.0265296606772099,0.0179999999999986,0.027));
#7847=CARTESIAN_POINT('',(-0.0265296606772099,0.0179999999999986,0.025));
#7848=CARTESIAN_POINT('',(-0.0270541724047083,0.0110951206810697,0.027));
#7849=CARTESIAN_POINT('',(-0.0270541724047083,0.0110951206810697,0.025));
#7850=CARTESIAN_POINT('',(-0.0273272174105584,0.00490097350270283,0.027));
#7851=CARTESIAN_POINT('',(-0.0273272174105584,0.00490097350270283,0.025));
#7852=CARTESIAN_POINT('',(-0.0274366252124309,0.,0.027));
#7853=CARTESIAN_POINT('',(-0.0274366252124309,0.,0.025));
#7854=CARTESIAN_POINT('',(-0.0265296606772099,0.0179999999999986,0.025));
#7855=CARTESIAN_POINT('',(-0.0269230444728337,0.0128213405108019,0.025));
#7856=CARTESIAN_POINT('',(-0.0271893666982531,0.00799655809357162,0.025));
#7857=CARTESIAN_POINT('',(-0.0273545693610265,0.00367573012702712,0.025));
#7858=CARTESIAN_POINT('',(-0.0274366252124309,0.,0.025));
#7859=CARTESIAN_POINT('',(-0.0274366252124309,0.,0.025));
#7860=CARTESIAN_POINT('',(-0.0274366252124309,0.,0.027));
#7861=CARTESIAN_POINT('',(-0.0274366252124309,0.,0.027));
#7862=CARTESIAN_POINT('',(-0.0265296606772099,0.0179999999999986,0.027));
#7863=CARTESIAN_POINT('',(-0.0269230444728337,0.0128213405108019,0.027));
#7864=CARTESIAN_POINT('',(-0.0271893666982531,0.00799655809357162,0.027));
#7865=CARTESIAN_POINT('',(-0.0273545693610265,0.00367573012702712,0.027));
#7866=CARTESIAN_POINT('',(-0.0274366252124309,0.,0.027));
#7867=CARTESIAN_POINT('',(-0.0251582625802095,0.,0.027));
#7868=CARTESIAN_POINT('',(-0.0251582625802095,0.,0.025));
#7869=CARTESIAN_POINT('',(-0.022879899947988,1.5178830414797E-17,0.025));
#7870=CARTESIAN_POINT('',(-0.022879899947988,1.5178830414797E-17,0.027));
#7871=CARTESIAN_POINT('',(-0.022879899947988,1.5178830414797E-17,0.027));
#7872=CARTESIAN_POINT('',(-0.0251582625802095,0.,0.027));
#7873=CARTESIAN_POINT('',(-0.0232373408521945,-0.00149999999999999,0.027));
#7874=CARTESIAN_POINT('',(-0.0232373408521945,-0.00149999999999999,0.025));
#7875=CARTESIAN_POINT('',(-0.0235947817564011,-0.003,0.025));
#7876=CARTESIAN_POINT('',(-0.0235947817564011,-0.003,0.027));
#7877=CARTESIAN_POINT('',(-0.0235947817564011,-0.003,0.027));
#7878=CARTESIAN_POINT('',(-0.0232373408521945,-0.00149999999999999,0.027));
#7879=CARTESIAN_POINT('',(-0.0203501433134079,-0.003,0.027));
#7880=CARTESIAN_POINT('',(-0.0203501433134079,-0.003,0.025));
#7881=CARTESIAN_POINT('',(-0.0171055048704148,-0.003,0.025));
#7882=CARTESIAN_POINT('',(-0.0171055048704148,-0.003,0.027));
#7883=CARTESIAN_POINT('',(-0.0171055048704148,-0.003,0.027));
#7884=CARTESIAN_POINT('',(-0.0203501433134079,-0.003,0.027));
#7885=CARTESIAN_POINT('',(-0.017462071031332,-0.0015,0.027));
#7886=CARTESIAN_POINT('',(-0.017462071031332,-0.0015,0.025));
#7887=CARTESIAN_POINT('',(-0.0178186371922493,0.,0.025));
#7888=CARTESIAN_POINT('',(-0.0178186371922493,0.,0.027));
#7889=CARTESIAN_POINT('',(-0.0178186371922493,0.,0.027));
#7890=CARTESIAN_POINT('',(-0.017462071031332,-0.0015,0.027));
#7891=CARTESIAN_POINT('',(-0.0164093185961246,0.,0.027));
#7892=CARTESIAN_POINT('',(-0.0164093185961246,0.,0.025));
#7893=CARTESIAN_POINT('',(-0.015,0.,0.025));
#7894=CARTESIAN_POINT('',(-0.015,0.,0.027));
#7895=CARTESIAN_POINT('',(-0.015,0.,0.027));
#7896=CARTESIAN_POINT('',(-0.0164093185961246,0.,0.027));
#7897=CARTESIAN_POINT('',(-0.015,0.009,0.027));
#7898=CARTESIAN_POINT('',(-0.015,0.009,0.025));
#7899=CARTESIAN_POINT('',(-0.015,0.018,0.025));
#7900=CARTESIAN_POINT('',(-0.015,0.018,0.027));
#7901=CARTESIAN_POINT('',(-0.015,0.018,0.027));
#7902=CARTESIAN_POINT('',(-0.015,0.009,0.027));
#7903=CARTESIAN_POINT('',(-0.0163988374918699,0.018,0.027));
#7904=CARTESIAN_POINT('',(-0.0163988374918699,0.018,0.025));
#7905=CARTESIAN_POINT('',(-0.0177976749837398,0.018,0.025));
#7906=CARTESIAN_POINT('',(-0.0177976749837398,0.018,0.027));
#7907=CARTESIAN_POINT('',(-0.0177976749837398,0.018,0.027));
#7908=CARTESIAN_POINT('',(-0.0163988374918699,0.018,0.027));
#7909=CARTESIAN_POINT('',(-0.0174489630682566,0.0195,0.027));
#7910=CARTESIAN_POINT('',(-0.0174489630682566,0.0195,0.025));
#7911=CARTESIAN_POINT('',(-0.0171002511527733,0.021,0.025));
#7912=CARTESIAN_POINT('',(-0.0171002511527733,0.021,0.027));
#7913=CARTESIAN_POINT('',(-0.0171002511527733,0.021,0.027));
#7914=CARTESIAN_POINT('',(-0.0174489630682566,0.0195,0.027));
#7915=CARTESIAN_POINT('',(-0.020350441738794,0.021,0.027));
#7916=CARTESIAN_POINT('',(-0.020350441738794,0.021,0.025));
#7917=CARTESIAN_POINT('',(-0.020350441738794,0.021,0.027));
#7918=CARTESIAN_POINT('',(0.,0.0440825765114939,0.027));
#7919=CARTESIAN_POINT('',(0.,0.0440825765114939,0.025));
#7920=CARTESIAN_POINT('',(0.0194707908876891,0.00599612122512633,0.01923538216832));
#7921=CARTESIAN_POINT('',(-1.99560962373113E-18,5.55111512312578E-17,0.005));
#7922=CARTESIAN_POINT('',(-1.99560962373113E-18,5.55111512312578E-17,0.005));
#7923=CARTESIAN_POINT('',(0.000280946954687286,-0.00373978483566264,0.005));
#7924=CARTESIAN_POINT('',(0.00215787901548469,-0.00306717564390656,0.005));
#7925=CARTESIAN_POINT('',(0.00215755332120602,-0.0030671588915726,0.008));
#7926=CARTESIAN_POINT('',(0.00215755332120595,-0.00306715889157259,0.002));
#7927=CARTESIAN_POINT('',(-1.99560962373113E-18,5.55111512312578E-17,0.002));
#7928=CARTESIAN_POINT('',(0.000281249999999995,-0.00373943825159608,0.002));
#7929=CARTESIAN_POINT('',(0.000281249999999995,-0.00373943825159608,0.008));
#7930=CARTESIAN_POINT('',(-1.99560962373113E-18,5.55111512312578E-17,0.005));
#7931=CARTESIAN_POINT('',(0.00261911457494107,-0.00268379187779739,0.008));
#7932=CARTESIAN_POINT('',(0.00261911184531079,-0.0026839249994647,0.005));
#7933=CARTESIAN_POINT('',(0.00261911457494105,-0.00268379187779736,0.002));
#7934=CARTESIAN_POINT('',(-1.99560962373113E-18,5.55111512312578E-17,0.005));
#7935=CARTESIAN_POINT('',(0.00362476510496384,-0.000962390544384913,0.005));
#7936=CARTESIAN_POINT('',(0.00362431346488554,-0.000962731482942881,0.008));
#7937=CARTESIAN_POINT('',(0.00362431346488552,-0.000962731482942899,0.002));
#7938=CARTESIAN_POINT('',(-1.99560962373113E-18,5.55111512312578E-17,0.002));
#7939=CARTESIAN_POINT('',(-1.99560962373113E-18,5.55111512312578E-17,0.005));
#7940=CARTESIAN_POINT('',(0.00373146633205107,-0.000372369457352988,0.008));
#7941=CARTESIAN_POINT('',(0.00373148462998007,-0.000372392171736636,0.005));
#7942=CARTESIAN_POINT('',(0.00373146633205106,-0.000372369457352989,0.002));
#7943=CARTESIAN_POINT('',(-1.99560962373113E-18,5.55111512312578E-17,0.005));
#7944=CARTESIAN_POINT('',(0.00339530882643191,0.00159256784017907,0.005));
#7945=CARTESIAN_POINT('',(0.00339521705858768,0.00159216868612442,0.008));
#7946=CARTESIAN_POINT('',(0.00339521705858769,0.00159216868612446,0.002));
#7947=CARTESIAN_POINT('',(-1.99560962373113E-18,5.55111512312578E-17,0.002));
#7948=CARTESIAN_POINT('',(-1.99560962373113E-18,5.55111512312578E-17,0.005));
#7949=CARTESIAN_POINT('',(0.00309782352176547,0.00211328877061242,0.008));
#7950=CARTESIAN_POINT('',(0.00309814839442266,0.00211322481749209,0.005));
#7951=CARTESIAN_POINT('',(0.0030978235217655,0.00211328877061244,0.002));
#7952=CARTESIAN_POINT('',(-1.99560962373113E-18,5.55111512312578E-17,0.005));
#7953=CARTESIAN_POINT('',(0.00157743548127399,0.00340212511532173,0.005));
#7954=CARTESIAN_POINT('',(0.00157746085694218,0.0034020754319702,0.008));
#7955=CARTESIAN_POINT('',(0.00157746085694214,0.00340207543197028,0.002));
#7956=CARTESIAN_POINT('',(-1.99560962373113E-18,5.55111512312578E-17,0.002));
#7957=CARTESIAN_POINT('',(-1.99560962373113E-18,5.55111512312578E-17,0.005));
#7958=CARTESIAN_POINT('',(0.00101467465717234,0.00361011569621975,0.008));
#7959=CARTESIAN_POINT('',(0.00101511272652428,0.00361035698823199,0.005));
#7960=CARTESIAN_POINT('',(0.00101467465717236,0.0036101156962198,0.002));
#7961=CARTESIAN_POINT('',(-1.99560962373113E-18,5.55111512312578E-17,0.005));
#7962=CARTESIAN_POINT('',(-0.000978515635996191,0.00362015933813093,0.005));
#7963=CARTESIAN_POINT('',(-0.000978406811191167,0.00362011327334032,0.008));
#7964=CARTESIAN_POINT('',(-0.000978406811191247,0.00362011327334035,0.002));
#7965=CARTESIAN_POINT('',(-1.99560962373113E-18,5.55111512312578E-17,0.002));
#7966=CARTESIAN_POINT('',(-1.99560962373113E-18,5.55111512312578E-17,0.005));
#7967=CARTESIAN_POINT('',(-0.00154325175636442,0.00341772936559905,0.008));
#7968=CARTESIAN_POINT('',(-0.00154313700949497,0.0034180256107153,0.005));
#7969=CARTESIAN_POINT('',(-0.00154325175636444,0.0034177293655991,0.002));
#7970=CARTESIAN_POINT('',(-1.99560962373113E-18,5.55111512312578E-17,0.005));
#7971=CARTESIAN_POINT('',(-0.00307691842915149,0.00214412141798793,0.005));
#7972=CARTESIAN_POINT('',(-0.00307646705858768,0.002144259881037,0.008));
#7973=CARTESIAN_POINT('',(-0.00307646705858774,0.00214425988103699,0.002));
#7974=CARTESIAN_POINT('',(-1.99560962373113E-18,5.55111512312578E-17,0.002));
#7975=CARTESIAN_POINT('',(-1.99560962373113E-18,5.55111512312578E-17,0.005));
#7976=CARTESIAN_POINT('',(-0.00337907352176547,0.00162614948098367,0.008));
#7977=CARTESIAN_POINT('',(-0.00337908056911092,0.00162617014306273,0.005));
#7978=CARTESIAN_POINT('',(-0.0033790735217655,0.00162614948098368,0.002));
#7979=CARTESIAN_POINT('',(-1.99560962373113E-18,5.55111512312578E-17,0.005));
#7980=CARTESIAN_POINT('',(-0.00373531113502252,-0.000335374721456424,0.005));
#7981=CARTESIAN_POINT('',(-0.0037350141781482,-0.000334916540397601,0.008));
#7982=CARTESIAN_POINT('',(-0.0037350141781482,-0.000334916540397597,0.002));
#7983=CARTESIAN_POINT('',(-1.99560962373113E-18,5.55111512312578E-17,0.002));
#7984=CARTESIAN_POINT('',(-1.99560962373113E-18,5.55111512312578E-17,0.005));
#7985=CARTESIAN_POINT('',(-0.00363378923211342,-0.000926323818422357,0.008));
#7986=CARTESIAN_POINT('',(-0.00363391475183086,-0.000926247988206534,0.005));
#7987=CARTESIAN_POINT('',(-0.00363378923211341,-0.000926323818422353,0.002));
#7988=CARTESIAN_POINT('',(-1.99560962373113E-18,5.55111512312578E-17,0.005));
#7989=CARTESIAN_POINT('',(-0.00264587629235979,-0.00265762716730073,0.005));
#7990=CARTESIAN_POINT('',(-0.00264590665369437,-0.00265738179039744,0.008));
#7991=CARTESIAN_POINT('',(-0.00264590665369438,-0.00265738179039737,0.002));
#7992=CARTESIAN_POINT('',(-1.99560962373113E-18,5.55111512312578E-17,0.002));
#7993=CARTESIAN_POINT('',(-1.99560962373113E-18,5.55111512312578E-17,0.005));
#7994=CARTESIAN_POINT('',(-0.00218821457568665,-0.00304535990824607,0.008));
#7995=CARTESIAN_POINT('',(-0.00218865486383519,-0.00304542852375502,0.005));
#7996=CARTESIAN_POINT('',(-0.00218821457568662,-0.00304535990824603,0.002));
#7997=CARTESIAN_POINT('',(-1.99560962373113E-18,5.55111512312578E-17,0.005));
#7998=CARTESIAN_POINT('',(-0.000318622652796284,-0.00373643942661856,0.005));
#7999=CARTESIAN_POINT('',(-0.00031875,-0.00373642856716143,0.008));
#8000=CARTESIAN_POINT('',(-0.00031875,-0.00373642856716143,0.002));
#8001=CARTESIAN_POINT('',(-1.99560962373113E-18,5.55111512312578E-17,0.002));
#8002=CARTESIAN_POINT('',(0.,0.0106254235960752,0.005));
#8003=CARTESIAN_POINT('',(0.,4.89858719658941E-19,0.005));
#8004=CARTESIAN_POINT('',(0.008,4.89858719658941E-19,0.005));
#8005=CARTESIAN_POINT('',(0.00288679757714394,0.010567107051187,0.005));
#8006=CARTESIAN_POINT('',(0.00261089930876989,-0.00309046567035512,0.005));
#8007=CARTESIAN_POINT('',(-0.000696400430633525,-0.00292043548257735,0.005));
#8008=CARTESIAN_POINT('',(0.0072773441372465,0.00426416824564363,0.005));
#8009=CARTESIAN_POINT('',(1.35518659604715E-5,-0.00404568777924195,0.005));
#8010=CARTESIAN_POINT('',(-0.00731036454472092,0.00277036969899187,0.005));
#8011=CARTESIAN_POINT('',(0.00202482097904624,-0.00238993074730027,0.005));
#8012=CARTESIAN_POINT('',(-0.00259013664554406,-0.00310788761341017,0.005));
#8013=CARTESIAN_POINT('',(-0.00422548534593528,0.0101023330162335,0.005));
#8014=CARTESIAN_POINT('',(-0.00608733853292496,0.000557099320581438,0.005));
#8015=CARTESIAN_POINT('',(-0.00398187143443619,-0.000715872292940392,0.005));
#8016=CARTESIAN_POINT('',(0.00237145845552862,0.00908873141115546,0.005));
#8017=CARTESIAN_POINT('',(-0.00577734530465872,0.00865384694632148,0.005));
#8018=CARTESIAN_POINT('',(-0.00351044432558401,0.00201110762943052,0.005));
#8019=CARTESIAN_POINT('',(0.00211359770050043,0.00373666773557532,0.005));
#8020=CARTESIAN_POINT('',(0.00108389927254551,0.0102059362188233,0.005));
#8021=CARTESIAN_POINT('',(-0.00139644130254817,0.00379706794101926,0.005));
#8022=CARTESIAN_POINT('',(-0.00266342952738625,0.00433338607962923,0.005));
#8023=CARTESIAN_POINT('',(0.00320054095578102,0.00481392902234444,0.005));
#8024=CARTESIAN_POINT('',(0.0013709721256663,0.00380633796329552,0.005));
#8025=CARTESIAN_POINT('',(-0.00167505802489509,0.00976983946553477,0.005));
#8026=CARTESIAN_POINT('',(-0.00149999883258778,0.00302012020214776,0.005));
#8027=CARTESIAN_POINT('',(0.00349689245962354,0.00203458014981143,0.005));
#8028=CARTESIAN_POINT('',(0.00519676684422049,0.00943109795954569,0.005));
#8029=CARTESIAN_POINT('',(-0.00310872025159176,0.00812212992258983,0.005));
#8030=CARTESIAN_POINT('',(0.00398657794809224,-0.000689180327609078,0.005));
#8031=CARTESIAN_POINT('',(0.00688891487332154,0.00150241629825013,0.005));
#8032=CARTESIAN_POINT('',(0.002,-0.0307979589711327,0.004));
#8033=CARTESIAN_POINT('',(0.002,-0.0307979589711327,0.029));
#8034=CARTESIAN_POINT('',(0.002,-0.0301512684673071,0.029));
#8035=CARTESIAN_POINT('',(0.002,-0.0371849550329319,0.029));
#8036=CARTESIAN_POINT('',(0.002,-0.0371849550329319,0.029));
#8037=CARTESIAN_POINT('',(0.002,-0.0389943547441584,0.0288577670007289));
#8038=CARTESIAN_POINT('',(0.002,-0.0396621445956456,0.0284317532088556));
#8039=CARTESIAN_POINT('',(0.002,-0.0397979589711327,0.0272539729094644));
#8040=CARTESIAN_POINT('',(0.002,-0.0397979589711327,0.0272539729094644));
#8041=CARTESIAN_POINT('',(0.002,-0.0397979589711327,0.004));
#8042=CARTESIAN_POINT('',(0.002,-0.0397979589711327,0.));
#8043=CARTESIAN_POINT('',(0.002,-0.0307979589711327,0.));
#8044=CARTESIAN_POINT('',(0.002,-0.00979795897113271,0.));
#8045=CARTESIAN_POINT('',(0.002,-0.00979795897113271,0.004));
#8046=CARTESIAN_POINT('',(0.002,-0.00979795897113268,0.004));
#8047=CARTESIAN_POINT('',(0.002,-0.0157979589711327,0.004));
#8048=CARTESIAN_POINT('',(0.002,-0.0217979589711327,0.004));
#8049=CARTESIAN_POINT('',(0.002,-0.0217979589711327,0.004));
#8050=CARTESIAN_POINT('',(0.002,-0.0217979589711327,0.0155601929873228));
#8051=CARTESIAN_POINT('',(0.002,-0.0301512684673071,0.029));
#8052=CARTESIAN_POINT('',(0.002,-0.0275812577456236,0.0287785782665014));
#8053=CARTESIAN_POINT('',(0.002,-0.0254348739981651,0.0284114341437816));
#8054=CARTESIAN_POINT('',(0.002,-0.0232884921133518,0.0278183548897505));
#8055=CARTESIAN_POINT('',(0.002,-0.0222153011709452,0.0237797658145428));
#8056=CARTESIAN_POINT('',(0.002,-0.0217979589711327,0.0155601929873228));
#8057=CARTESIAN_POINT('',(-4.33680868994202E-19,-0.0217979589711327,0.004));
#8058=CARTESIAN_POINT('',(-0.002,-0.0217979589711327,0.004));
#8059=CARTESIAN_POINT('',(-0.002,-0.0217979589711327,0.0155601929873228));
#8060=CARTESIAN_POINT('',(-0.002,-0.0217979589711327,0.004));
#8061=CARTESIAN_POINT('',(-0.023,-0.0217979589711327,0.0155601929873228));
#8062=CARTESIAN_POINT('',(-4.33680868994202E-19,-0.0217979589711327,0.004));
#8063=CARTESIAN_POINT('',(-0.002,-0.0307979589711327,0.004));
#8064=CARTESIAN_POINT('',(-0.002,-0.0371849550329319,0.029));
#8065=CARTESIAN_POINT('',(-0.002,-0.0389943547441584,0.0288577670007289));
#8066=CARTESIAN_POINT('',(-0.002,-0.0396621445956456,0.0284317532088556));
#8067=CARTESIAN_POINT('',(-0.002,-0.0397979589711327,0.0272539729094644));
#8068=CARTESIAN_POINT('',(-0.002,-0.0371849550329319,0.029));
#8069=CARTESIAN_POINT('',(-0.002,-0.0397979589711327,0.0272539729094644));
#8070=CARTESIAN_POINT('',(-0.002,-0.0307979589711327,0.029));
#8071=CARTESIAN_POINT('',(-0.002,-0.0301512684673071,0.029));
#8072=CARTESIAN_POINT('',(-0.002,-0.0301512684673071,0.029));
#8073=CARTESIAN_POINT('',(-0.002,-0.0275812577456236,0.0287785782665014));
#8074=CARTESIAN_POINT('',(-0.002,-0.0254348739981651,0.0284114341437816));
#8075=CARTESIAN_POINT('',(-0.002,-0.0232884921133518,0.0278183548897505));
#8076=CARTESIAN_POINT('',(-0.002,-0.0222153011709452,0.0237797658145428));
#8077=CARTESIAN_POINT('',(-0.002,-0.0217979589711327,0.0155601929873228));
#8078=CARTESIAN_POINT('',(-0.002,-0.0157979589711327,0.004));
#8079=CARTESIAN_POINT('',(-0.002,-0.00979795897113271,0.004));
#8080=CARTESIAN_POINT('',(-0.002,-0.00979795897113271,0.004));
#8081=CARTESIAN_POINT('',(-0.002,-0.00979795897113271,0.));
#8082=CARTESIAN_POINT('',(-0.002,-0.0307979589711327,0.));
#8083=CARTESIAN_POINT('',(-0.002,-0.0397979589711327,0.));
#8084=CARTESIAN_POINT('',(-0.002,-0.0397979589711327,0.004));
#8085=CARTESIAN_POINT('',(0.,-0.0397979589711327,0.004));
#8086=CARTESIAN_POINT('',(-0.023,-0.0397979589711327,0.0272539729094644));
#8087=CARTESIAN_POINT('',(0.,-0.0397979589711327,0.));
#8088=CARTESIAN_POINT('',(0.,0.0106254235960752,0.029));
#8089=CARTESIAN_POINT('',(-0.023,-0.0371849550329319,0.029));
#8090=CARTESIAN_POINT('',(-0.023,-0.0301512684673071,0.029));
#8091=CARTESIAN_POINT('',(-2.16840434497101E-19,3.29597460435593E-17,0.002));
#8092=CARTESIAN_POINT('',(1.7347234759768E-18,1.30104260698261E-17,0.013));
#8093=CARTESIAN_POINT('',(0.01,1.30104260698261E-17,0.013));
#8094=CARTESIAN_POINT('',(-1.7347234759768E-18,-1.7347234759768E-18,0.004));
#8095=CARTESIAN_POINT('',(-2.16840434497101E-19,3.29597460435593E-17,0.));
#8096=CARTESIAN_POINT('',(0.002,0.00979795897113271,0.));
#8097=CARTESIAN_POINT('',(0.002,0.00979795897113271,0.002));
#8098=CARTESIAN_POINT('',(0.002,0.00979795897113271,0.004));
#8099=CARTESIAN_POINT('',(1.7347234759768E-18,1.30104260698261E-17,0.004));
#8100=CARTESIAN_POINT('',(-0.002,0.00979795897113274,0.004));
#8101=CARTESIAN_POINT('',(-0.002,0.00979795897113271,0.002));
#8102=CARTESIAN_POINT('',(-0.002,0.00979795897113271,0.));
#8103=CARTESIAN_POINT('',(-2.16840434497101E-19,3.29597460435593E-17,0.));
#8104=CARTESIAN_POINT('',(0.002,0.0338244662386983,0.002));
#8105=CARTESIAN_POINT('',(0.002,0.0338244662386983,0.));
#8106=CARTESIAN_POINT('',(0.002,0.0578509735062638,0.));
#8107=CARTESIAN_POINT('',(0.002,0.0578509735062638,0.002));
#8108=CARTESIAN_POINT('',(0.002,0.0578509735062638,0.004));
#8109=CARTESIAN_POINT('',(0.002,0.0338244662386983,0.004));
#8110=CARTESIAN_POINT('',(-0.002,0.0338244662386983,0.002));
#8111=CARTESIAN_POINT('',(-0.002,0.0338244662386983,0.));
#8112=CARTESIAN_POINT('',(-0.002,0.0578509735062638,0.));
#8113=CARTESIAN_POINT('',(-0.002,0.0338244662386983,0.004));
#8114=CARTESIAN_POINT('',(-0.002,0.0578509735062638,0.004));
#8115=CARTESIAN_POINT('',(-0.002,0.0578509735062638,0.002));
#8116=CARTESIAN_POINT('',(0.,0.0106254235960752,0.));
#8117=CARTESIAN_POINT('',(-3.68628738645072E-18,0.0588244662386982,0.));
#8118=CARTESIAN_POINT('',(4.5113748540686E-18,0.0588244662386982,0.));
#8119=CARTESIAN_POINT('',(0.00100963949061292,0.0588244662386982,0.));
#8120=CARTESIAN_POINT('',(0.,4.89858719658941E-19,0.013));
#8121=CARTESIAN_POINT('',(0.,4.89858719658941E-19,0.013));
#8122=CARTESIAN_POINT('',(0.008,4.89858719658941E-19,0.013));
#8123=CARTESIAN_POINT('',(0.,0.0106254235960752,0.013));
#8124=CARTESIAN_POINT('',(-3.68628738645072E-18,0.0588244662386982,0.004));
#8125=CARTESIAN_POINT('',(-3.68628738645072E-18,0.0588244662386982,0.004));
#8126=CARTESIAN_POINT('',(4.5113748540686E-18,0.0588244662386982,0.004));
#8127=CARTESIAN_POINT('',(4.5113748540686E-18,0.0588244662386982,0.004));
#8128=CARTESIAN_POINT('',(0.00100963949061292,0.0588244662386982,0.004));
#8129=CARTESIAN_POINT('',(0.,0.0106254235960752,0.004));
#8130=CARTESIAN_POINT('',(0.,0.0106254235960752,0.004));
#8131=CARTESIAN_POINT('',(-0.002,-0.0301512684673071,0.029));
#8132=CARTESIAN_POINT('',(0.002,-0.0301512684673071,0.029));
#8133=CARTESIAN_POINT('',(-0.002,-0.0290804306666056,0.0289077409443756));
#8134=CARTESIAN_POINT('',(0.002,-0.0290804306666056,0.0289077409443756));
#8135=CARTESIAN_POINT('',(-0.002,-0.0270979992636317,0.0286991981556085));
#8136=CARTESIAN_POINT('',(0.002,-0.0270979992636317,0.0286991981556085));
#8137=CARTESIAN_POINT('',(-0.002,-0.0245182435155141,0.0275739296308214));
#8138=CARTESIAN_POINT('',(0.002,-0.0245182435155141,0.0275739296308214));
#8139=CARTESIAN_POINT('',(-0.002,-0.0226100922623971,0.0240644215200806));
#8140=CARTESIAN_POINT('',(0.002,-0.0226100922623971,0.0240644215200806));
#8141=CARTESIAN_POINT('',(-0.002,-0.0219718515543879,0.0189850149986644));
#8142=CARTESIAN_POINT('',(0.002,-0.0219718515543879,0.0189850149986644));
#8143=CARTESIAN_POINT('',(-0.002,-0.0217979589711327,0.0155601929873228));
#8144=CARTESIAN_POINT('',(0.002,-0.0217979589711327,0.0155601929873228));
#8145=CARTESIAN_POINT('',(-0.002,-0.0371849550329319,0.029));
#8146=CARTESIAN_POINT('',(0.002,-0.0371849550329319,0.029));
#8147=CARTESIAN_POINT('',(-0.002,-0.0389943547441584,0.0288577670007289));
#8148=CARTESIAN_POINT('',(0.002,-0.0389943547441584,0.0288577670007289));
#8149=CARTESIAN_POINT('',(-0.002,-0.0396621445956456,0.0284317532088556));
#8150=CARTESIAN_POINT('',(0.002,-0.0396621445956456,0.0284317532088556));
#8151=CARTESIAN_POINT('',(-0.002,-0.0397979589711327,0.0272539729094644));
#8152=CARTESIAN_POINT('',(0.002,-0.0397979589711327,0.0272539729094644));
#8153=CARTESIAN_POINT('',(0.,0.0106254235960752,0.002));
#8154=CARTESIAN_POINT('',(-0.00547617643447106,0.00603036596964887,0.002));
#8155=CARTESIAN_POINT('',(0.00138814277744584,-0.00215021111186654,0.002));
#8156=CARTESIAN_POINT('',(0.0068643192119169,0.00244484651455984,0.002));
#8157=CARTESIAN_POINT('',(0.00184776944331722,-0.00176453854605461,0.002));
#8158=CARTESIAN_POINT('',(-0.00501654976859967,0.0064160385354608,0.002));
#8159=CARTESIAN_POINT('',(-0.00187240480724413,6.48825378678913E-6,0.002));
#8160=CARTESIAN_POINT('',(0.00244550812183626,-0.000754876295959997,0.002));
#8161=CARTESIAN_POINT('',(0.00431791292908039,0.00986405904632847,0.002));
#8162=CARTESIAN_POINT('',(0.00254969702843642,-0.000163991644152672,0.002));
#8163=CARTESIAN_POINT('',(-0.00176821590064397,0.000597372905594112,0.002));
#8164=CARTESIAN_POINT('',(0.00476031838008589,0.00238031030156253,0.002));
#8165=CARTESIAN_POINT('',(0.00235859303722415,0.000993673528341755,0.002));
#8166=CARTESIAN_POINT('',(-0.00240172534286174,0.00923878682285448,0.002));
#8167=CARTESIAN_POINT('',(0.00205859303722415,0.00151328877061242,0.002));
#8168=CARTESIAN_POINT('',(0.00446031838008589,0.00289992554383319,0.002));
#8169=CARTESIAN_POINT('',(0.00371447234048959,0.00927346622813193,0.002));
#8170=CARTESIAN_POINT('',(0.00116806605765309,0.00227727246528125,0.002));
#8171=CARTESIAN_POINT('',(-0.0025464062828365,0.00362922983322458,0.002));
#8172=CARTESIAN_POINT('',(0.000604250485181542,0.00248248455127666,0.002));
#8173=CARTESIAN_POINT('',(0.00315065676801804,0.00947867831412733,0.002));
#8174=CARTESIAN_POINT('',(-0.00311541829473858,0.00949150406950204,0.002));
#8175=CARTESIAN_POINT('',(-0.000569012011902072,0.00249531030665137,0.002));
#8176=CARTESIAN_POINT('',(0.0025464062828365,0.00362922983322459,0.002));
#8177=CARTESIAN_POINT('',(-0.00113282758437362,0.00229009822065597,0.002));
#8178=CARTESIAN_POINT('',(-0.00367923386721012,0.00928629198350664,0.002));
#8179=CARTESIAN_POINT('',(-0.00444156838008589,0.0029324014964751,0.002));
#8180=CARTESIAN_POINT('',(-0.00203984303722415,0.00154576472325433,0.002));
#8181=CARTESIAN_POINT('',(0.00240172534286174,0.00923878682285448,0.002));
#8182=CARTESIAN_POINT('',(-0.00233984303722415,0.00102614948098367,0.002));
#8183=CARTESIAN_POINT('',(-0.00474156838008588,0.00241278625420443,0.002));
#8184=CARTESIAN_POINT('',(0.00176170409398147,0.000634303196332078,0.002));
#8185=CARTESIAN_POINT('',(-0.00255620883509893,-0.000127061353414715,0.002));
#8186=CARTESIAN_POINT('',(-0.0043179129290804,0.00986405904632846,0.002));
#8187=CARTESIAN_POINT('',(-0.00245201992849877,-0.00071794600522204,0.002));
#8188=CARTESIAN_POINT('',(0.00186589300058163,4.34185445247534E-5,0.002));
#8189=CARTESIAN_POINT('',(0.00498782310198271,0.00644014307082405,0.002));
#8190=CARTESIAN_POINT('',(-0.00187649610993419,-0.00174043401069137,0.002));
#8191=CARTESIAN_POINT('',(-0.0068643192119169,0.00244484651455984,0.002));
#8192=CARTESIAN_POINT('',(-0.0014168694440628,-0.00212610657650329,0.002));
#8193=CARTESIAN_POINT('',(0.0054474497678541,0.00605447050501213,0.002));
#8194=CARTESIAN_POINT('',(-0.00031875,0.0106254235960752,0.002));
#8195=CARTESIAN_POINT('',(-0.00031875,-0.00253943825159609,0.002));
#8196=CARTESIAN_POINT('',(0.,-0.00253943825159609,0.002));
#8197=CARTESIAN_POINT('',(0.00028125,-0.00253943825159609,0.002));
#8198=CARTESIAN_POINT('',(0.00028125,0.0106254235960752,0.002));
#8199=CARTESIAN_POINT('',(0.00028125,-0.00313943825159609,0.008));
#8200=CARTESIAN_POINT('',(0.00028125,-0.00253943825159609,0.008));
#8201=CARTESIAN_POINT('',(0.00028125,-0.00253943825159609,0.008));
#8202=CARTESIAN_POINT('',(0.00028125,-0.00313943825159609,0.008));
#8203=CARTESIAN_POINT('',(0.000281249999999995,-0.00373943825159608,0.008));
#8204=CARTESIAN_POINT('',(0.000281249999999995,-0.00373943825159608,0.008));
#8205=CARTESIAN_POINT('',(-1.875E-5,-0.00253943825159609,0.008));
#8206=CARTESIAN_POINT('',(-0.00031875,-0.00253943825159609,0.008));
#8207=CARTESIAN_POINT('',(-0.00031875,-0.00253943825159609,0.008));
#8208=CARTESIAN_POINT('',(-1.875E-5,-0.00253943825159609,0.008));
#8209=CARTESIAN_POINT('',(-0.00031875,-0.00313793340937876,0.008));
#8210=CARTESIAN_POINT('',(-0.00031875,-0.00373642856716143,0.008));
#8211=CARTESIAN_POINT('',(-0.00031875,-0.00373642856716143,0.008));
#8212=CARTESIAN_POINT('',(-0.00031875,-0.00313793340937876,0.008));
#8213=CARTESIAN_POINT('',(0.,0.0106254235960752,0.008));
#8214=CARTESIAN_POINT('',(-0.000152599067019764,-0.00389105817320169,0.008));
#8215=CARTESIAN_POINT('',(1.35518659604715E-5,-0.00404568777924195,0.008));
#8216=CARTESIAN_POINT('',(0.000147400932980236,-0.00389256301541902,0.008));
#8217=CARTESIAN_POINT('',(-0.000152599067019764,-0.00389105817320169,0.008));
#8218=CARTESIAN_POINT('',(1.35518659604715E-5,-0.00404568777924195,0.008));
#8219=CARTESIAN_POINT('',(0.000147400932980236,-0.00389256301541902,0.008));
#8220=CARTESIAN_POINT('',(-0.00226120138181428,-0.0021989079005444,0.008));
#8221=CARTESIAN_POINT('',(-0.00187649610993419,-0.00174043401069137,0.008));
#8222=CARTESIAN_POINT('',(-0.00187649610993419,-0.00174043401069137,0.008));
#8223=CARTESIAN_POINT('',(-0.00264590665369437,-0.00265738179039744,0.008));
#8224=CARTESIAN_POINT('',(-0.00264590665369437,-0.00265738179039744,0.008));
#8225=CARTESIAN_POINT('',(-0.00226120138181428,-0.0021989079005444,0.008));
#8226=CARTESIAN_POINT('',(-0.00261802164961922,-0.0028826347019038,0.008));
#8227=CARTESIAN_POINT('',(-0.00259013664554407,-0.00310788761341017,0.008));
#8228=CARTESIAN_POINT('',(-0.00259013664554407,-0.00310788761341017,0.008));
#8229=CARTESIAN_POINT('',(-0.00261802164961922,-0.0028826347019038,0.008));
#8230=CARTESIAN_POINT('',(-0.00238917561061536,-0.00307662376082813,0.008));
#8231=CARTESIAN_POINT('',(-0.00218821457568665,-0.00304535990824607,0.008));
#8232=CARTESIAN_POINT('',(-0.00218821457568665,-0.00304535990824607,0.008));
#8233=CARTESIAN_POINT('',(-0.00238917561061536,-0.00307662376082813,0.008));
#8234=CARTESIAN_POINT('',(-0.00180254200987473,-0.00258573324237468,0.008));
#8235=CARTESIAN_POINT('',(-0.0014168694440628,-0.00212610657650329,0.008));
#8236=CARTESIAN_POINT('',(-0.0014168694440628,-0.00212610657650329,0.008));
#8237=CARTESIAN_POINT('',(-0.00180254200987473,-0.00258573324237468,0.008));
#8238=CARTESIAN_POINT('',(-0.00164668277699849,-0.00193327029359733,0.008));
#8239=CARTESIAN_POINT('',(-0.00164668277699849,-0.00193327029359733,0.008));
#8240=CARTESIAN_POINT('',(-0.00213078204373197,-0.00251019733389918,0.008));
#8241=CARTESIAN_POINT('',(-0.00314561150662357,-0.000230988946906158,0.008));
#8242=CARTESIAN_POINT('',(-0.00255620883509893,-0.000127061353414715,0.008));
#8243=CARTESIAN_POINT('',(-0.00255620883509893,-0.000127061353414715,0.008));
#8244=CARTESIAN_POINT('',(-0.0037350141781482,-0.000334916540397601,0.008));
#8245=CARTESIAN_POINT('',(-0.0037350141781482,-0.000334916540397601,0.008));
#8246=CARTESIAN_POINT('',(-0.00314561150662357,-0.000230988946906158,0.008));
#8247=CARTESIAN_POINT('',(-0.0038584428062922,-0.000525394416668995,0.008));
#8248=CARTESIAN_POINT('',(-0.00398187143443619,-0.00071587229294039,0.008));
#8249=CARTESIAN_POINT('',(-0.00398187143443619,-0.00071587229294039,0.008));
#8250=CARTESIAN_POINT('',(-0.0038584428062922,-0.000525394416668995,0.008));
#8251=CARTESIAN_POINT('',(-0.0038078303332748,-0.000821098055681373,0.008));
#8252=CARTESIAN_POINT('',(-0.00363378923211342,-0.000926323818422357,0.008));
#8253=CARTESIAN_POINT('',(-0.00363378923211342,-0.000926323818422357,0.008));
#8254=CARTESIAN_POINT('',(-0.0038078303332748,-0.000821098055681373,0.008));
#8255=CARTESIAN_POINT('',(-0.0030429045803061,-0.000822134911822198,0.008));
#8256=CARTESIAN_POINT('',(-0.00245201992849877,-0.00071794600522204,0.008));
#8257=CARTESIAN_POINT('',(-0.00245201992849877,-0.00071794600522204,0.008));
#8258=CARTESIAN_POINT('',(-0.0030429045803061,-0.000822134911822198,0.008));
#8259=CARTESIAN_POINT('',(-0.00250411438179885,-0.000422503679318378,0.008));
#8260=CARTESIAN_POINT('',(-0.00250411438179885,-0.000422503679318378,0.008));
#8261=CARTESIAN_POINT('',(-0.00324579748819716,-0.000553282422112066,0.008));
#8262=CARTESIAN_POINT('',(-0.00255815504790592,0.00184501230214567,0.008));
#8263=CARTESIAN_POINT('',(-0.00203984303722415,0.00154576472325433,0.008));
#8264=CARTESIAN_POINT('',(-0.00203984303722415,0.00154576472325433,0.008));
#8265=CARTESIAN_POINT('',(-0.00307646705858768,0.002144259881037,0.008));
#8266=CARTESIAN_POINT('',(-0.00307646705858768,0.002144259881037,0.008));
#8267=CARTESIAN_POINT('',(-0.00255815504790592,0.00184501230214567,0.008));
#8268=CARTESIAN_POINT('',(-0.00329345569208585,0.00207768375523376,0.008));
#8269=CARTESIAN_POINT('',(-0.00351044432558402,0.00201110762943052,0.008));
#8270=CARTESIAN_POINT('',(-0.00351044432558402,0.00201110762943052,0.008));
#8271=CARTESIAN_POINT('',(-0.00329345569208585,0.00207768375523376,0.008));
#8272=CARTESIAN_POINT('',(-0.00344475892367474,0.0018186285552071,0.008));
#8273=CARTESIAN_POINT('',(-0.00337907352176547,0.00162614948098367,0.008));
#8274=CARTESIAN_POINT('',(-0.00337907352176547,0.00162614948098367,0.008));
#8275=CARTESIAN_POINT('',(-0.00344475892367474,0.0018186285552071,0.008));
#8276=CARTESIAN_POINT('',(-0.00285945827949481,0.00132614948098367,0.008));
#8277=CARTESIAN_POINT('',(-0.00233984303722415,0.00102614948098367,0.008));
#8278=CARTESIAN_POINT('',(-0.00233984303722415,0.00102614948098367,0.008));
#8279=CARTESIAN_POINT('',(-0.00285945827949481,0.00132614948098367,0.008));
#8280=CARTESIAN_POINT('',(-0.00218984303722415,0.001285957102119,0.008));
#8281=CARTESIAN_POINT('',(-0.00218984303722415,0.001285957102119,0.008));
#8282=CARTESIAN_POINT('',(-0.00284206821491397,0.00166251948403046,0.008));
#8283=CARTESIAN_POINT('',(-0.000773709411546619,0.00305771178999584,0.008));
#8284=CARTESIAN_POINT('',(-0.000569012011902072,0.00249531030665137,0.008));
#8285=CARTESIAN_POINT('',(-0.000569012011902072,0.00249531030665137,0.008));
#8286=CARTESIAN_POINT('',(-0.000978406811191167,0.00362011327334032,0.008));
#8287=CARTESIAN_POINT('',(-0.000978406811191167,0.00362011327334032,0.008));
#8288=CARTESIAN_POINT('',(-0.000773709411546619,0.00305771178999584,0.008));
#8289=CARTESIAN_POINT('',(-0.00118742405686967,0.00370859060717979,0.008));
#8290=CARTESIAN_POINT('',(-0.00139644130254817,0.00379706794101926,0.008));
#8291=CARTESIAN_POINT('',(-0.00139644130254817,0.00379706794101926,0.008));
#8292=CARTESIAN_POINT('',(-0.00118742405686967,0.00370859060717979,0.008));
#8293=CARTESIAN_POINT('',(-0.0014698465294563,0.00360739865330915,0.008));
#8294=CARTESIAN_POINT('',(-0.00154325175636442,0.00341772936559905,0.008));
#8295=CARTESIAN_POINT('',(-0.00154325175636442,0.00341772936559905,0.008));
#8296=CARTESIAN_POINT('',(-0.0014698465294563,0.00360739865330915,0.008));
#8297=CARTESIAN_POINT('',(-0.00133803967036902,0.00285391379312752,0.008));
#8298=CARTESIAN_POINT('',(-0.00113282758437362,0.00229009822065597,0.008));
#8299=CARTESIAN_POINT('',(-0.00113282758437362,0.00229009822065597,0.008));
#8300=CARTESIAN_POINT('',(-0.00133803967036902,0.00285391379312752,0.008));
#8301=CARTESIAN_POINT('',(-0.000850919798137844,0.00239270426365367,0.008));
#8302=CARTESIAN_POINT('',(-0.000850919798137844,0.00239270426365367,0.008));
#8303=CARTESIAN_POINT('',(-0.00110850363780267,0.0031004100467492,0.008));
#8304=CARTESIAN_POINT('',(0.00137276345729763,0.00283967394862573,0.008));
#8305=CARTESIAN_POINT('',(0.00116806605765309,0.00227727246528125,0.008));
#8306=CARTESIAN_POINT('',(0.00116806605765309,0.00227727246528125,0.008));
#8307=CARTESIAN_POINT('',(0.00157746085694218,0.0034020754319702,0.008));
#8308=CARTESIAN_POINT('',(0.00157746085694218,0.0034020754319702,0.008));
#8309=CARTESIAN_POINT('',(0.00137276345729763,0.00283967394862573,0.008));
#8310=CARTESIAN_POINT('',(0.00147421649130424,0.00360420669763286,0.008));
#8311=CARTESIAN_POINT('',(0.0013709721256663,0.00380633796329552,0.008));
#8312=CARTESIAN_POINT('',(0.0013709721256663,0.00380633796329552,0.008));
#8313=CARTESIAN_POINT('',(0.00147421649130424,0.00360420669763286,0.008));
#8314=CARTESIAN_POINT('',(0.00119282339141932,0.00370822682975763,0.008));
#8315=CARTESIAN_POINT('',(0.00101467465717234,0.00361011569621975,0.008));
#8316=CARTESIAN_POINT('',(0.00101467465717234,0.00361011569621975,0.008));
#8317=CARTESIAN_POINT('',(0.00119282339141932,0.00370822682975763,0.008));
#8318=CARTESIAN_POINT('',(0.000809462571176944,0.0030463001237482,0.008));
#8319=CARTESIAN_POINT('',(0.000604250485181543,0.00248248455127666,0.008));
#8320=CARTESIAN_POINT('',(0.000604250485181543,0.00248248455127666,0.008));
#8321=CARTESIAN_POINT('',(0.000809462571176944,0.0030463001237482,0.008));
#8322=CARTESIAN_POINT('',(0.000886158271417315,0.00237987850827896,0.008));
#8323=CARTESIAN_POINT('',(0.000886158271417315,0.00237987850827896,0.008));
#8324=CARTESIAN_POINT('',(0.00114374211108214,0.0030875842913745,0.008));
#8325=CARTESIAN_POINT('',(0.00287690504790592,0.00129292110723309,0.008));
#8326=CARTESIAN_POINT('',(0.00235859303722415,0.000993673528341755,0.008));
#8327=CARTESIAN_POINT('',(0.00235859303722415,0.000993673528341755,0.008));
#8328=CARTESIAN_POINT('',(0.00339521705858768,0.00159216868612442,0.008));
#8329=CARTESIAN_POINT('',(0.00339521705858768,0.00159216868612442,0.008));
#8330=CARTESIAN_POINT('',(0.00287690504790592,0.00129292110723309,0.008));
#8331=CARTESIAN_POINT('',(0.00344605475910562,0.00181337441796793,0.008));
#8332=CARTESIAN_POINT('',(0.00349689245962354,0.00203458014981143,0.008));
#8333=CARTESIAN_POINT('',(0.00349689245962354,0.00203458014981143,0.008));
#8334=CARTESIAN_POINT('',(0.00344605475910562,0.00181337441796793,0.008));
#8335=CARTESIAN_POINT('',(0.00329735799069451,0.00207393446021192,0.008));
#8336=CARTESIAN_POINT('',(0.00309782352176547,0.00211328877061242,0.008));
#8337=CARTESIAN_POINT('',(0.00309782352176547,0.00211328877061242,0.008));
#8338=CARTESIAN_POINT('',(0.00329735799069451,0.00207393446021192,0.008));
#8339=CARTESIAN_POINT('',(0.00257820827949482,0.00181328877061242,0.008));
#8340=CARTESIAN_POINT('',(0.00205859303722415,0.00151328877061242,0.008));
#8341=CARTESIAN_POINT('',(0.00205859303722415,0.00151328877061242,0.008));
#8342=CARTESIAN_POINT('',(0.00257820827949482,0.00181328877061242,0.008));
#8343=CARTESIAN_POINT('',(0.00220859303722415,0.00125348114947709,0.008));
#8344=CARTESIAN_POINT('',(0.00220859303722415,0.00125348114947709,0.008));
#8345=CARTESIAN_POINT('',(0.00286081821491396,0.00163004353138855,0.008));
#8346=CARTESIAN_POINT('',(0.0030349107933609,-0.000858803889451439,0.008));
#8347=CARTESIAN_POINT('',(0.00244550812183626,-0.000754876295959997,0.008));
#8348=CARTESIAN_POINT('',(0.00244550812183626,-0.000754876295959997,0.008));
#8349=CARTESIAN_POINT('',(0.00362431346488554,-0.000962731482942881,0.008));
#8350=CARTESIAN_POINT('',(0.00362431346488554,-0.000962731482942881,0.008));
#8351=CARTESIAN_POINT('',(0.0030349107933609,-0.000858803889451439,0.008));
#8352=CARTESIAN_POINT('',(0.00380544570648888,-0.00082595590527598,0.008));
#8353=CARTESIAN_POINT('',(0.00398657794809224,-0.000689180327609079,0.008));
#8354=CARTESIAN_POINT('',(0.00398657794809224,-0.000689180327609079,0.008));
#8355=CARTESIAN_POINT('',(0.00380544570648888,-0.00082595590527598,0.008));
#8356=CARTESIAN_POINT('',(0.00385902214007165,-0.000530774892481033,0.008));
#8357=CARTESIAN_POINT('',(0.00373146633205107,-0.000372369457352988,0.008));
#8358=CARTESIAN_POINT('',(0.00373146633205107,-0.000372369457352988,0.008));
#8359=CARTESIAN_POINT('',(0.00385902214007165,-0.000530774892481033,0.008));
#8360=CARTESIAN_POINT('',(0.00314058168024374,-0.000268180550752829,0.008));
#8361=CARTESIAN_POINT('',(0.00254969702843642,-0.000163991644152672,0.008));
#8362=CARTESIAN_POINT('',(0.00254969702843642,-0.000163991644152672,0.008));
#8363=CARTESIAN_POINT('',(0.00314058168024374,-0.000268180550752829,0.008));
#8364=CARTESIAN_POINT('',(0.00249760257513634,-0.000459433970056334,0.008));
#8365=CARTESIAN_POINT('',(0.00249760257513634,-0.000459433970056334,0.008));
#8366=CARTESIAN_POINT('',(0.00323928568153465,-0.000590212712850024,0.008));
#8367=CARTESIAN_POINT('',(0.00177284804932593,-0.00260868500171957,0.008));
#8368=CARTESIAN_POINT('',(0.00138814277744584,-0.00215021111186654,0.008));
#8369=CARTESIAN_POINT('',(0.00138814277744584,-0.00215021111186654,0.008));
#8370=CARTESIAN_POINT('',(0.00215755332120602,-0.0030671588915726,0.008));
#8371=CARTESIAN_POINT('',(0.00215755332120602,-0.0030671588915726,0.008));
#8372=CARTESIAN_POINT('',(0.00177284804932593,-0.00260868500171957,0.008));
#8373=CARTESIAN_POINT('',(0.00238422631498796,-0.00307881228096386,0.008));
#8374=CARTESIAN_POINT('',(0.00261089930876989,-0.00309046567035513,0.008));
#8375=CARTESIAN_POINT('',(0.00261089930876989,-0.00309046567035513,0.008));
#8376=CARTESIAN_POINT('',(0.00238422631498796,-0.00307881228096386,0.008));
#8377=CARTESIAN_POINT('',(0.00261500694185548,-0.00288712877407626,0.008));
#8378=CARTESIAN_POINT('',(0.00261911457494107,-0.00268379187779739,0.008));
#8379=CARTESIAN_POINT('',(0.00261911457494107,-0.00268379187779739,0.008));
#8380=CARTESIAN_POINT('',(0.00261500694185548,-0.00288712877407626,0.008));
#8381=CARTESIAN_POINT('',(0.00223344200912915,-0.00222416521192601,0.008));
#8382=CARTESIAN_POINT('',(0.00184776944331722,-0.00176453854605461,0.008));
#8383=CARTESIAN_POINT('',(0.00184776944331722,-0.00176453854605461,0.008));
#8384=CARTESIAN_POINT('',(0.00223344200912915,-0.00222416521192601,0.008));
#8385=CARTESIAN_POINT('',(0.00161795611038154,-0.00195737482896058,0.008));
#8386=CARTESIAN_POINT('',(0.00161795611038154,-0.00195737482896058,0.008));
#8387=CARTESIAN_POINT('',(0.00210205537711502,-0.00253430186926243,0.008));
#8388=CARTESIAN_POINT('',(0.0257598180456003,0.01467237335181,0.0640520380446596));
#8389=CARTESIAN_POINT('',(0.,0.0440825765114939,0.009));
#8390=CARTESIAN_POINT('',(-0.017462071031332,-0.0015,0.009));
#8391=CARTESIAN_POINT('',(-0.0178186371922493,0.,0.009));
#8392=CARTESIAN_POINT('',(-0.0172243602573872,-0.0025,0.009));
#8393=CARTESIAN_POINT('',(-0.015,-0.0025,0.009));
#8394=CARTESIAN_POINT('',(-0.015,-0.0025,0.009));
#8395=CARTESIAN_POINT('',(-0.015,-0.0015,0.009));
#8396=CARTESIAN_POINT('',(-0.015,0.,0.009));
#8397=CARTESIAN_POINT('',(-0.0203492685701186,0.,0.009));
#8398=CARTESIAN_POINT('',(0.,0.0440825765114939,0.009));
#8399=CARTESIAN_POINT('',(-0.015,0.0195,0.009));
#8400=CARTESIAN_POINT('',(-0.015,0.018,0.009));
#8401=CARTESIAN_POINT('',(-0.015,0.0205,0.009));
#8402=CARTESIAN_POINT('',(-0.0171002511527733,0.0205,0.009));
#8403=CARTESIAN_POINT('',(-0.0172164884579344,0.0205,0.009));
#8404=CARTESIAN_POINT('',(-0.0174489630682566,0.0195,0.009));
#8405=CARTESIAN_POINT('',(-0.0177976749837398,0.018,0.009));
#8406=CARTESIAN_POINT('',(-0.0247174921658115,0.018,0.009));
#8407=CARTESIAN_POINT('',(0.,0.0440825765114939,0.009));
#8408=CARTESIAN_POINT('',(0.0232373408521945,-0.00149999999999999,0.009));
#8409=CARTESIAN_POINT('',(0.022879899947988,1.49619899803E-17,0.009));
#8410=CARTESIAN_POINT('',(0.0234756347883322,-0.0025,0.009));
#8411=CARTESIAN_POINT('',(0.0305043437029544,-0.0025,0.009));
#8412=CARTESIAN_POINT('',(0.0299930572878672,-0.0025,0.009));
#8413=CARTESIAN_POINT('',(0.0299930572878672,-0.0025,0.009));
#8414=CARTESIAN_POINT('',(0.0299430457485803,-0.000259709776820099,0.009));
#8415=CARTESIAN_POINT('',(0.029840336144637,0.00422086969356743,0.009));
#8416=CARTESIAN_POINT('',(0.0294140586540766,0.0131702345109695,0.009));
#8417=CARTESIAN_POINT('',(0.0285883753353845,0.0243494972691905,0.009));
#8418=CARTESIAN_POINT('',(0.0270794081436535,0.0376912312066473,0.009));
#8419=CARTESIAN_POINT('',(0.0249272958927192,0.0509649123395399,0.009));
#8420=CARTESIAN_POINT('',(0.0224063951948256,0.0618739176138973,0.009));
#8421=CARTESIAN_POINT('',(0.0197532365610767,0.0703689118491652,0.009));
#8422=CARTESIAN_POINT('',(0.0173460792839214,0.0765958944462533,0.009));
#8423=CARTESIAN_POINT('',(0.014865023976805,0.0816426915713433,0.009));
#8424=CARTESIAN_POINT('',(0.0124907223176033,0.0855066635247757,0.009));
#8425=CARTESIAN_POINT('',(0.0105148392467842,0.0882358194457806,0.009));
#8426=CARTESIAN_POINT('',(0.00830693028395568,0.0907811355119894,0.009));
#8427=CARTESIAN_POINT('',(0.00579190228131604,0.0931091248870999,0.009));
#8428=CARTESIAN_POINT('',(0.00304954246798848,0.0950947069365977,0.009));
#8429=CARTESIAN_POINT('',(0.00101831195895155,0.0961060715919836,0.009));
#8430=CARTESIAN_POINT('',(1.16180249180678E-17,0.0966077650556822,0.009));
#8431=CARTESIAN_POINT('',(5.146771959831E-18,0.0966077650556822,0.009));
#8432=CARTESIAN_POINT('',(5.146771959831E-18,0.0966077650556822,0.009));
#8433=CARTESIAN_POINT('',(-0.00101826706864236,0.0961060937081676,0.009));
#8434=CARTESIAN_POINT('',(-0.00304941161719427,0.0950947779903358,0.009));
#8435=CARTESIAN_POINT('',(-0.00579166549135458,0.0931093115171983,0.009));
#8436=CARTESIAN_POINT('',(-0.00830661516170772,0.0907814558646691,0.009));
#8437=CARTESIAN_POINT('',(-0.0105144678446981,0.0882362829458933,0.009));
#8438=CARTESIAN_POINT('',(-0.0124903073205462,0.0855072808413346,0.009));
#8439=CARTESIAN_POINT('',(-0.0148645629369217,0.0816435300811356,0.009));
#8440=CARTESIAN_POINT('',(-0.0173456039641314,0.0765969721184336,0.009));
#8441=CARTESIAN_POINT('',(-0.0197527494771901,0.0703703017328275,0.009));
#8442=CARTESIAN_POINT('',(-0.0224059108148862,0.0618757160045154,0.009));
#8443=CARTESIAN_POINT('',(-0.0249268313556006,0.0509672733265148,0.009));
#8444=CARTESIAN_POINT('',(-0.027079010531871,0.0376940677231323,0.009));
#8445=CARTESIAN_POINT('',(-0.0285880108945521,0.0243533828909096,0.009));
#8446=CARTESIAN_POINT('',(-0.0294138892456167,0.0131732608962983,0.009));
#8447=CARTESIAN_POINT('',(-0.0298403103282415,0.00422185820899138,0.009));
#8448=CARTESIAN_POINT('',(-0.029943039552873,-0.000259432237222535,0.009));
#8449=CARTESIAN_POINT('',(-0.0299930572878672,-0.0025,0.009));
#8450=CARTESIAN_POINT('',(-0.0299930572878672,-0.0025,0.009));
#8451=CARTESIAN_POINT('',(-0.0235947817564011,-0.0025,0.009));
#8452=CARTESIAN_POINT('',(-0.0234756347883322,-0.0025,0.009));
#8453=CARTESIAN_POINT('',(-0.0232373408521945,-0.00149999999999999,0.009));
#8454=CARTESIAN_POINT('',(-0.022879899947988,1.5178830414797E-17,0.009));
#8455=CARTESIAN_POINT('',(-0.0203492685701186,0.,0.009));
#8456=CARTESIAN_POINT('',(-0.0274366252124309,0.,0.009));
#8457=CARTESIAN_POINT('',(-0.0265296606772099,0.0179999999999986,0.009));
#8458=CARTESIAN_POINT('',(-0.0269230444728337,0.0128213405108019,0.009));
#8459=CARTESIAN_POINT('',(-0.0271893666982531,0.00799655809357162,0.009));
#8460=CARTESIAN_POINT('',(-0.0273545693610265,0.00367573012702712,0.009));
#8461=CARTESIAN_POINT('',(-0.0274366252124309,0.,0.009));
#8462=CARTESIAN_POINT('',(-0.0265296606772099,0.0179999999999986,0.009));
#8463=CARTESIAN_POINT('',(-0.0247174921658115,0.018,0.009));
#8464=CARTESIAN_POINT('',(-0.0229053236544132,0.018,0.009));
#8465=CARTESIAN_POINT('',(-0.023252977989614,0.0195,0.009));
#8466=CARTESIAN_POINT('',(-0.0234847475464145,0.0205,0.009));
#8467=CARTESIAN_POINT('',(-0.0262890741112822,0.0205,0.009));
#8468=CARTESIAN_POINT('',(-0.0268330860676912,0.0205,0.009));
#8469=CARTESIAN_POINT('',(-0.0268330860676912,0.0205,0.009));
#8470=CARTESIAN_POINT('',(-0.0262623009965424,0.0272577933000392,0.009));
#8471=CARTESIAN_POINT('',(-0.0247756609530741,0.0407504938134383,0.009));
#8472=CARTESIAN_POINT('',(-0.0216205071151931,0.0573894345512664,0.009));
#8473=CARTESIAN_POINT('',(-0.0182135646230506,0.0687866809031629,0.009));
#8474=CARTESIAN_POINT('',(-0.0157718361379743,0.0750903348457178,0.009));
#8475=CARTESIAN_POINT('',(-0.0136194050049681,0.079708278832002,0.00900000000000001));
#8476=CARTESIAN_POINT('',(-0.0110739905967999,0.084120404616333,0.00900000000000002));
#8477=CARTESIAN_POINT('',(-0.00857467369135337,0.0874962452187126,0.00899999999999999));
#8478=CARTESIAN_POINT('',(-0.00626520251427037,0.0899637065142221,0.00900000000000001));
#8479=CARTESIAN_POINT('',(-0.00369926501668103,0.0922572296870354,0.00899999999999998));
#8480=CARTESIAN_POINT('',(-0.00154033968032167,0.0936193314482067,0.009));
#8481=CARTESIAN_POINT('',(-3.2257600752006E-18,0.0943782131864599,0.009));
#8482=CARTESIAN_POINT('',(0.,0.0943782131864599,0.009));
#8483=CARTESIAN_POINT('',(0.,0.0943782131864599,0.009));
#8484=CARTESIAN_POINT('',(0.000779902258722265,0.093993977430329,0.009));
#8485=CARTESIAN_POINT('',(0.00230695262169884,0.0931542866765905,0.009));
#8486=CARTESIAN_POINT('',(0.00506904188592904,0.091145228952498,0.009));
#8487=CARTESIAN_POINT('',(0.0074965335158696,0.0887484574464673,0.009));
#8488=CARTESIAN_POINT('',(0.00965358835191564,0.0860399357446889,0.009));
#8489=CARTESIAN_POINT('',(0.01158748919467,0.0832433306210868,0.009));
#8490=CARTESIAN_POINT('',(0.0145141762495846,0.0781248305554109,0.00899999999999999));
#8491=CARTESIAN_POINT('',(0.0177371148970871,0.0703725745281188,0.00900000000000001));
#8492=CARTESIAN_POINT('',(0.0206649224025646,0.0605927266470481,0.009));
#8493=CARTESIAN_POINT('',(0.0228791177148405,0.0506894384430753,0.009));
#8494=CARTESIAN_POINT('',(0.025155484774937,0.0373636943232251,0.009));
#8495=CARTESIAN_POINT('',(0.0262625267611508,0.0272551203665036,0.009));
#8496=CARTESIAN_POINT('',(0.0268330860676912,0.0205,0.009));
#8497=CARTESIAN_POINT('',(0.0268330860676912,0.0205,0.009));
#8498=CARTESIAN_POINT('',(0.0236006323248148,0.0205,0.009));
#8499=CARTESIAN_POINT('',(0.0234847475464145,0.0205,0.009));
#8500=CARTESIAN_POINT('',(0.023252977989614,0.0195,0.009));
#8501=CARTESIAN_POINT('',(0.0229053236544132,0.018,0.009));
#8502=CARTESIAN_POINT('',(0.0203514993190765,0.018,0.009));
#8503=CARTESIAN_POINT('',(0.0265296606772099,0.018,0.009));
#8504=CARTESIAN_POINT('',(0.0265296606772099,0.0179999999999986,0.009));
#8505=CARTESIAN_POINT('',(0.0269230444728337,0.0128213405108019,0.009));
#8506=CARTESIAN_POINT('',(0.0271893666982531,0.00799655809357164,0.009));
#8507=CARTESIAN_POINT('',(0.0273545693610265,0.00367573012702713,0.009));
#8508=CARTESIAN_POINT('',(0.0274366252124309,0.,0.009));
#8509=CARTESIAN_POINT('',(0.0274366252124309,0.,0.009));
#8510=CARTESIAN_POINT('',(0.0251582625802095,0.,0.009));
#8511=CARTESIAN_POINT('',(0.,0.0440825765114939,0.009));
#8512=CARTESIAN_POINT('',(0.0174489630682566,0.0195,0.009));
#8513=CARTESIAN_POINT('',(0.0172164884579344,0.0205,0.009));
#8514=CARTESIAN_POINT('',(0.0177976749837398,0.018,0.009));
#8515=CARTESIAN_POINT('',(0.015,0.0205,0.009));
#8516=CARTESIAN_POINT('',(0.015,0.0205,0.009));
#8517=CARTESIAN_POINT('',(0.015,0.0195,0.009));
#8518=CARTESIAN_POINT('',(0.015,0.018,0.009));
#8519=CARTESIAN_POINT('',(0.0203514993190765,0.018,0.009));
#8520=CARTESIAN_POINT('',(-0.0247174921658115,0.018,0.009));
#8521=CARTESIAN_POINT('',(-0.0177976749837398,0.018,0.009));
#8522=CARTESIAN_POINT('',(-0.0177976749837398,0.018,0.007));
#8523=CARTESIAN_POINT('',(-0.0203514993190765,0.018,0.007));
#8524=CARTESIAN_POINT('',(-0.0229053236544132,0.018,0.007));
#8525=CARTESIAN_POINT('',(-0.0229053236544132,0.018,0.009));
#8526=CARTESIAN_POINT('',(-0.0265296606772099,0.0179999999999986,0.009));
#8527=CARTESIAN_POINT('',(-0.0265296606772099,0.0179999999999986,0.002));
#8528=CARTESIAN_POINT('',(0.,0.018,0.002));
#8529=CARTESIAN_POINT('',(-0.015,0.018,0.002));
#8530=CARTESIAN_POINT('',(-0.015,0.018,0.009));
#8531=CARTESIAN_POINT('',(0.0251582625802095,0.,0.009));
#8532=CARTESIAN_POINT('',(0.0251582625802095,0.,0.009));
#8533=CARTESIAN_POINT('',(0.015,0.,0.009));
#8534=CARTESIAN_POINT('',(0.0178186371922493,0.,0.009));
#8535=CARTESIAN_POINT('',(0.0178186371922493,0.,0.009));
#8536=CARTESIAN_POINT('',(0.0178186371922493,0.,0.007));
#8537=CARTESIAN_POINT('',(0.0203492685701186,0.,0.007));
#8538=CARTESIAN_POINT('',(0.022879899947988,0.,0.007));
#8539=CARTESIAN_POINT('',(0.022879899947988,1.49619899803E-17,0.009));
#8540=CARTESIAN_POINT('',(0.0274366252124309,0.,0.009));
#8541=CARTESIAN_POINT('',(0.0274366252124309,0.,0.002));
#8542=CARTESIAN_POINT('',(0.,0.,0.002));
#8543=CARTESIAN_POINT('',(0.015,0.,0.002));
#8544=CARTESIAN_POINT('',(0.015,0.,0.009));
#8545=CARTESIAN_POINT('',(-0.0203492685701186,0.,0.009));
#8546=CARTESIAN_POINT('',(-0.022879899947988,1.5178830414797E-17,0.009));
#8547=CARTESIAN_POINT('',(-0.022879899947988,1.5178830414797E-17,0.007));
#8548=CARTESIAN_POINT('',(-0.0203492685701186,0.,0.007));
#8549=CARTESIAN_POINT('',(-0.0178186371922493,0.,0.007));
#8550=CARTESIAN_POINT('',(-0.0178186371922493,0.,0.009));
#8551=CARTESIAN_POINT('',(-0.015,0.,0.009));
#8552=CARTESIAN_POINT('',(-0.015,0.,0.002));
#8553=CARTESIAN_POINT('',(0.,0.,0.002));
#8554=CARTESIAN_POINT('',(-0.0274366252124309,0.,0.002));
#8555=CARTESIAN_POINT('',(-0.0274366252124309,0.,0.009));
#8556=CARTESIAN_POINT('',(0.,0.0440825765114939,0.002));
#8557=CARTESIAN_POINT('',(0.,0.021,0.002));
#8558=CARTESIAN_POINT('',(-0.0262890741112822,0.021,0.002));
#8559=CARTESIAN_POINT('',(0.0262890741112822,0.020999999999999,0.002));
#8560=CARTESIAN_POINT('',(0.,0.0938208252191544,0.002));
#8561=CARTESIAN_POINT('',(0.0137743766845367,0.0870345799154349,0.002));
#8562=CARTESIAN_POINT('',(0.0209042279882176,0.0660976885446021,0.002));
#8563=CARTESIAN_POINT('',(0.0245753756563144,0.0412892831691607,0.002));
#8564=CARTESIAN_POINT('',(0.0262890741112822,0.020999999999999,0.002));
#8565=CARTESIAN_POINT('',(0.,0.0938208252191544,0.002));
#8566=CARTESIAN_POINT('',(0.,0.0938208252191544,0.002));
#8567=CARTESIAN_POINT('',(-0.0137743766845367,0.0870345799154349,0.002));
#8568=CARTESIAN_POINT('',(-0.0209042279882176,0.0660976885446021,0.002));
#8569=CARTESIAN_POINT('',(-0.0245753756563144,0.0412892831691607,0.002));
#8570=CARTESIAN_POINT('',(-0.0262890741112822,0.020999999999999,0.002));
#8571=CARTESIAN_POINT('',(0.,0.039,0.002));
#8572=CARTESIAN_POINT('',(0.003,0.039,0.002));
#8573=CARTESIAN_POINT('',(-0.003,0.039,0.002));
#8574=CARTESIAN_POINT('',(-0.003,0.0440825765114939,0.002));
#8575=CARTESIAN_POINT('',(-0.003,0.059,0.002));
#8576=CARTESIAN_POINT('',(0.,0.059,0.002));
#8577=CARTESIAN_POINT('',(0.003,0.059,0.002));
#8578=CARTESIAN_POINT('',(0.003,0.0440825765114939,0.002));
#8579=CARTESIAN_POINT('',(0.,0.0440825765114939,0.002));
#8580=CARTESIAN_POINT('',(-0.015,0.0440825765114939,0.002));
#8581=CARTESIAN_POINT('',(-0.015,0.001,0.002));
#8582=CARTESIAN_POINT('',(-0.0454,0.001,0.002));
#8583=CARTESIAN_POINT('',(-0.012,0.001,0.002));
#8584=CARTESIAN_POINT('',(-0.012,0.0440825765114939,0.002));
#8585=CARTESIAN_POINT('',(-0.012,-0.006,0.002));
#8586=CARTESIAN_POINT('',(5.42996382574332E-18,-0.006,0.002));
#8587=CARTESIAN_POINT('',(0.012,-0.006,0.002));
#8588=CARTESIAN_POINT('',(0.012,0.0440825765114939,0.002));
#8589=CARTESIAN_POINT('',(0.012,0.001,0.002));
#8590=CARTESIAN_POINT('',(-0.0454,0.001,0.002));
#8591=CARTESIAN_POINT('',(0.015,0.001,0.002));
#8592=CARTESIAN_POINT('',(0.015,0.0440825765114939,0.002));
#8593=CARTESIAN_POINT('',(0.0241962768839654,0.0133711187133641,0.002));
#8594=CARTESIAN_POINT('',(0.027412432869009,0.001,0.002));
#8595=CARTESIAN_POINT('',(-0.0454,0.001,0.002));
#8596=CARTESIAN_POINT('',(0.0304134491722977,0.001,0.002));
#8597=CARTESIAN_POINT('',(1.11672823766007E-17,0.0971651530229878,0.002));
#8598=CARTESIAN_POINT('',(0.000441946820719373,0.0969474183403022,0.002));
#8599=CARTESIAN_POINT('',(0.000883893641438735,0.0967296836576165,0.002));
#8600=CARTESIAN_POINT('',(0.0013258404621581,0.0965119489749308,0.002));
#8601=CARTESIAN_POINT('',(0.00304025809353624,0.0956673039600595,0.002));
#8602=CARTESIAN_POINT('',(0.00623640764734233,0.0935627257106415,0.002));
#8603=CARTESIAN_POINT('',(0.0103514740892853,0.0894053606663756,0.002));
#8604=CARTESIAN_POINT('',(0.0138748586888219,0.0844389288651524,0.002));
#8605=CARTESIAN_POINT('',(0.0179007651862894,0.076924938952647,0.002));
#8606=CARTESIAN_POINT('',(0.0218569927686987,0.0661580190158115,0.002));
#8607=CARTESIAN_POINT('',(0.02528198775491,0.0519321474696081,0.002));
#8608=CARTESIAN_POINT('',(0.0276579042537408,0.0372892437381593,0.002));
#8609=CARTESIAN_POINT('',(0.0292046266926938,0.0231118493802669,0.002));
#8610=CARTESIAN_POINT('',(0.0301024901857669,0.0102623605644608,0.002));
#8611=CARTESIAN_POINT('',(0.0303673268736374,0.00313773276141139,0.002));
#8612=CARTESIAN_POINT('',(0.0304358779711601,6.69543819022826E-5,0.002));
#8613=CARTESIAN_POINT('',(0.0304586998817582,-0.000955363745398478,0.002));
#8614=CARTESIAN_POINT('',(0.0304815217923564,-0.00197768187269924,0.002));
#8615=CARTESIAN_POINT('',(0.0305043437029544,-0.003,0.002));
#8616=CARTESIAN_POINT('',(0.0300092607329648,0.0108,0.002));
#8617=CARTESIAN_POINT('',(-0.0454,0.0108,0.002));
#8618=CARTESIAN_POINT('',(0.0270046025862726,0.0108,0.002));
#8619=CARTESIAN_POINT('',(0.0265296606772099,0.0179999999999986,0.002));
#8620=CARTESIAN_POINT('',(0.0269230444728337,0.0128213405108019,0.002));
#8621=CARTESIAN_POINT('',(0.0271893666982531,0.00799655809357164,0.002));
#8622=CARTESIAN_POINT('',(0.0273545693610265,0.00367573012702713,0.002));
#8623=CARTESIAN_POINT('',(0.0274366252124309,0.,0.002));
#8624=CARTESIAN_POINT('',(0.0265296606772099,0.018,0.002));
#8625=CARTESIAN_POINT('',(0.,0.018,0.002));
#8626=CARTESIAN_POINT('',(0.015,0.018,0.002));
#8627=CARTESIAN_POINT('',(0.015,0.0440825765114939,0.002));
#8628=CARTESIAN_POINT('',(0.015,0.0108,0.002));
#8629=CARTESIAN_POINT('',(-0.0454,0.0108,0.002));
#8630=CARTESIAN_POINT('',(0.012,0.0108,0.002));
#8631=CARTESIAN_POINT('',(0.012,0.0440825765114939,0.002));
#8632=CARTESIAN_POINT('',(0.012,0.018,0.002));
#8633=CARTESIAN_POINT('',(0.,0.018,0.002));
#8634=CARTESIAN_POINT('',(-0.012,0.018,0.002));
#8635=CARTESIAN_POINT('',(-0.012,0.0440825765114939,0.002));
#8636=CARTESIAN_POINT('',(-0.012,0.0108,0.002));
#8637=CARTESIAN_POINT('',(-0.0454,0.0108,0.002));
#8638=CARTESIAN_POINT('',(-0.015,0.0108,0.002));
#8639=CARTESIAN_POINT('',(-0.015,0.0440825765114939,0.002));
#8640=CARTESIAN_POINT('',(-0.0265296606772099,0.0179999999999986,0.002));
#8641=CARTESIAN_POINT('',(-0.0269230444728337,0.0128213405108019,0.002));
#8642=CARTESIAN_POINT('',(-0.0271893666982531,0.00799655809357162,0.002));
#8643=CARTESIAN_POINT('',(-0.0273545693610265,0.00367573012702712,0.002));
#8644=CARTESIAN_POINT('',(-0.0274366252124309,0.,0.002));
#8645=CARTESIAN_POINT('',(-0.0270046025862726,0.0108,0.002));
#8646=CARTESIAN_POINT('',(-0.0454,0.0108,0.002));
#8647=CARTESIAN_POINT('',(-0.0300092607329648,0.0108,0.002));
#8648=CARTESIAN_POINT('',(-1.11672823766007E-17,0.0971651530229878,0.002));
#8649=CARTESIAN_POINT('',(-0.000441946820719373,0.0969474183403022,0.002));
#8650=CARTESIAN_POINT('',(-0.000883893641438735,0.0967296836576165,0.002));
#8651=CARTESIAN_POINT('',(-0.0013258404621581,0.0965119489749308,0.002));
#8652=CARTESIAN_POINT('',(-0.00304025809353624,0.0956673039600595,0.002));
#8653=CARTESIAN_POINT('',(-0.00623640764734233,0.0935627257106415,0.002));
#8654=CARTESIAN_POINT('',(-0.0103514740892853,0.0894053606663756,0.002));
#8655=CARTESIAN_POINT('',(-0.0138748586888219,0.0844389288651524,0.002));
#8656=CARTESIAN_POINT('',(-0.0179007651862894,0.076924938952647,0.002));
#8657=CARTESIAN_POINT('',(-0.0218569927686987,0.0661580190158115,0.002));
#8658=CARTESIAN_POINT('',(-0.02528198775491,0.0519321474696081,0.002));
#8659=CARTESIAN_POINT('',(-0.0276579042537408,0.0372892437381593,0.002));
#8660=CARTESIAN_POINT('',(-0.0292046266926938,0.0231118493802669,0.002));
#8661=CARTESIAN_POINT('',(-0.0301024901857669,0.0102623605644608,0.002));
#8662=CARTESIAN_POINT('',(-0.0303673268736374,0.00313773276141139,0.002));
#8663=CARTESIAN_POINT('',(-0.0304358779711601,6.69543819022826E-5,0.002));
#8664=CARTESIAN_POINT('',(-0.0304586998817582,-0.000955363745398478,0.002));
#8665=CARTESIAN_POINT('',(-0.0304815217923564,-0.00197768187269924,0.002));
#8666=CARTESIAN_POINT('',(-0.0305043437029544,-0.003,0.002));
#8667=CARTESIAN_POINT('',(-0.0304134491722977,0.001,0.002));
#8668=CARTESIAN_POINT('',(-0.0454,0.001,0.002));
#8669=CARTESIAN_POINT('',(-0.027412432869009,0.001,0.002));
#8670=CARTESIAN_POINT('',(-0.0241962768839476,0.0133711187133764,0.002));
#8671=CARTESIAN_POINT('',(-2.17550687951571E-18,0.006,0.002));
#8672=CARTESIAN_POINT('',(0.005,0.006,0.002));
#8673=CARTESIAN_POINT('',(-0.002,0.049,0.002));
#8674=CARTESIAN_POINT('',(-0.002,0.049,0.));
#8675=CARTESIAN_POINT('',(-0.002,0.058,0.));
#8676=CARTESIAN_POINT('',(-0.002,0.04,0.));
#8677=CARTESIAN_POINT('',(-0.002,0.058,0.002));
#8678=CARTESIAN_POINT('',(-0.002,0.058,0.009));
#8679=CARTESIAN_POINT('',(-0.002,0.049,0.009));
#8680=CARTESIAN_POINT('',(-0.002,0.04,0.009));
#8681=CARTESIAN_POINT('',(-0.002,0.04,0.002));
#8682=CARTESIAN_POINT('',(-4.33680868994202E-19,0.058,0.002));
#8683=CARTESIAN_POINT('',(-4.33680868994202E-19,0.058,0.));
#8684=CARTESIAN_POINT('',(0.002,0.058,0.));
#8685=CARTESIAN_POINT('',(0.002,0.058,0.002));
#8686=CARTESIAN_POINT('',(0.002,0.058,0.009));
#8687=CARTESIAN_POINT('',(-4.33680868994202E-19,0.058,0.009));
#8688=CARTESIAN_POINT('',(0.002,0.049,0.002));
#8689=CARTESIAN_POINT('',(0.002,0.049,0.));
#8690=CARTESIAN_POINT('',(0.002,0.04,0.));
#8691=CARTESIAN_POINT('',(0.002,0.04,0.002));
#8692=CARTESIAN_POINT('',(0.002,0.04,0.009));
#8693=CARTESIAN_POINT('',(0.002,0.049,0.009));
#8694=CARTESIAN_POINT('',(-0.0160527524352073,-0.003,0.002));
#8695=CARTESIAN_POINT('',(-0.015,-0.003,0.002));
#8696=CARTESIAN_POINT('',(-0.015,-0.003,0.0085));
#8697=CARTESIAN_POINT('',(-0.015,-0.003,0.));
#8698=CARTESIAN_POINT('',(-0.0171055048704148,-0.003,0.0085));
#8699=CARTESIAN_POINT('',(-0.0171055048704148,-0.003,0.0085));
#8700=CARTESIAN_POINT('',(-0.0171055048704148,-0.003,0.009));
#8701=CARTESIAN_POINT('',(-0.0171055048704148,-0.003,0.007));
#8702=CARTESIAN_POINT('',(-0.0203501433134079,-0.003,0.007));
#8703=CARTESIAN_POINT('',(-0.0235947817564011,-0.003,0.007));
#8704=CARTESIAN_POINT('',(-0.0235947817564011,-0.003,0.009));
#8705=CARTESIAN_POINT('',(-0.0235947817564011,-0.003,0.0085));
#8706=CARTESIAN_POINT('',(-0.0305043437029544,-0.003,0.0085));
#8707=CARTESIAN_POINT('',(-0.0305043437029544,-0.003,0.0085));
#8708=CARTESIAN_POINT('',(-0.0305043437029544,-0.003,0.002));
#8709=CARTESIAN_POINT('',(-0.0305043437029544,-0.003,0.));
#8710=CARTESIAN_POINT('',(-0.0160527524352073,-0.003,0.));
#8711=CARTESIAN_POINT('',(-0.015,-0.005,0.002));
#8712=CARTESIAN_POINT('',(-0.015,-0.005,0.0155));
#8713=CARTESIAN_POINT('',(-0.015,-0.007,0.0155));
#8714=CARTESIAN_POINT('',(-0.015,0.0205,0.0155));
#8715=CARTESIAN_POINT('',(-0.015,0.0205,0.009));
#8716=CARTESIAN_POINT('',(-0.015,0.0108,0.002));
#8717=CARTESIAN_POINT('',(-0.015,0.0108,0.006));
#8718=CARTESIAN_POINT('',(-0.015,-0.005,0.006));
#8719=CARTESIAN_POINT('',(-0.015,0.001,0.006));
#8720=CARTESIAN_POINT('',(-0.015,0.001,0.002));
#8721=CARTESIAN_POINT('',(-0.015,-0.0025,0.0085));
#8722=CARTESIAN_POINT('',(-0.015,-0.005,0.));
#8723=CARTESIAN_POINT('',(-0.015,-0.007,0.));
#8724=CARTESIAN_POINT('',(-0.015,-0.007,0.002));
#8725=CARTESIAN_POINT('',(-0.013,-0.007,0.002));
#8726=CARTESIAN_POINT('',(-0.013,-0.009,0.002));
#8727=CARTESIAN_POINT('',(-0.013,-0.009,0.0155));
#8728=CARTESIAN_POINT('',(-0.013,-0.009,0.));
#8729=CARTESIAN_POINT('',(-0.013,-0.007,0.0155));
#8730=CARTESIAN_POINT('',(-0.013,-0.007,0.));
#8731=CARTESIAN_POINT('',(-1.7347234759768E-18,-0.009,0.002));
#8732=CARTESIAN_POINT('',(0.013,-0.009,0.002));
#8733=CARTESIAN_POINT('',(0.013,-0.009,0.0155));
#8734=CARTESIAN_POINT('',(0.013,-0.009,0.));
#8735=CARTESIAN_POINT('',(-1.7347234759768E-18,-0.009,0.0155));
#8736=CARTESIAN_POINT('',(-1.7347234759768E-18,-0.009,0.));
#8737=CARTESIAN_POINT('',(0.013,-0.007,0.002));
#8738=CARTESIAN_POINT('',(0.015,-0.007,0.002));
#8739=CARTESIAN_POINT('',(0.015,-0.007,0.0155));
#8740=CARTESIAN_POINT('',(0.015,-0.007,0.));
#8741=CARTESIAN_POINT('',(0.013,-0.007,0.0155));
#8742=CARTESIAN_POINT('',(0.013,-0.007,0.));
#8743=CARTESIAN_POINT('',(0.015,-0.005,0.002));
#8744=CARTESIAN_POINT('',(0.015,0.0205,0.002));
#8745=CARTESIAN_POINT('',(0.015,0.0205,0.0155));
#8746=CARTESIAN_POINT('',(0.015,-0.007,0.0155));
#8747=CARTESIAN_POINT('',(0.015,-0.005,0.));
#8748=CARTESIAN_POINT('',(0.015,-0.003,0.));
#8749=CARTESIAN_POINT('',(0.015,-0.003,0.002));
#8750=CARTESIAN_POINT('',(0.015,-0.003,0.0085));
#8751=CARTESIAN_POINT('',(0.015,-0.0025,0.0085));
#8752=CARTESIAN_POINT('',(0.015,-0.0025,0.009));
#8753=CARTESIAN_POINT('',(0.015,-0.0015,0.009));
#8754=CARTESIAN_POINT('',(0.015,0.001,0.002));
#8755=CARTESIAN_POINT('',(0.015,0.001,0.006));
#8756=CARTESIAN_POINT('',(0.015,-0.005,0.006));
#8757=CARTESIAN_POINT('',(0.015,0.0108,0.006));
#8758=CARTESIAN_POINT('',(0.015,0.0108,0.002));
#8759=CARTESIAN_POINT('',(0.015,0.018,0.009));
#8760=CARTESIAN_POINT('',(0.0270495627296778,-0.003,0.002));
#8761=CARTESIAN_POINT('',(0.0171055048704148,-0.003,0.009));
#8762=CARTESIAN_POINT('',(0.0171055048704148,-0.003,0.0085));
#8763=CARTESIAN_POINT('',(0.0171055048704148,-0.003,0.007));
#8764=CARTESIAN_POINT('',(0.015,-0.003,0.0085));
#8765=CARTESIAN_POINT('',(0.0270495627296778,-0.003,0.));
#8766=CARTESIAN_POINT('',(0.0305043437029544,-0.003,0.));
#8767=CARTESIAN_POINT('',(0.0305043437029544,-0.003,0.002));
#8768=CARTESIAN_POINT('',(0.0305043437029544,-0.003,0.0085));
#8769=CARTESIAN_POINT('',(0.0235947817564011,-0.003,0.0085));
#8770=CARTESIAN_POINT('',(0.0235947817564011,-0.003,0.0085));
#8771=CARTESIAN_POINT('',(0.0235947817564011,-0.003,0.009));
#8772=CARTESIAN_POINT('',(0.0235947817564011,-0.003,0.007));
#8773=CARTESIAN_POINT('',(0.0203501433134079,-0.003,0.007));
#8774=CARTESIAN_POINT('',(1.11672823766007E-17,0.0971651530229878,0.0085));
#8775=CARTESIAN_POINT('',(1.11672823766007E-17,0.0971651530229878,0.));
#8776=CARTESIAN_POINT('',(0.000906692209897945,0.0967184514485896,0.0085));
#8777=CARTESIAN_POINT('',(0.000906692209897945,0.0967184514485896,0.));
#8778=CARTESIAN_POINT('',(0.00273073536917743,0.0958425050381242,0.0085));
#8779=CARTESIAN_POINT('',(0.00273073536917743,0.0958425050381242,1.73472347597681E-18));
#8780=CARTESIAN_POINT('',(0.00524933459179866,0.0941540767956941,0.0085));
#8781=CARTESIAN_POINT('',(0.00524933459179866,0.0941540767956941,1.73472347597681E-18));
#8782=CARTESIAN_POINT('',(0.00758243910950757,0.0921847270905564,0.0085));
#8783=CARTESIAN_POINT('',(0.00758243910950757,0.0921847270905564,-1.73472347597681E-18));
#8784=CARTESIAN_POINT('',(0.0104476317235754,0.0892054446813687,0.0085));
#8785=CARTESIAN_POINT('',(0.0104476317235754,0.0892054446813687,-1.73472347597681E-18));
#8786=CARTESIAN_POINT('',(0.0136076369469244,0.0849002332496986,0.0085));
#8787=CARTESIAN_POINT('',(0.0136076369469244,0.0849002332496986,0.));
#8788=CARTESIAN_POINT('',(0.0179007888339108,0.076997967401913,0.0085));
#8789=CARTESIAN_POINT('',(0.0179007888339108,0.076997967401913,0.));
#8790=CARTESIAN_POINT('',(0.0220599950222768,0.0655741207422457,0.0085));
#8791=CARTESIAN_POINT('',(0.0220599950222768,0.0655741207422457,-3.46944695195361E-18));
#8792=CARTESIAN_POINT('',(0.0255886029930766,0.0504490281324951,0.0085));
#8793=CARTESIAN_POINT('',(0.0255886029930766,0.0504490281324951,1.73472347597681E-18));
#8794=CARTESIAN_POINT('',(0.0279712358314693,0.0349585220037757,0.0085));
#8795=CARTESIAN_POINT('',(0.0279712358314693,0.0349585220037757,0.));
#8796=CARTESIAN_POINT('',(0.0292133296907707,0.0226145617650193,0.0085));
#8797=CARTESIAN_POINT('',(0.0292133296907707,0.0226145617650193,0.));
#8798=CARTESIAN_POINT('',(0.029863365149483,0.013583937992554,0.0085));
#8799=CARTESIAN_POINT('',(0.029863365149483,0.013583937992554,0.));
#8800=CARTESIAN_POINT('',(0.0302003703968246,0.00735943399204081,0.0085));
#8801=CARTESIAN_POINT('',(0.0302003703968246,0.00735943399204081,-1.73472347597681E-18));
#8802=CARTESIAN_POINT('',(0.0304074174346813,0.00179162849180899,0.0085));
#8803=CARTESIAN_POINT('',(0.0304074174346813,0.00179162849180899,-1.73472347597681E-18));
#8804=CARTESIAN_POINT('',(0.0304680895575431,-0.00137597865067118,0.0085));
#8805=CARTESIAN_POINT('',(0.0304680895575431,-0.00137597865067118,0.));
#8806=CARTESIAN_POINT('',(0.0305043437029544,-0.003,0.0085));
#8807=CARTESIAN_POINT('',(0.0305043437029544,-0.003,0.));
#8808=CARTESIAN_POINT('',(0.0304134491722347,0.001,0.002));
#8809=CARTESIAN_POINT('',(0.0304134491722977,0.001,0.006));
#8810=CARTESIAN_POINT('',(1.11672823766007E-17,0.0971651530229878,0.006));
#8811=CARTESIAN_POINT('',(0.000441946820719373,0.0969474183403022,0.006));
#8812=CARTESIAN_POINT('',(0.000883893641438735,0.0967296836576165,0.006));
#8813=CARTESIAN_POINT('',(0.0013258404621581,0.0965119489749308,0.006));
#8814=CARTESIAN_POINT('',(0.00304025809353624,0.0956673039600595,0.006));
#8815=CARTESIAN_POINT('',(0.00623640764734233,0.0935627257106415,0.006));
#8816=CARTESIAN_POINT('',(0.0103514740892853,0.0894053606663756,0.006));
#8817=CARTESIAN_POINT('',(0.0138748586888219,0.0844389288651524,0.006));
#8818=CARTESIAN_POINT('',(0.0179007651862894,0.076924938952647,0.006));
#8819=CARTESIAN_POINT('',(0.0218569927686987,0.0661580190158115,0.006));
#8820=CARTESIAN_POINT('',(0.02528198775491,0.0519321474696081,0.006));
#8821=CARTESIAN_POINT('',(0.0276579042537408,0.0372892437381593,0.006));
#8822=CARTESIAN_POINT('',(0.0292046266926938,0.0231118493802669,0.006));
#8823=CARTESIAN_POINT('',(0.0301024901857669,0.0102623605644608,0.006));
#8824=CARTESIAN_POINT('',(0.0303673268736374,0.00313773276141139,0.006));
#8825=CARTESIAN_POINT('',(0.0304358779711601,6.69543819022826E-5,0.006));
#8826=CARTESIAN_POINT('',(0.0304586998817582,-0.000955363745398478,0.006));
#8827=CARTESIAN_POINT('',(0.0304815217923564,-0.00197768187269924,0.006));
#8828=CARTESIAN_POINT('',(0.0305043437029544,-0.003,0.006));
#8829=CARTESIAN_POINT('',(0.0300092607330135,0.0107999999991225,0.006));
#8830=CARTESIAN_POINT('',(0.0300092607329648,0.0108,0.002));
#8831=CARTESIAN_POINT('',(-1.11672823766007E-17,0.0971651530229878,0.002));
#8832=CARTESIAN_POINT('',(-1.11672823766007E-17,0.0971651530229878,0.0085));
#8833=CARTESIAN_POINT('',(-1.11672823766007E-17,0.0971651530229878,0.));
#8834=CARTESIAN_POINT('',(1.11672823766007E-17,0.0971651530229878,0.0085));
#8835=CARTESIAN_POINT('',(0.00102957213601206,0.0966579119889384,0.0085));
#8836=CARTESIAN_POINT('',(0.00309469478284321,0.0956521208044943,0.0085));
#8837=CARTESIAN_POINT('',(0.00588768182235832,0.0936762236794531,0.0085));
#8838=CARTESIAN_POINT('',(0.00845767146490488,0.0913446886493963,0.0085));
#8839=CARTESIAN_POINT('',(0.0107161911045705,0.0887866102534621,0.00850000000000001));
#8840=CARTESIAN_POINT('',(0.0127357566418385,0.0860402692453771,0.0085));
#8841=CARTESIAN_POINT('',(0.015160462376635,0.0821489183873004,0.0085));
#8842=CARTESIAN_POINT('',(0.0176982083411965,0.0770447455729769,0.0085));
#8843=CARTESIAN_POINT('',(0.0201516000215819,0.0707503078239082,0.0085));
#8844=CARTESIAN_POINT('',(0.0228518075569125,0.0621572736302766,0.0085));
#8845=CARTESIAN_POINT('',(0.0254100204748367,0.0511190662641699,0.0085));
#8846=CARTESIAN_POINT('',(0.0275873492934657,0.0376841876718948,0.0085));
#8847=CARTESIAN_POINT('',(0.0291079366695286,0.0241807648501463,0.0085));
#8848=CARTESIAN_POINT('',(0.0299351982319168,0.0128641930360252,0.0085));
#8849=CARTESIAN_POINT('',(0.0303562340732726,0.00380370142089412,0.0085));
#8850=CARTESIAN_POINT('',(0.0304537191192432,-0.000732248165963697,0.0085));
#8851=CARTESIAN_POINT('',(0.0305043437029545,-0.003,0.0085));
#8852=CARTESIAN_POINT('',(1.11672823766007E-17,0.0971651530229878,0.));
#8853=CARTESIAN_POINT('',(0.000441946820719373,0.0969474183403022,0.));
#8854=CARTESIAN_POINT('',(0.000883893641438735,0.0967296836576165,0.));
#8855=CARTESIAN_POINT('',(0.0013258404621581,0.0965119489749308,0.));
#8856=CARTESIAN_POINT('',(0.00304025809353624,0.0956673039600595,0.));
#8857=CARTESIAN_POINT('',(0.00623640764734233,0.0935627257106415,0.));
#8858=CARTESIAN_POINT('',(0.0103514740892853,0.0894053606663756,0.));
#8859=CARTESIAN_POINT('',(0.0138748586888219,0.0844389288651524,0.));
#8860=CARTESIAN_POINT('',(0.0179007651862894,0.076924938952647,0.));
#8861=CARTESIAN_POINT('',(0.0218569927686987,0.0661580190158115,0.));
#8862=CARTESIAN_POINT('',(0.02528198775491,0.0519321474696081,0.));
#8863=CARTESIAN_POINT('',(0.0276579042537408,0.0372892437381593,0.));
#8864=CARTESIAN_POINT('',(0.0292046266926938,0.0231118493802669,0.));
#8865=CARTESIAN_POINT('',(0.0301024901857669,0.0102623605644608,0.));
#8866=CARTESIAN_POINT('',(0.0303673268736374,0.00313773276141139,0.));
#8867=CARTESIAN_POINT('',(0.0304358779711601,6.69543819022826E-5,0.));
#8868=CARTESIAN_POINT('',(0.0304586998817582,-0.000955363745398478,0.));
#8869=CARTESIAN_POINT('',(0.0304815217923564,-0.00197768187269924,0.));
#8870=CARTESIAN_POINT('',(0.0305043437029544,-0.003,0.));
#8871=CARTESIAN_POINT('',(0.,0.04,0.002));
#8872=CARTESIAN_POINT('',(0.,0.04,0.));
#8873=CARTESIAN_POINT('',(0.,0.04,0.009));
#8874=CARTESIAN_POINT('',(-1.11672823766007E-17,0.0971651530229878,0.0085));
#8875=CARTESIAN_POINT('',(-1.11672823766007E-17,0.0971651530229878,0.));
#8876=CARTESIAN_POINT('',(-0.000906692209897931,0.0967184514485896,0.0085));
#8877=CARTESIAN_POINT('',(-0.000906692209897931,0.0967184514485896,0.));
#8878=CARTESIAN_POINT('',(-0.00273073536917741,0.0958425050381242,0.0085));
#8879=CARTESIAN_POINT('',(-0.00273073536917741,0.0958425050381242,0.));
#8880=CARTESIAN_POINT('',(-0.00524933459179864,0.0941540767956941,0.0085));
#8881=CARTESIAN_POINT('',(-0.00524933459179864,0.0941540767956941,-1.73472347597681E-18));
#8882=CARTESIAN_POINT('',(-0.00758243910950756,0.0921847270905565,0.0085));
#8883=CARTESIAN_POINT('',(-0.00758243910950756,0.0921847270905565,0.));
#8884=CARTESIAN_POINT('',(-0.0104476317235754,0.0892054446813687,0.0085));
#8885=CARTESIAN_POINT('',(-0.0104476317235754,0.0892054446813687,-1.73472347597681E-18));
#8886=CARTESIAN_POINT('',(-0.0136076369469244,0.0849002332496986,0.0085));
#8887=CARTESIAN_POINT('',(-0.0136076369469244,0.0849002332496986,0.));
#8888=CARTESIAN_POINT('',(-0.0179007888339108,0.076997967401913,0.0085));
#8889=CARTESIAN_POINT('',(-0.0179007888339108,0.076997967401913,0.));
#8890=CARTESIAN_POINT('',(-0.0220599950222768,0.0655741207422458,0.0085));
#8891=CARTESIAN_POINT('',(-0.0220599950222768,0.0655741207422458,1.73472347597681E-18));
#8892=CARTESIAN_POINT('',(-0.0255886029930766,0.0504490281324951,0.0085));
#8893=CARTESIAN_POINT('',(-0.0255886029930766,0.0504490281324951,0.));
#8894=CARTESIAN_POINT('',(-0.0279712358314693,0.0349585220037759,0.0085));
#8895=CARTESIAN_POINT('',(-0.0279712358314693,0.0349585220037759,0.));
#8896=CARTESIAN_POINT('',(-0.0292133296907707,0.0226145617650193,0.0085));
#8897=CARTESIAN_POINT('',(-0.0292133296907707,0.0226145617650193,0.));
#8898=CARTESIAN_POINT('',(-0.029863365149483,0.0135839379925541,0.0085));
#8899=CARTESIAN_POINT('',(-0.029863365149483,0.0135839379925541,0.));
#8900=CARTESIAN_POINT('',(-0.0302003703968246,0.00735943399204069,0.0085));
#8901=CARTESIAN_POINT('',(-0.0302003703968246,0.00735943399204069,-1.73472347597681E-18));
#8902=CARTESIAN_POINT('',(-0.0304074174346813,0.00179162849180903,0.0085));
#8903=CARTESIAN_POINT('',(-0.0304074174346813,0.00179162849180903,-1.73472347597681E-18));
#8904=CARTESIAN_POINT('',(-0.0304680895575431,-0.00137597865067117,0.0085));
#8905=CARTESIAN_POINT('',(-0.0304680895575431,-0.00137597865067117,0.));
#8906=CARTESIAN_POINT('',(-0.0305043437029544,-0.003,0.0085));
#8907=CARTESIAN_POINT('',(-0.0305043437029544,-0.003,0.));
#8908=CARTESIAN_POINT('',(-1.11672823766007E-17,0.0971651530229878,0.006));
#8909=CARTESIAN_POINT('',(-0.000441946820719373,0.0969474183403022,0.006));
#8910=CARTESIAN_POINT('',(-0.000883893641438735,0.0967296836576165,0.006));
#8911=CARTESIAN_POINT('',(-0.0013258404621581,0.0965119489749308,0.006));
#8912=CARTESIAN_POINT('',(-0.00304025809353624,0.0956673039600595,0.006));
#8913=CARTESIAN_POINT('',(-0.00623640764734233,0.0935627257106415,0.006));
#8914=CARTESIAN_POINT('',(-0.0103514740892853,0.0894053606663756,0.006));
#8915=CARTESIAN_POINT('',(-0.0138748586888219,0.0844389288651524,0.006));
#8916=CARTESIAN_POINT('',(-0.0179007651862894,0.076924938952647,0.006));
#8917=CARTESIAN_POINT('',(-0.0218569927686987,0.0661580190158115,0.006));
#8918=CARTESIAN_POINT('',(-0.02528198775491,0.0519321474696081,0.006));
#8919=CARTESIAN_POINT('',(-0.0276579042537408,0.0372892437381593,0.006));
#8920=CARTESIAN_POINT('',(-0.0292046266926938,0.0231118493802669,0.006));
#8921=CARTESIAN_POINT('',(-0.0301024901857669,0.0102623605644608,0.006));
#8922=CARTESIAN_POINT('',(-0.0303673268736374,0.00313773276141139,0.006));
#8923=CARTESIAN_POINT('',(-0.0304358779711601,6.69543819022826E-5,0.006));
#8924=CARTESIAN_POINT('',(-0.0304586998817582,-0.000955363745398478,0.006));
#8925=CARTESIAN_POINT('',(-0.0304815217923564,-0.00197768187269924,0.006));
#8926=CARTESIAN_POINT('',(-0.0305043437029544,-0.003,0.006));
#8927=CARTESIAN_POINT('',(-0.0304134491722977,0.00099999999755169,0.006));
#8928=CARTESIAN_POINT('',(-0.0300092607330135,0.0108,0.006));
#8929=CARTESIAN_POINT('',(-0.0304134491722347,0.001,0.002));
#8930=CARTESIAN_POINT('',(-0.0300092607329648,0.0108,0.002));
#8931=CARTESIAN_POINT('',(-0.0305043437029545,-0.003,0.0085));
#8932=CARTESIAN_POINT('',(-0.0304537268583512,-0.000732594842914509,0.0085));
#8933=CARTESIAN_POINT('',(-0.0303562631508155,0.00380253500894019,0.0085));
#8934=CARTESIAN_POINT('',(-0.0299353847553004,0.0128608205699925,0.0085));
#8935=CARTESIAN_POINT('',(-0.0291083378455926,0.0241764567269042,0.0085));
#8936=CARTESIAN_POINT('',(-0.027587789822164,0.0376810384011151,0.0085));
#8937=CARTESIAN_POINT('',(-0.0254105366878135,0.0511164462907138,0.0085));
#8938=CARTESIAN_POINT('',(-0.0228523472536212,0.0621552785082867,0.0085));
#8939=CARTESIAN_POINT('',(-0.0201521441151389,0.0707487665607392,0.0085));
#8940=CARTESIAN_POINT('',(-0.0176987402609371,0.0770435511037689,0.0085));
#8941=CARTESIAN_POINT('',(-0.0151609795381698,0.0821479897380709,0.0085));
#8942=CARTESIAN_POINT('',(-0.0127362214901988,0.0860395880037953,0.0085));
#8943=CARTESIAN_POINT('',(-0.0107166074242706,0.0887860992096707,0.0085));
#8944=CARTESIAN_POINT('',(-0.00845802528886142,0.0913443358560459,0.0085));
#8945=CARTESIAN_POINT('',(-0.00588794603020951,0.0936760198966552,0.0085));
#8946=CARTESIAN_POINT('',(-0.00309484105399488,0.0956520435720013,0.0085));
#8947=CARTESIAN_POINT('',(-0.00102962190477249,0.0966578874692796,0.0085));
#8948=CARTESIAN_POINT('',(-1.11672823766007E-17,0.0971651530229878,0.0085));
#8949=CARTESIAN_POINT('',(-1.11672823766007E-17,0.0971651530229878,0.));
#8950=CARTESIAN_POINT('',(-0.000441946820719373,0.0969474183403022,0.));
#8951=CARTESIAN_POINT('',(-0.000883893641438735,0.0967296836576165,0.));
#8952=CARTESIAN_POINT('',(-0.0013258404621581,0.0965119489749308,0.));
#8953=CARTESIAN_POINT('',(-0.00304025809353624,0.0956673039600595,0.));
#8954=CARTESIAN_POINT('',(-0.00623640764734233,0.0935627257106415,0.));
#8955=CARTESIAN_POINT('',(-0.0103514740892853,0.0894053606663756,0.));
#8956=CARTESIAN_POINT('',(-0.0138748586888219,0.0844389288651524,0.));
#8957=CARTESIAN_POINT('',(-0.0179007651862894,0.076924938952647,0.));
#8958=CARTESIAN_POINT('',(-0.0218569927686987,0.0661580190158115,0.));
#8959=CARTESIAN_POINT('',(-0.02528198775491,0.0519321474696081,0.));
#8960=CARTESIAN_POINT('',(-0.0276579042537408,0.0372892437381593,0.));
#8961=CARTESIAN_POINT('',(-0.0292046266926938,0.0231118493802669,0.));
#8962=CARTESIAN_POINT('',(-0.0301024901857669,0.0102623605644608,0.));
#8963=CARTESIAN_POINT('',(-0.0303673268736374,0.00313773276141139,0.));
#8964=CARTESIAN_POINT('',(-0.0304358779711601,6.69543819022826E-5,0.));
#8965=CARTESIAN_POINT('',(-0.0304586998817582,-0.000955363745398478,0.));
#8966=CARTESIAN_POINT('',(-0.0304815217923564,-0.00197768187269924,0.));
#8967=CARTESIAN_POINT('',(-0.0305043437029544,-0.003,0.));
#8968=CARTESIAN_POINT('',(-2.17550687951571E-18,0.006,0.002));
#8969=CARTESIAN_POINT('',(-2.17550687951571E-18,0.006,0.));
#8970=CARTESIAN_POINT('',(0.005,0.006,0.));
#8971=CARTESIAN_POINT('',(0.,0.0440825765114939,0.));
#8972=CARTESIAN_POINT('',(-0.0265296606772099,0.0179999999999986,0.009));
#8973=CARTESIAN_POINT('',(-0.0265296606772099,0.0179999999999986,0.002));
#8974=CARTESIAN_POINT('',(-0.0270541724047083,0.0110951206810697,0.009));
#8975=CARTESIAN_POINT('',(-0.0270541724047083,0.0110951206810697,0.002));
#8976=CARTESIAN_POINT('',(-0.0273272174105584,0.00490097350270283,0.009));
#8977=CARTESIAN_POINT('',(-0.0273272174105584,0.00490097350270283,0.002));
#8978=CARTESIAN_POINT('',(-0.0274366252124309,0.,0.009));
#8979=CARTESIAN_POINT('',(-0.0274366252124309,0.,0.002));
#8980=CARTESIAN_POINT('',(-0.0274124328692629,0.001,0.009));
#8981=CARTESIAN_POINT('',(-0.027412432869009,0.001,0.006));
#8982=CARTESIAN_POINT('',(-0.0265296606772099,0.0179999999999986,0.006));
#8983=CARTESIAN_POINT('',(-0.0269230444728337,0.0128213405108019,0.006));
#8984=CARTESIAN_POINT('',(-0.0271893666982531,0.00799655809357162,0.006));
#8985=CARTESIAN_POINT('',(-0.0273545693610265,0.00367573012702712,0.006));
#8986=CARTESIAN_POINT('',(-0.0274366252124309,0.,0.006));
#8987=CARTESIAN_POINT('',(-0.0270046025862988,0.0107999999995325,0.006));
#8988=CARTESIAN_POINT('',(-0.0270046025862726,0.0108,0.009));
#8989=CARTESIAN_POINT('',(-0.0249448532180485,0.021,0.009));
#8990=CARTESIAN_POINT('',(0.0236006323248148,0.021,0.009));
#8991=CARTESIAN_POINT('',(0.0236006323248148,0.021,0.0085));
#8992=CARTESIAN_POINT('',(0.0236006323248148,0.021,0.007));
#8993=CARTESIAN_POINT('',(0.0262890741112822,0.021,0.0085));
#8994=CARTESIAN_POINT('',(0.0262890741112822,0.020999999999999,0.0085));
#8995=CARTESIAN_POINT('',(0.0262890741112822,0.020999999999999,0.009));
#8996=CARTESIAN_POINT('',(-0.0262890741112822,0.021,0.009));
#8997=CARTESIAN_POINT('',(-0.0262890741112822,0.021,0.0085));
#8998=CARTESIAN_POINT('',(-0.0236006323248148,0.021,0.0085));
#8999=CARTESIAN_POINT('',(-0.0236006323248148,0.021,0.0085));
#9000=CARTESIAN_POINT('',(-0.0236006323248148,0.021,0.009));
#9001=CARTESIAN_POINT('',(-0.0236006323248148,0.021,0.007));
#9002=CARTESIAN_POINT('',(-0.020350441738794,0.021,0.007));
#9003=CARTESIAN_POINT('',(-0.0171002511527733,0.021,0.007));
#9004=CARTESIAN_POINT('',(-0.0171002511527733,0.021,0.009));
#9005=CARTESIAN_POINT('',(-0.0171002511527733,0.021,0.0085));
#9006=CARTESIAN_POINT('',(-0.015,0.021,0.0085));
#9007=CARTESIAN_POINT('',(-0.0145,0.021,0.0085));
#9008=CARTESIAN_POINT('',(-0.0145,0.021,0.016));
#9009=CARTESIAN_POINT('',(-0.0145,0.021,0.0155));
#9010=CARTESIAN_POINT('',(0.015,0.021,0.0155));
#9011=CARTESIAN_POINT('',(0.0145,0.021,0.0155));
#9012=CARTESIAN_POINT('',(0.0145,0.021,0.009));
#9013=CARTESIAN_POINT('',(0.0145,0.021,0.0085));
#9014=CARTESIAN_POINT('',(0.0171002511527733,0.021,0.0085));
#9015=CARTESIAN_POINT('',(0.0171002511527733,0.021,0.0085));
#9016=CARTESIAN_POINT('',(0.0171002511527733,0.021,0.009));
#9017=CARTESIAN_POINT('',(0.0171002511527733,0.021,0.007));
#9018=CARTESIAN_POINT('',(0.020350441738794,0.021,0.007));
#9019=CARTESIAN_POINT('',(0.,0.0938208252191544,0.0085));
#9020=CARTESIAN_POINT('',(0.,0.0938208252191544,0.002));
#9021=CARTESIAN_POINT('',(-0.00918291778969113,0.0892966616833414,0.0085));
#9022=CARTESIAN_POINT('',(-0.00918291778969113,0.0892966616833414,0.002));
#9023=CARTESIAN_POINT('',(-0.020974418293335,0.0661763758717528,0.0085));
#9024=CARTESIAN_POINT('',(-0.020974418293335,0.0661763758717528,0.002));
#9025=CARTESIAN_POINT('',(-0.025146608474637,0.0345261887794402,0.0085));
#9026=CARTESIAN_POINT('',(-0.025146608474637,0.0345261887794402,0.002));
#9027=CARTESIAN_POINT('',(-0.0262890741112822,0.020999999999999,0.0085));
#9028=CARTESIAN_POINT('',(-0.0262890741112822,0.020999999999999,0.002));
#9029=CARTESIAN_POINT('',(0.,0.0938208252191544,0.009));
#9030=CARTESIAN_POINT('',(0.,0.0938208252191544,0.0085));
#9031=CARTESIAN_POINT('',(0.,0.0938208252191544,0.0085));
#9032=CARTESIAN_POINT('',(-0.00150356169511481,0.0930800629526643,0.0085));
#9033=CARTESIAN_POINT('',(-0.00433188854028976,0.0912106144603906,0.0085));
#9034=CARTESIAN_POINT('',(-0.00788307109393574,0.0876209957428979,0.0085));
#9035=CARTESIAN_POINT('',(-0.0107971593976959,0.0836223464117892,0.00850000000000001));
#9036=CARTESIAN_POINT('',(-0.0132840805022075,0.0792629822840687,0.0085));
#9037=CARTESIAN_POINT('',(-0.0153853357916722,0.0747160331757324,0.0085));
#9038=CARTESIAN_POINT('',(-0.0177762219795138,0.0685084500029775,0.0085));
#9039=CARTESIAN_POINT('',(-0.0211218583648844,0.0572931260570624,0.0085));
#9040=CARTESIAN_POINT('',(-0.0242324777340375,0.0409269765547902,0.0085));
#9041=CARTESIAN_POINT('',(-0.0257274301178274,0.0276495677757243,0.0085));
#9042=CARTESIAN_POINT('',(-0.0262890741112822,0.020999999999999,0.0085));
#9043=CARTESIAN_POINT('',(0.,0.0938208252191544,0.0085));
#9044=CARTESIAN_POINT('',(0.,0.0938208252191544,0.002));
#9045=CARTESIAN_POINT('',(0.00918291778969113,0.0892966616833414,0.0085));
#9046=CARTESIAN_POINT('',(0.00918291778969113,0.0892966616833414,0.002));
#9047=CARTESIAN_POINT('',(0.020974418293335,0.0661763758717528,0.0085));
#9048=CARTESIAN_POINT('',(0.020974418293335,0.0661763758717528,0.002));
#9049=CARTESIAN_POINT('',(0.025146608474637,0.0345261887794402,0.0085));
#9050=CARTESIAN_POINT('',(0.025146608474637,0.0345261887794402,0.002));
#9051=CARTESIAN_POINT('',(0.0262890741112822,0.020999999999999,0.0085));
#9052=CARTESIAN_POINT('',(0.0262890741112822,0.020999999999999,0.002));
#9053=CARTESIAN_POINT('',(0.0262890741112822,0.020999999999999,0.0085));
#9054=CARTESIAN_POINT('',(0.0257279917317652,0.0276429185637915,0.0085));
#9055=CARTESIAN_POINT('',(0.0246146581033367,0.0375799024919894,0.0085));
#9056=CARTESIAN_POINT('',(0.0223688764237503,0.0506826196800494,0.0085));
#9057=CARTESIAN_POINT('',(0.0201887752387333,0.0604211155225415,0.0085));
#9058=CARTESIAN_POINT('',(0.0173193381679544,0.070039352647553,0.0085));
#9059=CARTESIAN_POINT('',(0.0141652434038354,0.0776788631763388,0.0085));
#9060=CARTESIAN_POINT('',(0.010918853502382,0.0834352047778417,0.00850000000000001));
#9061=CARTESIAN_POINT('',(0.00794556532550554,0.0875532531820309,0.00849999999999999));
#9062=CARTESIAN_POINT('',(0.0043854493517089,0.0911675486716698,0.00850000000000002));
#9063=CARTESIAN_POINT('',(0.00152929136311758,0.0930673866739006,0.0085));
#9064=CARTESIAN_POINT('',(0.,0.0938208252191544,0.0085));
#9065=CARTESIAN_POINT('',(0.0203514993190765,0.018,0.009));
#9066=CARTESIAN_POINT('',(0.0229053236544132,0.018,0.009));
#9067=CARTESIAN_POINT('',(0.0229053236544132,0.018,0.007));
#9068=CARTESIAN_POINT('',(0.0203514993190765,0.018,0.007));
#9069=CARTESIAN_POINT('',(0.0177976749837398,0.018,0.007));
#9070=CARTESIAN_POINT('',(0.0177976749837398,0.018,0.009));
#9071=CARTESIAN_POINT('',(0.0265296606772099,0.018,0.009));
#9072=CARTESIAN_POINT('',(0.0265296606772099,0.0179999999999986,0.009));
#9073=CARTESIAN_POINT('',(0.0265296606772099,0.0179999999999986,0.002));
#9074=CARTESIAN_POINT('',(0.0270541724047083,0.0110951206810697,0.009));
#9075=CARTESIAN_POINT('',(0.0270541724047083,0.0110951206810697,0.002));
#9076=CARTESIAN_POINT('',(0.0273272174105584,0.00490097350270283,0.009));
#9077=CARTESIAN_POINT('',(0.0273272174105584,0.00490097350270283,0.002));
#9078=CARTESIAN_POINT('',(0.0274366252124309,0.,0.009));
#9079=CARTESIAN_POINT('',(0.0274366252124309,0.,0.002));
#9080=CARTESIAN_POINT('',(0.0265296606772099,0.0179999999999986,0.006));
#9081=CARTESIAN_POINT('',(0.0269230444728337,0.0128213405108019,0.006));
#9082=CARTESIAN_POINT('',(0.0271893666982531,0.00799655809357164,0.006));
#9083=CARTESIAN_POINT('',(0.0273545693610265,0.00367573012702713,0.006));
#9084=CARTESIAN_POINT('',(0.0274366252124309,0.,0.006));
#9085=CARTESIAN_POINT('',(0.027412432869009,0.00100000000975409,0.006));
#9086=CARTESIAN_POINT('',(0.0270046025862988,0.0108,0.006));
#9087=CARTESIAN_POINT('',(0.0274124328692629,0.001,0.009));
#9088=CARTESIAN_POINT('',(0.0270046025862726,0.0108,0.009));
#9089=CARTESIAN_POINT('',(0.,0.0440825765114939,0.009));
#9090=CARTESIAN_POINT('',(0.0171055048704148,-0.0025,0.009));
#9091=CARTESIAN_POINT('',(0.0172243602573872,-0.0025,0.009));
#9092=CARTESIAN_POINT('',(0.017462071031332,-0.0015,0.009));
#9093=CARTESIAN_POINT('',(-0.003,0.049,0.009));
#9094=CARTESIAN_POINT('',(-0.003,0.039,0.009));
#9095=CARTESIAN_POINT('',(-0.003,0.039,0.009));
#9096=CARTESIAN_POINT('',(-0.003,0.049,0.009));
#9097=CARTESIAN_POINT('',(-0.003,0.059,0.009));
#9098=CARTESIAN_POINT('',(-0.003,0.059,0.009));
#9099=CARTESIAN_POINT('',(0.,0.039,0.009));
#9100=CARTESIAN_POINT('',(0.003,0.039,0.009));
#9101=CARTESIAN_POINT('',(0.003,0.039,0.009));
#9102=CARTESIAN_POINT('',(0.,0.039,0.009));
#9103=CARTESIAN_POINT('',(0.003,0.049,0.009));
#9104=CARTESIAN_POINT('',(0.003,0.059,0.009));
#9105=CARTESIAN_POINT('',(0.003,0.059,0.009));
#9106=CARTESIAN_POINT('',(0.003,0.049,0.009));
#9107=CARTESIAN_POINT('',(-4.33680868994202E-19,0.059,0.009));
#9108=CARTESIAN_POINT('',(-4.33680868994202E-19,0.059,0.009));
#9109=CARTESIAN_POINT('',(0.,0.0440825765114939,0.009));
#9110=CARTESIAN_POINT('',(-0.012,-0.0045,0.016));
#9111=CARTESIAN_POINT('',(-0.012,0.001,0.016));
#9112=CARTESIAN_POINT('',(-0.012,0.001,0.006));
#9113=CARTESIAN_POINT('',(-0.012,-0.0045,0.006));
#9114=CARTESIAN_POINT('',(-0.012,0.0108,0.006));
#9115=CARTESIAN_POINT('',(-0.012,0.0108,0.016));
#9116=CARTESIAN_POINT('',(-0.012,0.018,0.016));
#9117=CARTESIAN_POINT('',(-0.012,0.018,0.016));
#9118=CARTESIAN_POINT('',(-0.012,-0.0045,0.016));
#9119=CARTESIAN_POINT('',(-0.012,-0.006,0.016));
#9120=CARTESIAN_POINT('',(-0.012,-0.006,0.016));
#9121=CARTESIAN_POINT('',(-0.006,0.018,0.016));
#9122=CARTESIAN_POINT('',(0.012,0.018,0.016));
#9123=CARTESIAN_POINT('',(0.012,0.018,0.016));
#9124=CARTESIAN_POINT('',(-0.006,0.018,0.016));
#9125=CARTESIAN_POINT('',(0.012,-0.0045,0.016));
#9126=CARTESIAN_POINT('',(0.012,0.001,0.016));
#9127=CARTESIAN_POINT('',(0.012,0.001,0.006));
#9128=CARTESIAN_POINT('',(0.012,-0.006,0.016));
#9129=CARTESIAN_POINT('',(0.012,-0.006,0.016));
#9130=CARTESIAN_POINT('',(0.012,-0.0045,0.016));
#9131=CARTESIAN_POINT('',(0.012,0.0108,0.016));
#9132=CARTESIAN_POINT('',(0.012,0.0108,0.006));
#9133=CARTESIAN_POINT('',(0.012,-0.0045,0.006));
#9134=CARTESIAN_POINT('',(0.,-0.006,0.016));
#9135=CARTESIAN_POINT('',(0.,-0.006,0.016));
#9136=CARTESIAN_POINT('',(0.,0.0440825765114939,0.016));
#9137=CARTESIAN_POINT('',(0.0145,0.021,0.016));
#9138=CARTESIAN_POINT('',(0.0145,-0.007,0.016));
#9139=CARTESIAN_POINT('',(0.0145,0.0205,0.016));
#9140=CARTESIAN_POINT('',(-0.015,0.0205,0.016));
#9141=CARTESIAN_POINT('',(-0.0145,0.0205,0.016));
#9142=CARTESIAN_POINT('',(-0.0145,0.0440825765114939,0.016));
#9143=CARTESIAN_POINT('',(-0.0145,-0.007,0.016));
#9144=CARTESIAN_POINT('',(-0.013,-0.007,0.016));
#9145=CARTESIAN_POINT('',(-0.013,-0.0085,0.016));
#9146=CARTESIAN_POINT('',(7.01663306937193E-18,-0.0085,0.016));
#9147=CARTESIAN_POINT('',(0.013,-0.0085,0.016));
#9148=CARTESIAN_POINT('',(0.013,-0.007,0.016));
#9149=CARTESIAN_POINT('',(-0.0232373408521945,-0.00149999999999999,0.009));
#9150=CARTESIAN_POINT('',(-0.0234756347883322,-0.0025,0.0085));
#9151=CARTESIAN_POINT('',(-0.0232373408521945,-0.00149999999999999,0.007));
#9152=CARTESIAN_POINT('',(-0.017462071031332,-0.0015,0.009));
#9153=CARTESIAN_POINT('',(-0.0172243602573872,-0.0025,0.0085));
#9154=CARTESIAN_POINT('',(-0.017462071031332,-0.0015,0.007));
#9155=CARTESIAN_POINT('',(0.,0.0440825765114939,0.007));
#9156=CARTESIAN_POINT('',(0.017462071031332,-0.0015,0.009));
#9157=CARTESIAN_POINT('',(0.0172243602573872,-0.0025,0.0085));
#9158=CARTESIAN_POINT('',(0.017462071031332,-0.0015,0.007));
#9159=CARTESIAN_POINT('',(0.0232373408521945,-0.00149999999999999,0.009));
#9160=CARTESIAN_POINT('',(0.0234756347883322,-0.0025,0.0085));
#9161=CARTESIAN_POINT('',(0.0232373408521945,-0.00149999999999999,0.007));
#9162=CARTESIAN_POINT('',(0.,0.0440825765114939,0.007));
#9163=CARTESIAN_POINT('',(0.0174489630682566,0.0195,0.009));
#9164=CARTESIAN_POINT('',(0.0172164884579344,0.0205,0.0085));
#9165=CARTESIAN_POINT('',(0.0174489630682566,0.0195,0.007));
#9166=CARTESIAN_POINT('',(0.023252977989614,0.0195,0.009));
#9167=CARTESIAN_POINT('',(0.0234847475464145,0.0205,0.0085));
#9168=CARTESIAN_POINT('',(0.023252977989614,0.0195,0.007));
#9169=CARTESIAN_POINT('',(0.,0.0440825765114939,0.007));
#9170=CARTESIAN_POINT('',(-0.0174489630682566,0.0195,0.009));
#9171=CARTESIAN_POINT('',(-0.0172164884579344,0.0205,0.0085));
#9172=CARTESIAN_POINT('',(-0.0174489630682566,0.0195,0.007));
#9173=CARTESIAN_POINT('',(-0.023252977989614,0.0195,0.009));
#9174=CARTESIAN_POINT('',(-0.0234847475464145,0.0205,0.0085));
#9175=CARTESIAN_POINT('',(-0.023252977989614,0.0195,0.007));
#9176=CARTESIAN_POINT('',(0.,0.0440825765114939,0.007));
#9177=CARTESIAN_POINT('',(-0.0454,0.0059,0.006));
#9178=CARTESIAN_POINT('',(-0.0454,0.001,0.006));
#9179=CARTESIAN_POINT('',(-0.0454,0.0108,0.006));
#9180=CARTESIAN_POINT('',(-0.0454,0.0108,0.004));
#9181=CARTESIAN_POINT('',(-0.0454,0.001,0.004));
#9182=CARTESIAN_POINT('',(-0.0454,0.0059,0.006));
#9183=CARTESIAN_POINT('',(-0.0454,0.0108,0.006));
#9184=CARTESIAN_POINT('',(-0.0454,0.001,0.006));
#9185=CARTESIAN_POINT('',(-0.0454,0.0108,0.004));
#9186=CARTESIAN_POINT('',(-0.0454,0.001,0.004));
#9187=CARTESIAN_POINT('',(-0.0454,0.0059,0.006));
#9188=CARTESIAN_POINT('',(-0.0454,0.001,0.006));
#9189=CARTESIAN_POINT('',(-0.0454,0.0108,0.006));
#9190=CARTESIAN_POINT('',(-0.0454,0.0108,0.004));
#9191=CARTESIAN_POINT('',(-0.0454,0.001,0.004));
#9192=CARTESIAN_POINT('',(-0.0454,0.001,0.004));
#9193=CARTESIAN_POINT('',(-0.0454,0.001,0.006));
#9194=CARTESIAN_POINT('',(-0.0454,0.0108,0.004));
#9195=CARTESIAN_POINT('',(-0.0454,0.0108,0.006));
#9196=CARTESIAN_POINT('',(-0.0454,0.0059,0.006));
#9197=CARTESIAN_POINT('',(-0.013,-0.007,0.0155));
#9198=CARTESIAN_POINT('',(-0.0145,-0.007,0.0155));
#9199=CARTESIAN_POINT('',(-0.013,-0.0085,0.0155));
#9200=CARTESIAN_POINT('',(0.,0.0205,0.0085));
#9201=CARTESIAN_POINT('',(-0.0145,0.0205,0.0085));
#9202=CARTESIAN_POINT('',(-1.80144360966822E-18,-0.0085,0.0155));
#9203=CARTESIAN_POINT('',(0.013,-0.0085,0.0155));
#9204=CARTESIAN_POINT('',(-0.0145,-0.005,0.0155));
#9205=CARTESIAN_POINT('',(-0.0145,0.0205,0.0155));
#9206=CARTESIAN_POINT('',(-0.0145,0.0205,0.002));
#9207=CARTESIAN_POINT('',(-0.0145,0.0205,0.0155));
#9208=CARTESIAN_POINT('',(0.013,-0.007,0.0155));
#9209=CARTESIAN_POINT('',(0.0145,-0.007,0.0155));
#9210=CARTESIAN_POINT('',(-0.0145,0.0205,0.0155));
#9211=CARTESIAN_POINT('',(-0.0145,0.0205,0.0155));
#9212=CARTESIAN_POINT('',(0.0145,0.0440825765114939,0.0155));
#9213=CARTESIAN_POINT('',(0.0145,0.0205,0.0155));
#9214=CARTESIAN_POINT('',(-0.0249448532180485,0.0205,0.0155));
#9215=CARTESIAN_POINT('',(0.0145,0.0205,0.0155));
#9216=CARTESIAN_POINT('',(0.0145,0.0205,0.0155));
#9217=CARTESIAN_POINT('',(0.0145,0.0205,0.0155));
#9218=CARTESIAN_POINT('',(0.0145,0.0205,0.009));
#9219=CARTESIAN_POINT('',(0.0145,0.0205,0.0085));
#9220=CARTESIAN_POINT('',(-0.0249448532180485,0.0205,0.0085));
#9221=CARTESIAN_POINT('',(0.,0.0205,0.0085));
#9222=CARTESIAN_POINT('',(-0.0262890741112822,0.021,0.0085));
#9223=CARTESIAN_POINT('',(-0.0262890741112822,0.021,0.00866602236818664));
#9224=CARTESIAN_POINT('',(-0.0264714351954718,0.0208323923931812,0.00893738735126946));
#9225=CARTESIAN_POINT('',(-0.0267130330116737,0.0206103404572288,0.009));
#9226=CARTESIAN_POINT('',(-0.0268330860676912,0.0205,0.009));
#9227=CARTESIAN_POINT('',(0.000432549775150531,0.0945913182109171,0.009));
#9228=CARTESIAN_POINT('',(0.000653523185510212,0.0941427975849544,0.009));
#9229=CARTESIAN_POINT('',(0.000653523185510212,0.0941427975849544,0.0085));
#9230=CARTESIAN_POINT('',(-0.000327416149236318,0.0942169045221109,0.009));
#9231=CARTESIAN_POINT('',(-0.000106442738876619,0.0937683838961405,0.009));
#9232=CARTESIAN_POINT('',(-0.000106442738879713,0.0937683838961544,0.0085));
#9233=CARTESIAN_POINT('',(-0.00183812105155458,0.0934491346106546,0.009));
#9234=CARTESIAN_POINT('',(-0.00157686832749276,0.0930210968703831,0.00899999999999998));
#9235=CARTESIAN_POINT('',(-0.00157686832749131,0.0930210968703767,0.0085));
#9236=CARTESIAN_POINT('',(-0.00393753652156355,0.0919962412751079,0.009));
#9237=CARTESIAN_POINT('',(-0.00363187389036496,0.0915995045708901,0.00900000000000001));
#9238=CARTESIAN_POINT('',(-0.00363187389036535,0.0915995045708918,0.0085));
#9239=CARTESIAN_POINT('',(-0.00592390408894831,0.0902964053549678,0.009));
#9240=CARTESIAN_POINT('',(-0.00557930524940064,0.0899330333129644,0.00899999999999998));
#9241=CARTESIAN_POINT('',(-0.00557930524940053,0.0899330333129639,0.0085));
#9242=CARTESIAN_POINT('',(-0.00830627975019886,0.0878236668355892,0.009));
#9243=CARTESIAN_POINT('',(-0.00792183046596798,0.0875020360541064,0.00900000000000001));
#9244=CARTESIAN_POINT('',(-0.00792183046596802,0.0875020360541067,0.0085));
#9245=CARTESIAN_POINT('',(-0.0108734165366779,0.0844317960697497,0.00899999999999999));
#9246=CARTESIAN_POINT('',(-0.0104550676682632,0.0841559023225233,0.00899999999999998));
#9247=CARTESIAN_POINT('',(-0.0104550676682632,0.0841559023225232,0.00849999999999999));
#9248=CARTESIAN_POINT('',(-0.0134788053995974,0.0799835589113904,0.00900000000000001));
#9249=CARTESIAN_POINT('',(-0.0130349339121976,0.0797519911070201,0.00900000000000002));
#9250=CARTESIAN_POINT('',(-0.0130349339121976,0.0797519911070201,0.00850000000000001));
#9251=CARTESIAN_POINT('',(-0.0156802235642684,0.0753101982069068,0.00899999999999999));
#9252=CARTESIAN_POINT('',(-0.0152199660388422,0.0751138661810947,0.00899999999999997));
#9253=CARTESIAN_POINT('',(-0.0152199660388422,0.0751138661810948,0.0085));
#9254=CARTESIAN_POINT('',(-0.0181679025629685,0.0689308442711784,0.009));
#9255=CARTESIAN_POINT('',(-0.0176932034890773,0.0687719848857126,0.00900000000000013));
#9256=CARTESIAN_POINT('',(-0.0176932034890769,0.0687719848857122,0.0085));
#9257=CARTESIAN_POINT('',(-0.0206436692910482,0.0606840059043216,0.009));
#9258=CARTESIAN_POINT('',(-0.0201590641610895,0.0605592552655125,0.00899999999999893));
#9259=CARTESIAN_POINT('',(-0.0201590641610927,0.0605592552655153,0.0085));
#9260=CARTESIAN_POINT('',(-0.0228901963317868,0.0506456784689674,0.009));
#9261=CARTESIAN_POINT('',(-0.0223991305134617,0.0505506182701535,0.00900000000000394));
#9262=CARTESIAN_POINT('',(-0.0223991305134501,0.0505506182701433,0.0085));
#9263=CARTESIAN_POINT('',(-0.0251964848065303,0.0371070184838274,0.009));
#9264=CARTESIAN_POINT('',(-0.0247006675749839,0.0370393598176007,0.00899999999997911));
#9265=CARTESIAN_POINT('',(-0.0247006675750453,0.037039359817655,0.0085));
#9266=CARTESIAN_POINT('',(-0.026296188172147,0.0268565870668512,0.009));
#9267=CARTESIAN_POINT('',(-0.0257979621955346,0.0268145052902398,0.00900000000009267));
#9268=CARTESIAN_POINT('',(-0.0257979621952624,0.0268145052899992,0.0085));
#9269=CARTESIAN_POINT('',(-0.0268742101618152,0.020013112480006,0.009));
#9270=CARTESIAN_POINT('',(-0.0263759841849163,0.0199710307031528,0.009));
#9271=CARTESIAN_POINT('',(-0.0263759841849163,0.0199710307031528,0.0085));
#9272=CARTESIAN_POINT('',(0.,0.0938208252191544,0.0085));
#9273=CARTESIAN_POINT('',(0.,0.0938208252191544,0.00877972161790323));
#9274=CARTESIAN_POINT('',(-1.05913139599222E-15,0.0941026594755012,0.00899999999999996));
#9275=CARTESIAN_POINT('',(9.62964972193618E-35,0.0943782131864599,0.009));
#9276=CARTESIAN_POINT('',(0.0268741623420937,0.0200136786402123,0.009));
#9277=CARTESIAN_POINT('',(0.0263759363651948,0.0199715968633591,0.009));
#9278=CARTESIAN_POINT('',(0.0263759363651948,0.0199715968633591,0.0085));
#9279=CARTESIAN_POINT('',(0.0262968124852288,0.0268491955305354,0.009));
#9280=CARTESIAN_POINT('',(0.0257985865083833,0.0268071137536855,0.009));
#9281=CARTESIAN_POINT('',(0.0257985865083179,0.0268071137536811,0.0085));
#9282=CARTESIAN_POINT('',(0.0251986042768911,0.0370826689517929,0.009));
#9283=CARTESIAN_POINT('',(0.024702785224783,0.037015042928848,0.00899999999999999));
#9284=CARTESIAN_POINT('',(0.0247027852247978,0.0370150429288489,0.0085));
#9285=CARTESIAN_POINT('',(0.022904129297817,0.0505704805004342,0.00900000000000001));
#9286=CARTESIAN_POINT('',(0.022413031867455,0.0504755976972072,0.00900000000000001));
#9287=CARTESIAN_POINT('',(0.0224130318674523,0.050475597697207,0.00850000000000001));
#9288=CARTESIAN_POINT('',(0.0206672667457027,0.0605927291791503,0.00899999999999999));
#9289=CARTESIAN_POINT('',(0.020182582423821,0.0604682927965669,0.009));
#9290=CARTESIAN_POINT('',(0.0201825824238217,0.0604682927965667,0.00849999999999999));
#9291=CARTESIAN_POINT('',(0.0181966329517308,0.0688424248471464,0.00900000000000001));
#9292=CARTESIAN_POINT('',(0.0177218056154281,0.0686839730588853,0.00899999999999997));
#9293=CARTESIAN_POINT('',(0.017721805615428,0.0686839730588858,0.00850000000000001));
#9294=CARTESIAN_POINT('',(0.0157312253696489,0.0751880837628285,0.009));
#9295=CARTESIAN_POINT('',(0.0152706483223957,0.0749925338291558,0.00900000000000007));
#9296=CARTESIAN_POINT('',(0.0152706483223957,0.074992533829155,0.0085));
#9297=CARTESIAN_POINT('',(0.0135673746014306,0.0798067787248557,0.009));
#9298=CARTESIAN_POINT('',(0.0131227760022832,0.0795766667811145,0.00899999999999971));
#9299=CARTESIAN_POINT('',(0.0131227760022832,0.0795766667811179,0.0085));
#9300=CARTESIAN_POINT('',(0.0110132335075581,0.0842222629063426,0.009));
#9301=CARTESIAN_POINT('',(0.0105933832382006,0.0839487761431649,0.00900000000000105));
#9302=CARTESIAN_POINT('',(0.0105933832382006,0.0839487761431524,0.0085));
#9303=CARTESIAN_POINT('',(0.00786781599093552,0.0884285259918014,0.009));
#9304=CARTESIAN_POINT('',(0.00748851929587894,0.0880992528148037,0.00899999999999608));
#9305=CARTESIAN_POINT('',(0.0074885192958789,0.0880992528148504,0.0085));
#9306=CARTESIAN_POINT('',(0.00475145254136298,0.0914180749333604,0.00900000000000001));
#9307=CARTESIAN_POINT('',(0.00442862133522603,0.0910337390181534,0.00900000000001156));
#9308=CARTESIAN_POINT('',(0.00442862133522618,0.091033739018016,0.00850000000000001));
#9309=CARTESIAN_POINT('',(0.00191404870426132,0.0934074422469934,0.00899999999999999));
#9310=CARTESIAN_POINT('',(0.00165088820374261,0.0929804553686352,0.00899999999998));
#9311=CARTESIAN_POINT('',(0.00165088820374232,0.0929804553688733,0.0085));
#9312=CARTESIAN_POINT('',(0.00033973052050388,0.0942108375801387,0.009));
#9313=CARTESIAN_POINT('',(0.000118757110142809,0.0937623169547007,0.00900000000004421));
#9314=CARTESIAN_POINT('',(0.000118757110143427,0.0937623169541743,0.0085));
#9315=CARTESIAN_POINT('',(-0.000448818302399836,0.0945993332535701,0.009));
#9316=CARTESIAN_POINT('',(-0.000669791712759518,0.0941508126276073,0.009));
#9317=CARTESIAN_POINT('',(-0.000669791712759518,0.0941508126276073,0.0085));
#9318=CARTESIAN_POINT('',(0.0262890741112822,0.020999999999999,0.0085));
#9319=CARTESIAN_POINT('',(0.0262890741112822,0.020999999999999,0.00866602236818633));
#9320=CARTESIAN_POINT('',(0.0264714351954716,0.0208323923931816,0.00893738735126965));
#9321=CARTESIAN_POINT('',(0.0267130330116741,0.020610340457229,0.009));
#9322=CARTESIAN_POINT('',(0.0268330860676912,0.0205,0.009));
#9323=CARTESIAN_POINT('',(-0.0249448532180485,0.0205,0.0085));
#9324=CARTESIAN_POINT('',(0.,-0.0025,0.0085));
#9325=CARTESIAN_POINT('',(0.,-0.0025,0.0085));
#9326=CARTESIAN_POINT('',(-0.0305043437029544,-0.003,0.0085));
#9327=CARTESIAN_POINT('',(-0.0305043437029544,-0.003,0.00866252214952134));
#9328=CARTESIAN_POINT('',(-0.0303379092449799,-0.00283723950699332,0.00893455019602391));
#9329=CARTESIAN_POINT('',(-0.0301072293529743,-0.00261165176869347,0.009));
#9330=CARTESIAN_POINT('',(-0.0299930572878672,-0.0025,0.009));
#9331=CARTESIAN_POINT('',(-0.0300189835824393,-0.00366138045501739,0.009));
#9332=CARTESIAN_POINT('',(-0.0305188590422275,-0.00365022139136703,0.009));
#9333=CARTESIAN_POINT('',(-0.0305188590422275,-0.00365022139136703,0.0085));
#9334=CARTESIAN_POINT('',(-0.0299679782930484,-0.00137657473261829,0.009));
#9335=CARTESIAN_POINT('',(-0.0304678537527242,-0.00136541566895136,0.00899999999996776));
#9336=CARTESIAN_POINT('',(-0.0304678537528385,-0.00136541566896789,0.0085));
#9337=CARTESIAN_POINT('',(-0.029876732105954,0.00319362550341951,0.009));
#9338=CARTESIAN_POINT('',(-0.0303765123757768,0.00320957477463557,0.00900000000001457));
#9339=CARTESIAN_POINT('',(-0.0303765123757251,0.00320957477464304,0.0085));
#9340=CARTESIAN_POINT('',(-0.0294685080879143,0.0123237002474426,0.009));
#9341=CARTESIAN_POINT('',(-0.0299676532286561,0.0123543605730677,0.00899999999999159));
#9342=CARTESIAN_POINT('',(-0.0299676532286859,0.0123543605730634,0.0085));
#9343=CARTESIAN_POINT('',(-0.0286481646552288,0.0237320047631583,0.009));
#9344=CARTESIAN_POINT('',(-0.0291462500076325,0.0237769285523282,0.00900000000000286));
#9345=CARTESIAN_POINT('',(-0.0291462500076223,0.0237769285523297,0.0085));
#9346=CARTESIAN_POINT('',(-0.0271299564971535,0.0373488726345718,0.009));
#9347=CARTESIAN_POINT('',(-0.0276257220674536,0.0374153376911264,0.00899999999999924));
#9348=CARTESIAN_POINT('',(-0.0276257220674563,0.037415337691126,0.0085));
#9349=CARTESIAN_POINT('',(-0.0249469829391408,0.0508940745943532,0.009));
#9350=CARTESIAN_POINT('',(-0.0254383727844013,0.0509882855625725,0.00900000000000021));
#9351=CARTESIAN_POINT('',(-0.0254383727844005,0.0509882855625727,0.0085));
#9352=CARTESIAN_POINT('',(-0.0223721002710244,0.0620260387595971,0.00900000000000001));
#9353=CARTESIAN_POINT('',(-0.0228561714666917,0.0621533901658039,0.00899999999999997));
#9354=CARTESIAN_POINT('',(-0.0228561714666918,0.0621533901658039,0.0085));
#9355=CARTESIAN_POINT('',(-0.0196465055126144,0.0706854261824184,0.009));
#9356=CARTESIAN_POINT('',(-0.0201189296080693,0.0708503270671738,0.00900000000000001));
#9357=CARTESIAN_POINT('',(-0.0201189296080693,0.0708503270671738,0.0085));
#9358=CARTESIAN_POINT('',(-0.0175735790928954,0.0759772734822753,0.009));
#9359=CARTESIAN_POINT('',(-0.0180341628772103,0.076172951275809,0.00899999999999999));
#9360=CARTESIAN_POINT('',(-0.0180341628772103,0.0761729512758091,0.0085));
#9361=CARTESIAN_POINT('',(-0.0156171403695345,0.0801044911480273,0.009));
#9362=CARTESIAN_POINT('',(-0.0160634515183156,0.0803304536054435,0.00900000000000001));
#9363=CARTESIAN_POINT('',(-0.0160634515183156,0.0803304536054433,0.0085));
#9364=CARTESIAN_POINT('',(-0.0139610648764677,0.0831500864143844,0.009));
#9365=CARTESIAN_POINT('',(-0.0143929344322909,0.0834027780278445,0.00899999999999995));
#9366=CARTESIAN_POINT('',(-0.0143929344322908,0.0834027780278452,0.0085));
#9367=CARTESIAN_POINT('',(-0.0121099053337336,0.086072919660682,0.009));
#9368=CARTESIAN_POINT('',(-0.012522490325208,0.0863562787901585,0.00900000000000018));
#9369=CARTESIAN_POINT('',(-0.0125224903252081,0.0863562787901562,0.0085));
#9370=CARTESIAN_POINT('',(-0.0100462670931342,0.0888209330675114,0.009));
#9371=CARTESIAN_POINT('',(-0.0104329961501763,0.0891390180373432,0.00899999999999929));
#9372=CARTESIAN_POINT('',(-0.0104329961501762,0.0891390180373518,0.0085));
#9373=CARTESIAN_POINT('',(-0.00772804054291749,0.0913720282311217,0.009));
#9374=CARTESIAN_POINT('',(-0.00807999870153018,0.0917286983139615,0.00900000000000267));
#9375=CARTESIAN_POINT('',(-0.00807999870153051,0.0917286983139294,0.0085));
#9376=CARTESIAN_POINT('',(-0.00508991430125554,0.0936697432192282,0.009));
#9377=CARTESIAN_POINT('',(-0.0053951398545005,0.0940676149677577,0.00899999999999004));
#9378=CARTESIAN_POINT('',(-0.00539513985449918,0.0940676149678778,0.0085));
#9379=CARTESIAN_POINT('',(-0.00273598701978533,0.0952404581733649,0.009));
#9380=CARTESIAN_POINT('',(-0.00299216282165273,0.0956711886291567,0.00900000000002928));
#9381=CARTESIAN_POINT('',(-0.00299216282165673,0.0956711886288032,0.0085));
#9382=CARTESIAN_POINT('',(-0.000722067617008133,0.0962558955017557,0.009));
#9383=CARTESIAN_POINT('',(-0.000936000549072039,0.09670797416121,0.00899999999994933));
#9384=CARTESIAN_POINT('',(-0.000936000549065067,0.0967079741618224,0.0085));
#9385=CARTESIAN_POINT('',(0.000290938442867623,0.0967511021871373,0.009));
#9386=CARTESIAN_POINT('',(6.99650325222743E-5,0.0971996228144566,0.00900000000011203));
#9387=CARTESIAN_POINT('',(6.99650325068729E-5,0.0971996228131023,0.0085));
#9388=CARTESIAN_POINT('',(0.00079668567802596,0.0970002695271995,0.009));
#9389=CARTESIAN_POINT('',(0.000575712267666337,0.0974487901531622,0.009));
#9390=CARTESIAN_POINT('',(0.000575712267666337,0.0974487901531622,0.0085));
#9391=CARTESIAN_POINT('',(-1.11672823766007E-17,0.0971651530229878,0.0085));
#9392=CARTESIAN_POINT('',(-1.11672823766007E-17,0.0971651530229878,0.00877972161790324));
#9393=CARTESIAN_POINT('',(-2.03739059168725E-15,0.096883318766641,0.00899999999999998));
#9394=CARTESIAN_POINT('',(4.01523951445644E-17,0.0966077650556823,0.009));
#9395=CARTESIAN_POINT('',(0.0305188590422275,-0.00365022139136703,0.0085));
#9396=CARTESIAN_POINT('',(0.0305188590422275,-0.00365022139136703,0.009));
#9397=CARTESIAN_POINT('',(0.0300189835824393,-0.00366138045501739,0.009));
#9398=CARTESIAN_POINT('',(0.0304678537528385,-0.00136541566896789,0.0085));
#9399=CARTESIAN_POINT('',(0.0304678537527242,-0.00136541566895136,0.00899999999996776));
#9400=CARTESIAN_POINT('',(0.0299679782930484,-0.00137657473261829,0.009));
#9401=CARTESIAN_POINT('',(0.0303765123757251,0.00320957477464304,0.0085));
#9402=CARTESIAN_POINT('',(0.0303765123757768,0.00320957477463557,0.00900000000001457));
#9403=CARTESIAN_POINT('',(0.029876732105954,0.00319362550341951,0.009));
#9404=CARTESIAN_POINT('',(0.0299676532286859,0.0123543605730634,0.0085));
#9405=CARTESIAN_POINT('',(0.0299676532286561,0.0123543605730677,0.00899999999999159));
#9406=CARTESIAN_POINT('',(0.0294685080879143,0.0123237002474426,0.009));
#9407=CARTESIAN_POINT('',(0.0291462500076223,0.0237769285523297,0.0085));
#9408=CARTESIAN_POINT('',(0.0291462500076325,0.0237769285523282,0.00900000000000286));
#9409=CARTESIAN_POINT('',(0.0286481646552288,0.0237320047631583,0.009));
#9410=CARTESIAN_POINT('',(0.0276257220674563,0.037415337691126,0.0085));
#9411=CARTESIAN_POINT('',(0.0276257220674536,0.0374153376911264,0.00899999999999924));
#9412=CARTESIAN_POINT('',(0.0271299564971535,0.0373488726345718,0.009));
#9413=CARTESIAN_POINT('',(0.0254383727844005,0.0509882855625727,0.0085));
#9414=CARTESIAN_POINT('',(0.0254383727844013,0.0509882855625725,0.00900000000000021));
#9415=CARTESIAN_POINT('',(0.0249469829391408,0.0508940745943532,0.009));
#9416=CARTESIAN_POINT('',(0.0228561714666918,0.0621533901658039,0.0085));
#9417=CARTESIAN_POINT('',(0.0228561714666917,0.0621533901658039,0.00899999999999997));
#9418=CARTESIAN_POINT('',(0.0223721002710244,0.0620260387595971,0.00900000000000001));
#9419=CARTESIAN_POINT('',(0.0201189296080693,0.0708503270671738,0.0085));
#9420=CARTESIAN_POINT('',(0.0201189296080693,0.0708503270671738,0.00900000000000001));
#9421=CARTESIAN_POINT('',(0.0196465055126144,0.0706854261824184,0.009));
#9422=CARTESIAN_POINT('',(0.0180341628772103,0.0761729512758091,0.0085));
#9423=CARTESIAN_POINT('',(0.0180341628772103,0.076172951275809,0.00899999999999999));
#9424=CARTESIAN_POINT('',(0.0175735790928954,0.0759772734822753,0.009));
#9425=CARTESIAN_POINT('',(0.0160634515183156,0.0803304536054433,0.0085));
#9426=CARTESIAN_POINT('',(0.0160634515183156,0.0803304536054435,0.00900000000000001));
#9427=CARTESIAN_POINT('',(0.0156171403695345,0.0801044911480273,0.009));
#9428=CARTESIAN_POINT('',(0.0143929344322908,0.0834027780278452,0.0085));
#9429=CARTESIAN_POINT('',(0.0143929344322909,0.0834027780278445,0.00899999999999995));
#9430=CARTESIAN_POINT('',(0.0139610648764677,0.0831500864143844,0.009));
#9431=CARTESIAN_POINT('',(0.0125224903252081,0.0863562787901562,0.0085));
#9432=CARTESIAN_POINT('',(0.012522490325208,0.0863562787901585,0.00900000000000018));
#9433=CARTESIAN_POINT('',(0.0121099053337336,0.086072919660682,0.009));
#9434=CARTESIAN_POINT('',(0.0104329961501762,0.0891390180373518,0.0085));
#9435=CARTESIAN_POINT('',(0.0104329961501763,0.0891390180373432,0.00899999999999929));
#9436=CARTESIAN_POINT('',(0.0100462670931342,0.0888209330675114,0.009));
#9437=CARTESIAN_POINT('',(0.00807999870153052,0.0917286983139294,0.0085));
#9438=CARTESIAN_POINT('',(0.0080799987015302,0.0917286983139615,0.00900000000000267));
#9439=CARTESIAN_POINT('',(0.00772804054291751,0.0913720282311217,0.009));
#9440=CARTESIAN_POINT('',(0.00539513985449913,0.0940676149678779,0.0085));
#9441=CARTESIAN_POINT('',(0.00539513985450043,0.0940676149677577,0.00899999999999004));
#9442=CARTESIAN_POINT('',(0.00508991430125547,0.0936697432192282,0.009));
#9443=CARTESIAN_POINT('',(0.00299216282165688,0.0956711886288031,0.0085));
#9444=CARTESIAN_POINT('',(0.00299216282165293,0.0956711886291567,0.00900000000002928));
#9445=CARTESIAN_POINT('',(0.00273598701978552,0.0952404581733649,0.009));
#9446=CARTESIAN_POINT('',(0.000936000549064801,0.0967079741618225,0.0085));
#9447=CARTESIAN_POINT('',(0.000936000549071687,0.09670797416121,0.00899999999994933));
#9448=CARTESIAN_POINT('',(0.000722067617007802,0.0962558955017557,0.009));
#9449=CARTESIAN_POINT('',(-6.99650325062835E-5,0.0971996228131021,0.0085));
#9450=CARTESIAN_POINT('',(-6.9965032521497E-5,0.0971996228144566,0.00900000000011203));
#9451=CARTESIAN_POINT('',(-0.000290938442866891,0.0967511021871373,0.009));
#9452=CARTESIAN_POINT('',(-0.000575712267666338,0.0974487901531622,0.0085));
#9453=CARTESIAN_POINT('',(-0.000575712267666338,0.0974487901531622,0.009));
#9454=CARTESIAN_POINT('',(-0.000796685678025961,0.0970002695271995,0.009));
#9455=CARTESIAN_POINT('',(0.0305043437029544,-0.003,0.0085));
#9456=CARTESIAN_POINT('',(0.0305043437029544,-0.003,0.00866252214952134));
#9457=CARTESIAN_POINT('',(0.0303379092449799,-0.00283723950699332,0.00893455019602391));
#9458=CARTESIAN_POINT('',(0.0301072293529743,-0.00261165176869347,0.009));
#9459=CARTESIAN_POINT('',(0.0299930572878672,-0.0025,0.009));
#9460=CARTESIAN_POINT('',(0.,-0.0025,0.0085));
#9461=CARTESIAN_POINT('',(0.,-0.0025,0.0085));
#9462=CARTESIAN_POINT('',(0.0194707909774609,0.00599612171887114,0.0372353821683199));
#9463=CARTESIAN_POINT('',(0.0089,0.0176381468772888,0.0038));
#9464=CARTESIAN_POINT('',(0.0089,0.0176381468772888,0.));
#9465=CARTESIAN_POINT('',(0.0089,0.0216381468772888,0.));
#9466=CARTESIAN_POINT('',(0.0089,-0.0103618531227112,0.));
#9467=CARTESIAN_POINT('',(0.0089,0.0216381468772888,0.0038));
#9468=CARTESIAN_POINT('',(0.0089,0.0216381468772888,0.0038));
#9469=CARTESIAN_POINT('',(0.0089,0.0176381468772888,0.0038));
#9470=CARTESIAN_POINT('',(0.0089,-0.0103618531227112,0.0038));
#9471=CARTESIAN_POINT('',(0.0089,-0.0103618531227112,0.0038));
#9472=CARTESIAN_POINT('',(0.0092,0.0216381468772888,0.0038));
#9473=CARTESIAN_POINT('',(0.0092,0.0216381468772888,0.));
#9474=CARTESIAN_POINT('',(0.0139,0.0216381468772888,0.));
#9475=CARTESIAN_POINT('',(0.0139,0.0216381468772888,0.0038));
#9476=CARTESIAN_POINT('',(0.0139,0.0216381468772888,0.0038));
#9477=CARTESIAN_POINT('',(0.0092,0.0216381468772888,0.0038));
#9478=CARTESIAN_POINT('',(0.0139,0.0226381468772889,0.0038));
#9479=CARTESIAN_POINT('',(0.0139,0.0226381468772889,0.));
#9480=CARTESIAN_POINT('',(0.0139,0.0236381468772888,0.));
#9481=CARTESIAN_POINT('',(0.0139,0.0236381468772888,0.0038));
#9482=CARTESIAN_POINT('',(0.0139,0.0236381468772888,0.0038));
#9483=CARTESIAN_POINT('',(0.0139,0.0226381468772889,0.0038));
#9484=CARTESIAN_POINT('',(-1.7347234759768E-18,0.0236381468772888,0.0038));
#9485=CARTESIAN_POINT('',(-1.7347234759768E-18,0.0236381468772888,0.));
#9486=CARTESIAN_POINT('',(-0.0139,0.0236381468772888,0.));
#9487=CARTESIAN_POINT('',(-0.0139,0.0236381468772888,0.0038));
#9488=CARTESIAN_POINT('',(-0.0139,0.0236381468772888,0.0038));
#9489=CARTESIAN_POINT('',(-1.7347234759768E-18,0.0236381468772888,0.0038));
#9490=CARTESIAN_POINT('',(-0.0139,0.0226381468772889,0.0038));
#9491=CARTESIAN_POINT('',(-0.0139,0.0226381468772889,0.));
#9492=CARTESIAN_POINT('',(-0.0139,0.0216381468772888,0.));
#9493=CARTESIAN_POINT('',(-0.0139,0.0216381468772888,0.0038));
#9494=CARTESIAN_POINT('',(-0.0139,0.0216381468772888,0.0038));
#9495=CARTESIAN_POINT('',(-0.0139,0.0226381468772889,0.0038));
#9496=CARTESIAN_POINT('',(-0.0114,0.0216381468772888,0.0038));
#9497=CARTESIAN_POINT('',(-0.0114,0.0216381468772888,0.));
#9498=CARTESIAN_POINT('',(-0.0089,0.0216381468772888,0.));
#9499=CARTESIAN_POINT('',(-0.0089,0.0216381468772888,0.0038));
#9500=CARTESIAN_POINT('',(-0.0089,0.0216381468772888,0.0038));
#9501=CARTESIAN_POINT('',(-0.0114,0.0216381468772888,0.0038));
#9502=CARTESIAN_POINT('',(-0.0089,0.0181381468772888,0.0038));
#9503=CARTESIAN_POINT('',(-0.0089,0.0181381468772888,0.));
#9504=CARTESIAN_POINT('',(-0.0089,-0.0143618531227112,0.));
#9505=CARTESIAN_POINT('',(-0.0089,-0.0143618531227112,0.0038));
#9506=CARTESIAN_POINT('',(-0.0089,-0.0143618531227112,0.0038));
#9507=CARTESIAN_POINT('',(-0.0089,0.0181381468772888,0.0038));
#9508=CARTESIAN_POINT('',(-0.0069,-0.0143618531227112,0.0038));
#9509=CARTESIAN_POINT('',(-0.0069,-0.0143618531227112,0.));
#9510=CARTESIAN_POINT('',(-0.0069,-0.0163618531227112,0.));
#9511=CARTESIAN_POINT('',(-0.0069,-0.0163618531227112,0.0038));
#9512=CARTESIAN_POINT('',(-0.0069,-0.0163618531227112,0.0038));
#9513=CARTESIAN_POINT('',(-0.0069,-0.0143618531227112,0.0038));
#9514=CARTESIAN_POINT('',(-0.002,-0.0163618531227112,0.0038));
#9515=CARTESIAN_POINT('',(-0.002,-0.0163618531227112,0.));
#9516=CARTESIAN_POINT('',(0.0029,-0.0163618531227112,0.));
#9517=CARTESIAN_POINT('',(0.0029,-0.0163618531227112,0.0038));
#9518=CARTESIAN_POINT('',(0.0029,-0.0163618531227112,0.0038));
#9519=CARTESIAN_POINT('',(-0.002,-0.0163618531227112,0.0038));
#9520=CARTESIAN_POINT('',(0.0029,-0.0103618531227112,0.0038));
#9521=CARTESIAN_POINT('',(0.0029,-0.0103618531227112,0.));
#9522=CARTESIAN_POINT('',(0.0029,-0.0103618531227112,0.0038));
#9523=CARTESIAN_POINT('',(0.,0.00363814687728883,0.0038));
#9524=CARTESIAN_POINT('',(0.,0.00363814687728883,0.));
#9525=CARTESIAN_POINT('',(0.0174588992392652,0.0548956335204576,0.0232638901054354));
#9526=CARTESIAN_POINT('',(0.020350441738794,0.021,0.027));
#9527=CARTESIAN_POINT('',(0.020350441738794,0.021,0.025));
#9528=CARTESIAN_POINT('',(0.0171002511527733,0.021,0.025));
#9529=CARTESIAN_POINT('',(0.0236006323248148,0.021,0.025));
#9530=CARTESIAN_POINT('',(0.0171002511527733,0.021,0.027));
#9531=CARTESIAN_POINT('',(0.0171002511527733,0.021,0.027));
#9532=CARTESIAN_POINT('',(0.020350441738794,0.021,0.027));
#9533=CARTESIAN_POINT('',(0.0236006323248148,0.021,0.027));
#9534=CARTESIAN_POINT('',(0.0236006323248148,0.021,0.027));
#9535=CARTESIAN_POINT('',(0.0174489630682566,0.0195,0.027));
#9536=CARTESIAN_POINT('',(0.0174489630682566,0.0195,0.025));
#9537=CARTESIAN_POINT('',(0.0177976749837398,0.018,0.025));
#9538=CARTESIAN_POINT('',(0.0177976749837398,0.018,0.027));
#9539=CARTESIAN_POINT('',(0.0177976749837398,0.018,0.027));
#9540=CARTESIAN_POINT('',(0.0174489630682566,0.0195,0.027));
#9541=CARTESIAN_POINT('',(0.0163988374918699,0.018,0.027));
#9542=CARTESIAN_POINT('',(0.0163988374918699,0.018,0.025));
#9543=CARTESIAN_POINT('',(0.015,0.018,0.025));
#9544=CARTESIAN_POINT('',(0.015,0.018,0.027));
#9545=CARTESIAN_POINT('',(0.015,0.018,0.027));
#9546=CARTESIAN_POINT('',(0.0163988374918699,0.018,0.027));
#9547=CARTESIAN_POINT('',(0.015,0.009,0.027));
#9548=CARTESIAN_POINT('',(0.015,0.009,0.025));
#9549=CARTESIAN_POINT('',(0.015,0.,0.025));
#9550=CARTESIAN_POINT('',(0.015,0.,0.027));
#9551=CARTESIAN_POINT('',(0.015,0.,0.027));
#9552=CARTESIAN_POINT('',(0.015,0.009,0.027));
#9553=CARTESIAN_POINT('',(0.0164093185961246,0.,0.027));
#9554=CARTESIAN_POINT('',(0.0164093185961246,0.,0.025));
#9555=CARTESIAN_POINT('',(0.0178186371922493,0.,0.025));
#9556=CARTESIAN_POINT('',(0.0178186371922493,0.,0.027));
#9557=CARTESIAN_POINT('',(0.0178186371922493,0.,0.027));
#9558=CARTESIAN_POINT('',(0.0164093185961246,0.,0.027));
#9559=CARTESIAN_POINT('',(0.017462071031332,-0.0015,0.027));
#9560=CARTESIAN_POINT('',(0.017462071031332,-0.0015,0.025));
#9561=CARTESIAN_POINT('',(0.0171055048704148,-0.003,0.025));
#9562=CARTESIAN_POINT('',(0.0171055048704148,-0.003,0.027));
#9563=CARTESIAN_POINT('',(0.0171055048704148,-0.003,0.027));
#9564=CARTESIAN_POINT('',(0.017462071031332,-0.0015,0.027));
#9565=CARTESIAN_POINT('',(0.0203501433134079,-0.003,0.027));
#9566=CARTESIAN_POINT('',(0.0203501433134079,-0.003,0.025));
#9567=CARTESIAN_POINT('',(0.0235947817564011,-0.003,0.025));
#9568=CARTESIAN_POINT('',(0.0235947817564011,-0.003,0.027));
#9569=CARTESIAN_POINT('',(0.0235947817564011,-0.003,0.027));
#9570=CARTESIAN_POINT('',(0.0203501433134079,-0.003,0.027));
#9571=CARTESIAN_POINT('',(0.0232373408521945,-0.00149999999999999,0.027));
#9572=CARTESIAN_POINT('',(0.0232373408521945,-0.00149999999999999,0.025));
#9573=CARTESIAN_POINT('',(0.022879899947988,1.49619899803E-17,0.025));
#9574=CARTESIAN_POINT('',(0.022879899947988,1.49619899803E-17,0.027));
#9575=CARTESIAN_POINT('',(0.022879899947988,1.49619899803E-17,0.027));
#9576=CARTESIAN_POINT('',(0.0232373408521945,-0.00149999999999999,0.027));
#9577=CARTESIAN_POINT('',(0.0251582625802095,0.,0.027));
#9578=CARTESIAN_POINT('',(0.0251582625802095,0.,0.025));
#9579=CARTESIAN_POINT('',(0.0274366252124309,0.,0.025));
#9580=CARTESIAN_POINT('',(0.0274366252124309,0.,0.027));
#9581=CARTESIAN_POINT('',(0.0274366252124309,0.,0.027));
#9582=CARTESIAN_POINT('',(0.0251582625802095,0.,0.027));
#9583=CARTESIAN_POINT('',(0.0265296606772099,0.0179999999999986,0.027));
#9584=CARTESIAN_POINT('',(0.0265296606772099,0.0179999999999986,0.025));
#9585=CARTESIAN_POINT('',(0.0270541724047083,0.0110951206810697,0.027));
#9586=CARTESIAN_POINT('',(0.0270541724047083,0.0110951206810697,0.025));
#9587=CARTESIAN_POINT('',(0.0273272174105584,0.00490097350270283,0.027));
#9588=CARTESIAN_POINT('',(0.0273272174105584,0.00490097350270283,0.025));
#9589=CARTESIAN_POINT('',(0.0274366252124309,0.,0.027));
#9590=CARTESIAN_POINT('',(0.0274366252124309,0.,0.025));
#9591=CARTESIAN_POINT('',(0.0265296606772099,0.0179999999999986,0.025));
#9592=CARTESIAN_POINT('',(0.0269230444728337,0.0128213405108019,0.025));
#9593=CARTESIAN_POINT('',(0.0271893666982531,0.00799655809357164,0.025));
#9594=CARTESIAN_POINT('',(0.0273545693610265,0.00367573012702713,0.025));
#9595=CARTESIAN_POINT('',(0.0274366252124309,0.,0.025));
#9596=CARTESIAN_POINT('',(0.0265296606772099,0.018,0.025));
#9597=CARTESIAN_POINT('',(0.0265296606772099,0.018,0.027));
#9598=CARTESIAN_POINT('',(0.0265296606772099,0.018,0.027));
#9599=CARTESIAN_POINT('',(0.0265296606772099,0.0179999999999986,0.027));
#9600=CARTESIAN_POINT('',(0.0269230444728337,0.0128213405108019,0.027));
#9601=CARTESIAN_POINT('',(0.0271893666982531,0.00799655809357164,0.027));
#9602=CARTESIAN_POINT('',(0.0273545693610265,0.00367573012702713,0.027));
#9603=CARTESIAN_POINT('',(0.0274366252124309,0.,0.027));
#9604=CARTESIAN_POINT('',(0.0247174921658115,0.018,0.027));
#9605=CARTESIAN_POINT('',(0.0247174921658115,0.018,0.025));
#9606=CARTESIAN_POINT('',(0.0229053236544132,0.018,0.025));
#9607=CARTESIAN_POINT('',(0.0229053236544132,0.018,0.027));
#9608=CARTESIAN_POINT('',(0.0229053236544132,0.018,0.027));
#9609=CARTESIAN_POINT('',(0.0247174921658115,0.018,0.027));
#9610=CARTESIAN_POINT('',(0.023252977989614,0.0195,0.027));
#9611=CARTESIAN_POINT('',(0.023252977989614,0.0195,0.025));
#9612=CARTESIAN_POINT('',(0.023252977989614,0.0195,0.027));
#9613=CARTESIAN_POINT('',(0.,0.0440825765114939,0.027));
#9614=CARTESIAN_POINT('',(0.,0.0440825765114939,0.025));
#9615=CARTESIAN_POINT('',(0.0194707908876891,0.00599612122512633,0.01923538216832));
#9616=MECHANICAL_DESIGN_GEOMETRIC_PRESENTATION_REPRESENTATION('',(#5491,
#5492,#5493,#5494,#5495,#5496),#9617);
#9617=(
GEOMETRIC_REPRESENTATION_CONTEXT(3)
GLOBAL_UNCERTAINTY_ASSIGNED_CONTEXT((#9624))
GLOBAL_UNIT_ASSIGNED_CONTEXT((#9633,#9632,#9631))
REPRESENTATION_CONTEXT('??','TOP_LEVEL_ASSEMBLY_PART')
);
#9618=(
GEOMETRIC_REPRESENTATION_CONTEXT(3)
GLOBAL_UNCERTAINTY_ASSIGNED_CONTEXT((#9625))
GLOBAL_UNIT_ASSIGNED_CONTEXT((#9633,#9632,#9631))
REPRESENTATION_CONTEXT('Part 1','COMPONENT_PART')
);
#9619=(
GEOMETRIC_REPRESENTATION_CONTEXT(3)
GLOBAL_UNCERTAINTY_ASSIGNED_CONTEXT((#9626))
GLOBAL_UNIT_ASSIGNED_CONTEXT((#9633,#9632,#9631))
REPRESENTATION_CONTEXT('Part 2','COMPONENT_PART')
);
#9620=(
GEOMETRIC_REPRESENTATION_CONTEXT(3)
GLOBAL_UNCERTAINTY_ASSIGNED_CONTEXT((#9627))
GLOBAL_UNIT_ASSIGNED_CONTEXT((#9633,#9632,#9631))
REPRESENTATION_CONTEXT('Part 1','COMPONENT_PART')
);
#9621=(
GEOMETRIC_REPRESENTATION_CONTEXT(3)
GLOBAL_UNCERTAINTY_ASSIGNED_CONTEXT((#9628))
GLOBAL_UNIT_ASSIGNED_CONTEXT((#9633,#9632,#9631))
REPRESENTATION_CONTEXT('Part 1','COMPONENT_PART')
);
#9622=(
GEOMETRIC_REPRESENTATION_CONTEXT(3)
GLOBAL_UNCERTAINTY_ASSIGNED_CONTEXT((#9629))
GLOBAL_UNIT_ASSIGNED_CONTEXT((#9633,#9632,#9631))
REPRESENTATION_CONTEXT('Part 1','COMPONENT_PART')
);
#9623=(
GEOMETRIC_REPRESENTATION_CONTEXT(3)
GLOBAL_UNCERTAINTY_ASSIGNED_CONTEXT((#9630))
GLOBAL_UNIT_ASSIGNED_CONTEXT((#9633,#9632,#9631))
REPRESENTATION_CONTEXT('Part 3','COMPONENT_PART')
);
#9624=UNCERTAINTY_MEASURE_WITH_UNIT(LENGTH_MEASURE(1.E-8),#9633,
'DISTANCE_ACCURACY_VALUE','Maximum Tolerance applied to model');
#9625=UNCERTAINTY_MEASURE_WITH_UNIT(LENGTH_MEASURE(1.E-8),#9633,
'DISTANCE_ACCURACY_VALUE','Maximum Tolerance applied to model');
#9626=UNCERTAINTY_MEASURE_WITH_UNIT(LENGTH_MEASURE(2.E-5),#9633,
'DISTANCE_ACCURACY_VALUE','Maximum Tolerance applied to model');
#9627=UNCERTAINTY_MEASURE_WITH_UNIT(LENGTH_MEASURE(3.163754935313E-5),#9633,
'DISTANCE_ACCURACY_VALUE','Maximum Tolerance applied to model');
#9628=UNCERTAINTY_MEASURE_WITH_UNIT(LENGTH_MEASURE(2.E-5),#9633,
'DISTANCE_ACCURACY_VALUE','Maximum Tolerance applied to model');
#9629=UNCERTAINTY_MEASURE_WITH_UNIT(LENGTH_MEASURE(1.E-8),#9633,
'DISTANCE_ACCURACY_VALUE','Maximum Tolerance applied to model');
#9630=UNCERTAINTY_MEASURE_WITH_UNIT(LENGTH_MEASURE(2.E-5),#9633,
'DISTANCE_ACCURACY_VALUE','Maximum Tolerance applied to model');
#9631=(
NAMED_UNIT(*)
SI_UNIT($,.STERADIAN.)
SOLID_ANGLE_UNIT()
);
#9632=(
NAMED_UNIT(*)
PLANE_ANGLE_UNIT()
SI_UNIT($,.RADIAN.)
);
#9633=(
LENGTH_UNIT()
NAMED_UNIT(*)
SI_UNIT($,.METRE.)
);
#9634=PRODUCT_DEFINITION_SHAPE('','',#9647);
#9635=PRODUCT_DEFINITION_SHAPE('','',#9648);
#9636=PRODUCT_DEFINITION_SHAPE(' ','NAUO PRDDFN',#68);
#9637=PRODUCT_DEFINITION_SHAPE('','',#9649);
#9638=PRODUCT_DEFINITION_SHAPE(' ','NAUO PRDDFN',#69);
#9639=PRODUCT_DEFINITION_SHAPE('','',#9650);
#9640=PRODUCT_DEFINITION_SHAPE(' ','NAUO PRDDFN',#70);
#9641=PRODUCT_DEFINITION_SHAPE('','',#9651);
#9642=PRODUCT_DEFINITION_SHAPE(' ','NAUO PRDDFN',#71);
#9643=PRODUCT_DEFINITION_SHAPE('','',#9652);
#9644=PRODUCT_DEFINITION_SHAPE(' ','NAUO PRDDFN',#72);
#9645=PRODUCT_DEFINITION_SHAPE('','',#9653);
#9646=PRODUCT_DEFINITION_SHAPE(' ','NAUO PRDDFN',#73);
#9647=PRODUCT_DEFINITION('','',#9661,#9654);
#9648=PRODUCT_DEFINITION('','',#9662,#9655);
#9649=PRODUCT_DEFINITION('','',#9663,#9656);
#9650=PRODUCT_DEFINITION('','',#9664,#9657);
#9651=PRODUCT_DEFINITION('','',#9665,#9658);
#9652=PRODUCT_DEFINITION('','',#9666,#9659);
#9653=PRODUCT_DEFINITION('','',#9667,#9660);
#9654=PRODUCT_DEFINITION_CONTEXT('',#9697,'design');
#9655=PRODUCT_DEFINITION_CONTEXT('',#9697,'design');
#9656=PRODUCT_DEFINITION_CONTEXT('',#9697,'design');
#9657=PRODUCT_DEFINITION_CONTEXT('',#9697,'design');
#9658=PRODUCT_DEFINITION_CONTEXT('',#9697,'design');
#9659=PRODUCT_DEFINITION_CONTEXT('',#9697,'design');
#9660=PRODUCT_DEFINITION_CONTEXT('',#9697,'design');
#9661=PRODUCT_DEFINITION_FORMATION_WITH_SPECIFIED_SOURCE('','',#9675,
 .NOT_KNOWN.);
#9662=PRODUCT_DEFINITION_FORMATION_WITH_SPECIFIED_SOURCE('','',#9676,
 .NOT_KNOWN.);
#9663=PRODUCT_DEFINITION_FORMATION_WITH_SPECIFIED_SOURCE('','',#9677,
 .NOT_KNOWN.);
#9664=PRODUCT_DEFINITION_FORMATION_WITH_SPECIFIED_SOURCE('','',#9678,
 .NOT_KNOWN.);
#9665=PRODUCT_DEFINITION_FORMATION_WITH_SPECIFIED_SOURCE('','',#9679,
 .NOT_KNOWN.);
#9666=PRODUCT_DEFINITION_FORMATION_WITH_SPECIFIED_SOURCE('','',#9680,
 .NOT_KNOWN.);
#9667=PRODUCT_DEFINITION_FORMATION_WITH_SPECIFIED_SOURCE('','',#9681,
 .NOT_KNOWN.);
#9668=PRODUCT_RELATED_PRODUCT_CATEGORY('','',(#9675));
#9669=PRODUCT_RELATED_PRODUCT_CATEGORY('','',(#9676));
#9670=PRODUCT_RELATED_PRODUCT_CATEGORY('','',(#9677));
#9671=PRODUCT_RELATED_PRODUCT_CATEGORY('','',(#9678));
#9672=PRODUCT_RELATED_PRODUCT_CATEGORY('','',(#9679));
#9673=PRODUCT_RELATED_PRODUCT_CATEGORY('','',(#9680));
#9674=PRODUCT_RELATED_PRODUCT_CATEGORY('','',(#9681));
#9675=PRODUCT('??','??','??',(#9689));
#9676=PRODUCT('Part 1','Part 1','Part 1',(#9690));
#9677=PRODUCT('Part 2','Part 2','Part 2',(#9691));
#9678=PRODUCT('Part 1','Part 1','Part 1',(#9692));
#9679=PRODUCT('Part 1','Part 1','Part 1',(#9693));
#9680=PRODUCT('Part 1','Part 1','Part 1',(#9694));
#9681=PRODUCT('Part 3','Part 3','Part 3',(#9695));
#9682=PRODUCT_CATEGORY('','');
#9683=PRODUCT_CATEGORY('','');
#9684=PRODUCT_CATEGORY('','');
#9685=PRODUCT_CATEGORY('','');
#9686=PRODUCT_CATEGORY('','');
#9687=PRODUCT_CATEGORY('','');
#9688=PRODUCT_CATEGORY('','');
#9689=PRODUCT_CONTEXT('',#9697,'mechanical');
#9690=PRODUCT_CONTEXT('',#9697,'mechanical');
#9691=PRODUCT_CONTEXT('',#9697,'mechanical');
#9692=PRODUCT_CONTEXT('',#9697,'mechanical');
#9693=PRODUCT_CONTEXT('',#9697,'mechanical');
#9694=PRODUCT_CONTEXT('',#9697,'mechanical');
#9695=PRODUCT_CONTEXT('',#9697,'mechanical');
#9696=APPLICATION_PROTOCOL_DEFINITION('international standard',
'ap242_managed_model_based_3d_engineering',2020,#9697);
#9697=APPLICATION_CONTEXT('managed model based 3d engineering');
ENDSEC;
END-ISO-10303-21;
